Tracing function "readRDS" in package "base"
[1] "readRDS"
Tracing function "loadNamespace" in package "base"
[1] "loadNamespace"
readRDS: /quobyte/lasallegrp/projects/CHDS/WGBS/2025_intergen_BrCa_comethyl_George/reproducibility/pixi/.pixi/envs/default/lib/R/library/comethyl/Meta/package.rds 
readRDS: /quobyte/lasallegrp/projects/CHDS/WGBS/2025_intergen_BrCa_comethyl_George/reproducibility/pixi/.pixi/envs/default/lib/R/library/comethyl/Meta/package.rds 
readRDS: /quobyte/lasallegrp/projects/CHDS/WGBS/2025_intergen_BrCa_comethyl_George/reproducibility/pixi/.pixi/envs/default/lib/R/library/comethyl/Meta/package.rds 
loadNamespace: comethyl 
readRDS: /quobyte/lasallegrp/projects/CHDS/WGBS/2025_intergen_BrCa_comethyl_George/reproducibility/pixi/.pixi/envs/default/lib/R/library/comethyl/Meta/package.rds 
readRDS: /quobyte/lasallegrp/projects/CHDS/WGBS/2025_intergen_BrCa_comethyl_George/reproducibility/pixi/.pixi/envs/default/lib/R/library/comethyl/Meta/nsInfo.rds 
readRDS: /quobyte/lasallegrp/projects/CHDS/WGBS/2025_intergen_BrCa_comethyl_George/reproducibility/pixi/.pixi/envs/default/lib/R/library/comethyl/Meta/package.rds 
readRDS: /quobyte/lasallegrp/projects/CHDS/WGBS/2025_intergen_BrCa_comethyl_George/reproducibility/pixi/.pixi/envs/default/lib/R/library/comethyl/Meta/features.rds 
loadNamespace: GenomicRanges 
readRDS: /quobyte/lasallegrp/projects/CHDS/WGBS/2025_intergen_BrCa_comethyl_George/reproducibility/pixi/.pixi/envs/default/lib/R/library/GenomicRanges/Meta/package.rds 
readRDS: /quobyte/lasallegrp/projects/CHDS/WGBS/2025_intergen_BrCa_comethyl_George/reproducibility/pixi/.pixi/envs/default/lib/R/library/GenomicRanges/Meta/nsInfo.rds 
readRDS: /quobyte/lasallegrp/projects/CHDS/WGBS/2025_intergen_BrCa_comethyl_George/reproducibility/pixi/.pixi/envs/default/lib/R/library/GenomicRanges/Meta/package.rds 
loadNamespace: methods 
readRDS: /quobyte/lasallegrp/projects/CHDS/WGBS/2025_intergen_BrCa_comethyl_George/reproducibility/pixi/.pixi/envs/default/lib/R/library/GenomicRanges/Meta/features.rds 
loadNamespace: methods 
loadNamespace: utils 
loadNamespace: stats 
loadNamespace: stats4 
readRDS: /quobyte/lasallegrp/projects/CHDS/WGBS/2025_intergen_BrCa_comethyl_George/reproducibility/pixi/.pixi/envs/default/lib/R/library/stats4/Meta/nsInfo.rds 
readRDS: /quobyte/lasallegrp/projects/CHDS/WGBS/2025_intergen_BrCa_comethyl_George/reproducibility/pixi/.pixi/envs/default/lib/R/library/stats4/Meta/package.rds 
readRDS: /quobyte/lasallegrp/projects/CHDS/WGBS/2025_intergen_BrCa_comethyl_George/reproducibility/pixi/.pixi/envs/default/lib/R/library/stats4/Meta/features.rds 
loadNamespace: grDevices 
loadNamespace: graphics 
loadNamespace: methods 
loadNamespace: stats 
loadNamespace: stats 
loadNamespace: BiocGenerics 
readRDS: /quobyte/lasallegrp/projects/CHDS/WGBS/2025_intergen_BrCa_comethyl_George/reproducibility/pixi/.pixi/envs/default/lib/R/library/BiocGenerics/Meta/package.rds 
readRDS: /quobyte/lasallegrp/projects/CHDS/WGBS/2025_intergen_BrCa_comethyl_George/reproducibility/pixi/.pixi/envs/default/lib/R/library/BiocGenerics/Meta/nsInfo.rds 
readRDS: /quobyte/lasallegrp/projects/CHDS/WGBS/2025_intergen_BrCa_comethyl_George/reproducibility/pixi/.pixi/envs/default/lib/R/library/BiocGenerics/Meta/package.rds 
loadNamespace: methods 
readRDS: /quobyte/lasallegrp/projects/CHDS/WGBS/2025_intergen_BrCa_comethyl_George/reproducibility/pixi/.pixi/envs/default/lib/R/library/BiocGenerics/Meta/features.rds 
loadNamespace: methods 
loadNamespace: utils 
loadNamespace: graphics 
loadNamespace: stats 
loadNamespace: S4Vectors 
readRDS: /quobyte/lasallegrp/projects/CHDS/WGBS/2025_intergen_BrCa_comethyl_George/reproducibility/pixi/.pixi/envs/default/lib/R/library/S4Vectors/Meta/package.rds 
readRDS: /quobyte/lasallegrp/projects/CHDS/WGBS/2025_intergen_BrCa_comethyl_George/reproducibility/pixi/.pixi/envs/default/lib/R/library/S4Vectors/Meta/nsInfo.rds 
readRDS: /quobyte/lasallegrp/projects/CHDS/WGBS/2025_intergen_BrCa_comethyl_George/reproducibility/pixi/.pixi/envs/default/lib/R/library/S4Vectors/Meta/package.rds 
loadNamespace: methods 
readRDS: /quobyte/lasallegrp/projects/CHDS/WGBS/2025_intergen_BrCa_comethyl_George/reproducibility/pixi/.pixi/envs/default/lib/R/library/S4Vectors/Meta/features.rds 
loadNamespace: methods 
loadNamespace: utils 
loadNamespace: stats 
loadNamespace: stats4 
loadNamespace: BiocGenerics 
readRDS: /quobyte/lasallegrp/projects/CHDS/WGBS/2025_intergen_BrCa_comethyl_George/reproducibility/pixi/.pixi/envs/default/lib/R/library/S4Vectors/Meta/package.rds 
loadNamespace: IRanges 
readRDS: /quobyte/lasallegrp/projects/CHDS/WGBS/2025_intergen_BrCa_comethyl_George/reproducibility/pixi/.pixi/envs/default/lib/R/library/IRanges/Meta/package.rds 
readRDS: /quobyte/lasallegrp/projects/CHDS/WGBS/2025_intergen_BrCa_comethyl_George/reproducibility/pixi/.pixi/envs/default/lib/R/library/IRanges/Meta/nsInfo.rds 
readRDS: /quobyte/lasallegrp/projects/CHDS/WGBS/2025_intergen_BrCa_comethyl_George/reproducibility/pixi/.pixi/envs/default/lib/R/library/IRanges/Meta/package.rds 
loadNamespace: methods 
readRDS: /quobyte/lasallegrp/projects/CHDS/WGBS/2025_intergen_BrCa_comethyl_George/reproducibility/pixi/.pixi/envs/default/lib/R/library/IRanges/Meta/features.rds 
loadNamespace: methods 
loadNamespace: utils 
loadNamespace: stats 
loadNamespace: BiocGenerics 
loadNamespace: S4Vectors 
loadNamespace: stats4 
readRDS: /quobyte/lasallegrp/projects/CHDS/WGBS/2025_intergen_BrCa_comethyl_George/reproducibility/pixi/.pixi/envs/default/lib/R/library/IRanges/Meta/package.rds 
loadNamespace: GenomeInfoDb 
readRDS: /quobyte/lasallegrp/projects/CHDS/WGBS/2025_intergen_BrCa_comethyl_George/reproducibility/pixi/.pixi/envs/default/lib/R/library/GenomeInfoDb/Meta/package.rds 
readRDS: /quobyte/lasallegrp/projects/CHDS/WGBS/2025_intergen_BrCa_comethyl_George/reproducibility/pixi/.pixi/envs/default/lib/R/library/GenomeInfoDb/Meta/nsInfo.rds 
readRDS: /quobyte/lasallegrp/projects/CHDS/WGBS/2025_intergen_BrCa_comethyl_George/reproducibility/pixi/.pixi/envs/default/lib/R/library/GenomeInfoDb/Meta/package.rds 
loadNamespace: methods 
readRDS: /quobyte/lasallegrp/projects/CHDS/WGBS/2025_intergen_BrCa_comethyl_George/reproducibility/pixi/.pixi/envs/default/lib/R/library/GenomeInfoDb/Meta/features.rds 
loadNamespace: methods 
loadNamespace: utils 
loadNamespace: stats 
loadNamespace: stats4 
loadNamespace: RCurl 
readRDS: /quobyte/lasallegrp/projects/CHDS/WGBS/2025_intergen_BrCa_comethyl_George/reproducibility/pixi/.pixi/envs/default/lib/R/library/RCurl/Meta/package.rds 
readRDS: /quobyte/lasallegrp/projects/CHDS/WGBS/2025_intergen_BrCa_comethyl_George/reproducibility/pixi/.pixi/envs/default/lib/R/library/RCurl/Meta/nsInfo.rds 
readRDS: /quobyte/lasallegrp/projects/CHDS/WGBS/2025_intergen_BrCa_comethyl_George/reproducibility/pixi/.pixi/envs/default/lib/R/library/RCurl/Meta/package.rds 
loadNamespace: methods 
readRDS: /quobyte/lasallegrp/projects/CHDS/WGBS/2025_intergen_BrCa_comethyl_George/reproducibility/pixi/.pixi/envs/default/lib/R/library/RCurl/Meta/features.rds 
loadNamespace: methods 
loadNamespace: bitops 
readRDS: /quobyte/lasallegrp/projects/CHDS/WGBS/2025_intergen_BrCa_comethyl_George/reproducibility/pixi/.pixi/envs/default/lib/R/library/bitops/Meta/package.rds 
readRDS: /quobyte/lasallegrp/projects/CHDS/WGBS/2025_intergen_BrCa_comethyl_George/reproducibility/pixi/.pixi/envs/default/lib/R/library/bitops/Meta/nsInfo.rds 
readRDS: /quobyte/lasallegrp/projects/CHDS/WGBS/2025_intergen_BrCa_comethyl_George/reproducibility/pixi/.pixi/envs/default/lib/R/library/bitops/Meta/package.rds 
readRDS: /quobyte/lasallegrp/projects/CHDS/WGBS/2025_intergen_BrCa_comethyl_George/reproducibility/pixi/.pixi/envs/default/lib/R/library/bitops/Meta/features.rds 
readRDS: /quobyte/lasallegrp/projects/CHDS/WGBS/2025_intergen_BrCa_comethyl_George/reproducibility/pixi/.pixi/envs/default/lib/R/library/bitops/Meta/package.rds 
loadNamespace: utils 
readRDS: /quobyte/lasallegrp/projects/CHDS/WGBS/2025_intergen_BrCa_comethyl_George/reproducibility/pixi/.pixi/envs/default/lib/R/library/RCurl/Meta/package.rds 
loadNamespace: BiocGenerics 
loadNamespace: S4Vectors 
loadNamespace: IRanges 
loadNamespace: GenomeInfoDbData 
readRDS: /quobyte/lasallegrp/projects/CHDS/WGBS/2025_intergen_BrCa_comethyl_George/reproducibility/pixi/.pixi/envs/default/lib/R/library/GenomeInfoDbData/Meta/package.rds 
readRDS: /quobyte/lasallegrp/projects/CHDS/WGBS/2025_intergen_BrCa_comethyl_George/reproducibility/pixi/.pixi/envs/default/lib/R/library/GenomeInfoDbData/Meta/nsInfo.rds 
readRDS: /quobyte/lasallegrp/projects/CHDS/WGBS/2025_intergen_BrCa_comethyl_George/reproducibility/pixi/.pixi/envs/default/lib/R/library/GenomeInfoDbData/Meta/package.rds 
readRDS: /quobyte/lasallegrp/projects/CHDS/WGBS/2025_intergen_BrCa_comethyl_George/reproducibility/pixi/.pixi/envs/default/lib/R/library/GenomeInfoDbData/Meta/features.rds 
loadNamespace: XVector 
readRDS: /quobyte/lasallegrp/projects/CHDS/WGBS/2025_intergen_BrCa_comethyl_George/reproducibility/pixi/.pixi/envs/default/lib/R/library/XVector/Meta/package.rds 
readRDS: /quobyte/lasallegrp/projects/CHDS/WGBS/2025_intergen_BrCa_comethyl_George/reproducibility/pixi/.pixi/envs/default/lib/R/library/XVector/Meta/nsInfo.rds 
readRDS: /quobyte/lasallegrp/projects/CHDS/WGBS/2025_intergen_BrCa_comethyl_George/reproducibility/pixi/.pixi/envs/default/lib/R/library/XVector/Meta/package.rds 
loadNamespace: methods 
readRDS: /quobyte/lasallegrp/projects/CHDS/WGBS/2025_intergen_BrCa_comethyl_George/reproducibility/pixi/.pixi/envs/default/lib/R/library/XVector/Meta/features.rds 
loadNamespace: methods 
loadNamespace: utils 
loadNamespace: tools 
readRDS: /quobyte/lasallegrp/projects/CHDS/WGBS/2025_intergen_BrCa_comethyl_George/reproducibility/pixi/.pixi/envs/default/lib/R/library/tools/Meta/nsInfo.rds 
readRDS: /quobyte/lasallegrp/projects/CHDS/WGBS/2025_intergen_BrCa_comethyl_George/reproducibility/pixi/.pixi/envs/default/lib/R/library/tools/Meta/package.rds 
readRDS: /quobyte/lasallegrp/projects/CHDS/WGBS/2025_intergen_BrCa_comethyl_George/reproducibility/pixi/.pixi/envs/default/lib/R/library/tools/Meta/features.rds 
loadNamespace: zlibbioc 
readRDS: /quobyte/lasallegrp/projects/CHDS/WGBS/2025_intergen_BrCa_comethyl_George/reproducibility/pixi/.pixi/envs/default/lib/R/library/zlibbioc/Meta/package.rds 
readRDS: /quobyte/lasallegrp/projects/CHDS/WGBS/2025_intergen_BrCa_comethyl_George/reproducibility/pixi/.pixi/envs/default/lib/R/library/zlibbioc/Meta/nsInfo.rds 
readRDS: /quobyte/lasallegrp/projects/CHDS/WGBS/2025_intergen_BrCa_comethyl_George/reproducibility/pixi/.pixi/envs/default/lib/R/library/zlibbioc/Meta/package.rds 
readRDS: /quobyte/lasallegrp/projects/CHDS/WGBS/2025_intergen_BrCa_comethyl_George/reproducibility/pixi/.pixi/envs/default/lib/R/library/zlibbioc/Meta/features.rds 
loadNamespace: BiocGenerics 
loadNamespace: S4Vectors 
loadNamespace: IRanges 
readRDS: /quobyte/lasallegrp/projects/CHDS/WGBS/2025_intergen_BrCa_comethyl_George/reproducibility/pixi/.pixi/envs/default/lib/R/library/XVector/Meta/package.rds 
readRDS: /quobyte/lasallegrp/projects/CHDS/WGBS/2025_intergen_BrCa_comethyl_George/reproducibility/pixi/.pixi/envs/default/lib/R/library/GenomicRanges/Meta/package.rds 
loadNamespace: WGCNA 
readRDS: /quobyte/lasallegrp/projects/CHDS/WGBS/2025_intergen_BrCa_comethyl_George/reproducibility/pixi/.pixi/envs/default/lib/R/library/WGCNA/Meta/package.rds 
readRDS: /quobyte/lasallegrp/projects/CHDS/WGBS/2025_intergen_BrCa_comethyl_George/reproducibility/pixi/.pixi/envs/default/lib/R/library/WGCNA/Meta/nsInfo.rds 
readRDS: /quobyte/lasallegrp/projects/CHDS/WGBS/2025_intergen_BrCa_comethyl_George/reproducibility/pixi/.pixi/envs/default/lib/R/library/WGCNA/Meta/package.rds 
readRDS: /quobyte/lasallegrp/projects/CHDS/WGBS/2025_intergen_BrCa_comethyl_George/reproducibility/pixi/.pixi/envs/default/lib/R/library/WGCNA/Meta/features.rds 
loadNamespace: Rcpp 
readRDS: /quobyte/lasallegrp/projects/CHDS/WGBS/2025_intergen_BrCa_comethyl_George/reproducibility/pixi/.pixi/envs/default/lib/R/library/Rcpp/Meta/package.rds 
readRDS: /quobyte/lasallegrp/projects/CHDS/WGBS/2025_intergen_BrCa_comethyl_George/reproducibility/pixi/.pixi/envs/default/lib/R/library/Rcpp/Meta/nsInfo.rds 
readRDS: /quobyte/lasallegrp/projects/CHDS/WGBS/2025_intergen_BrCa_comethyl_George/reproducibility/pixi/.pixi/envs/default/lib/R/library/Rcpp/Meta/package.rds 
readRDS: /quobyte/lasallegrp/projects/CHDS/WGBS/2025_intergen_BrCa_comethyl_George/reproducibility/pixi/.pixi/envs/default/lib/R/library/Rcpp/Meta/features.rds 
loadNamespace: methods 
loadNamespace: utils 
readRDS: /quobyte/lasallegrp/projects/CHDS/WGBS/2025_intergen_BrCa_comethyl_George/reproducibility/pixi/.pixi/envs/default/lib/R/library/Rcpp/Meta/package.rds 
loadNamespace: foreach 
readRDS: /quobyte/lasallegrp/projects/CHDS/WGBS/2025_intergen_BrCa_comethyl_George/reproducibility/pixi/.pixi/envs/default/lib/R/library/foreach/Meta/package.rds 
readRDS: /quobyte/lasallegrp/projects/CHDS/WGBS/2025_intergen_BrCa_comethyl_George/reproducibility/pixi/.pixi/envs/default/lib/R/library/foreach/Meta/nsInfo.rds 
readRDS: /quobyte/lasallegrp/projects/CHDS/WGBS/2025_intergen_BrCa_comethyl_George/reproducibility/pixi/.pixi/envs/default/lib/R/library/foreach/Meta/package.rds 
readRDS: /quobyte/lasallegrp/projects/CHDS/WGBS/2025_intergen_BrCa_comethyl_George/reproducibility/pixi/.pixi/envs/default/lib/R/library/foreach/Meta/features.rds 
loadNamespace: iterators 
readRDS: /quobyte/lasallegrp/projects/CHDS/WGBS/2025_intergen_BrCa_comethyl_George/reproducibility/pixi/.pixi/envs/default/lib/R/library/iterators/Meta/package.rds 
readRDS: /quobyte/lasallegrp/projects/CHDS/WGBS/2025_intergen_BrCa_comethyl_George/reproducibility/pixi/.pixi/envs/default/lib/R/library/iterators/Meta/nsInfo.rds 
readRDS: /quobyte/lasallegrp/projects/CHDS/WGBS/2025_intergen_BrCa_comethyl_George/reproducibility/pixi/.pixi/envs/default/lib/R/library/iterators/Meta/package.rds 
readRDS: /quobyte/lasallegrp/projects/CHDS/WGBS/2025_intergen_BrCa_comethyl_George/reproducibility/pixi/.pixi/envs/default/lib/R/library/iterators/Meta/features.rds 
loadNamespace: codetools 
readRDS: /quobyte/lasallegrp/projects/CHDS/WGBS/2025_intergen_BrCa_comethyl_George/reproducibility/pixi/.pixi/envs/default/lib/R/library/codetools/Meta/package.rds 
readRDS: /quobyte/lasallegrp/projects/CHDS/WGBS/2025_intergen_BrCa_comethyl_George/reproducibility/pixi/.pixi/envs/default/lib/R/library/codetools/Meta/nsInfo.rds 
readRDS: /quobyte/lasallegrp/projects/CHDS/WGBS/2025_intergen_BrCa_comethyl_George/reproducibility/pixi/.pixi/envs/default/lib/R/library/codetools/Meta/package.rds 
readRDS: /quobyte/lasallegrp/projects/CHDS/WGBS/2025_intergen_BrCa_comethyl_George/reproducibility/pixi/.pixi/envs/default/lib/R/library/codetools/Meta/features.rds 
loadNamespace: utils 
loadNamespace: doParallel 
readRDS: /quobyte/lasallegrp/projects/CHDS/WGBS/2025_intergen_BrCa_comethyl_George/reproducibility/pixi/.pixi/envs/default/lib/R/library/doParallel/Meta/package.rds 
readRDS: /quobyte/lasallegrp/projects/CHDS/WGBS/2025_intergen_BrCa_comethyl_George/reproducibility/pixi/.pixi/envs/default/lib/R/library/doParallel/Meta/nsInfo.rds 
readRDS: /quobyte/lasallegrp/projects/CHDS/WGBS/2025_intergen_BrCa_comethyl_George/reproducibility/pixi/.pixi/envs/default/lib/R/library/doParallel/Meta/package.rds 
readRDS: /quobyte/lasallegrp/projects/CHDS/WGBS/2025_intergen_BrCa_comethyl_George/reproducibility/pixi/.pixi/envs/default/lib/R/library/doParallel/Meta/features.rds 
loadNamespace: utils 
loadNamespace: foreach 
loadNamespace: iterators 
loadNamespace: parallel 
readRDS: /quobyte/lasallegrp/projects/CHDS/WGBS/2025_intergen_BrCa_comethyl_George/reproducibility/pixi/.pixi/envs/default/lib/R/library/parallel/Meta/nsInfo.rds 
readRDS: /quobyte/lasallegrp/projects/CHDS/WGBS/2025_intergen_BrCa_comethyl_George/reproducibility/pixi/.pixi/envs/default/lib/R/library/parallel/Meta/package.rds 
readRDS: /quobyte/lasallegrp/projects/CHDS/WGBS/2025_intergen_BrCa_comethyl_George/reproducibility/pixi/.pixi/envs/default/lib/R/library/parallel/Meta/features.rds 
loadNamespace: dynamicTreeCut 
readRDS: /quobyte/lasallegrp/projects/CHDS/WGBS/2025_intergen_BrCa_comethyl_George/reproducibility/pixi/.pixi/envs/default/lib/R/library/dynamicTreeCut/Meta/package.rds 
readRDS: /quobyte/lasallegrp/projects/CHDS/WGBS/2025_intergen_BrCa_comethyl_George/reproducibility/pixi/.pixi/envs/default/lib/R/library/dynamicTreeCut/Meta/nsInfo.rds 
readRDS: /quobyte/lasallegrp/projects/CHDS/WGBS/2025_intergen_BrCa_comethyl_George/reproducibility/pixi/.pixi/envs/default/lib/R/library/dynamicTreeCut/Meta/package.rds 
readRDS: /quobyte/lasallegrp/projects/CHDS/WGBS/2025_intergen_BrCa_comethyl_George/reproducibility/pixi/.pixi/envs/default/lib/R/library/dynamicTreeCut/Meta/features.rds 
loadNamespace: stats 
loadNamespace: utils 
loadNamespace: fastcluster 
readRDS: /quobyte/lasallegrp/projects/CHDS/WGBS/2025_intergen_BrCa_comethyl_George/reproducibility/pixi/.pixi/envs/default/lib/R/library/fastcluster/Meta/package.rds 
readRDS: /quobyte/lasallegrp/projects/CHDS/WGBS/2025_intergen_BrCa_comethyl_George/reproducibility/pixi/.pixi/envs/default/lib/R/library/fastcluster/Meta/nsInfo.rds 
readRDS: /quobyte/lasallegrp/projects/CHDS/WGBS/2025_intergen_BrCa_comethyl_George/reproducibility/pixi/.pixi/envs/default/lib/R/library/fastcluster/Meta/package.rds 
readRDS: /quobyte/lasallegrp/projects/CHDS/WGBS/2025_intergen_BrCa_comethyl_George/reproducibility/pixi/.pixi/envs/default/lib/R/library/fastcluster/Meta/features.rds 
readRDS: /quobyte/lasallegrp/projects/CHDS/WGBS/2025_intergen_BrCa_comethyl_George/reproducibility/pixi/.pixi/envs/default/lib/R/library/fastcluster/Meta/package.rds 
loadNamespace: GO.db 
readRDS: /quobyte/lasallegrp/projects/CHDS/WGBS/2025_intergen_BrCa_comethyl_George/reproducibility/pixi/.pixi/envs/default/lib/R/library/GO.db/Meta/package.rds 
readRDS: /quobyte/lasallegrp/projects/CHDS/WGBS/2025_intergen_BrCa_comethyl_George/reproducibility/pixi/.pixi/envs/default/lib/R/library/GO.db/Meta/nsInfo.rds 
readRDS: /quobyte/lasallegrp/projects/CHDS/WGBS/2025_intergen_BrCa_comethyl_George/reproducibility/pixi/.pixi/envs/default/lib/R/library/GO.db/Meta/package.rds 
loadNamespace: methods 
readRDS: /quobyte/lasallegrp/projects/CHDS/WGBS/2025_intergen_BrCa_comethyl_George/reproducibility/pixi/.pixi/envs/default/lib/R/library/GO.db/Meta/features.rds 
loadNamespace: methods 
loadNamespace: AnnotationDbi 
readRDS: /quobyte/lasallegrp/projects/CHDS/WGBS/2025_intergen_BrCa_comethyl_George/reproducibility/pixi/.pixi/envs/default/lib/R/library/AnnotationDbi/Meta/package.rds 
readRDS: /quobyte/lasallegrp/projects/CHDS/WGBS/2025_intergen_BrCa_comethyl_George/reproducibility/pixi/.pixi/envs/default/lib/R/library/AnnotationDbi/Meta/nsInfo.rds 
readRDS: /quobyte/lasallegrp/projects/CHDS/WGBS/2025_intergen_BrCa_comethyl_George/reproducibility/pixi/.pixi/envs/default/lib/R/library/AnnotationDbi/Meta/package.rds 
loadNamespace: methods 
readRDS: /quobyte/lasallegrp/projects/CHDS/WGBS/2025_intergen_BrCa_comethyl_George/reproducibility/pixi/.pixi/envs/default/lib/R/library/AnnotationDbi/Meta/features.rds 
loadNamespace: methods 
loadNamespace: stats 
loadNamespace: stats4 
loadNamespace: DBI 
readRDS: /quobyte/lasallegrp/projects/CHDS/WGBS/2025_intergen_BrCa_comethyl_George/reproducibility/pixi/.pixi/envs/default/lib/R/library/DBI/Meta/package.rds 
readRDS: /quobyte/lasallegrp/projects/CHDS/WGBS/2025_intergen_BrCa_comethyl_George/reproducibility/pixi/.pixi/envs/default/lib/R/library/DBI/Meta/nsInfo.rds 
readRDS: /quobyte/lasallegrp/projects/CHDS/WGBS/2025_intergen_BrCa_comethyl_George/reproducibility/pixi/.pixi/envs/default/lib/R/library/DBI/Meta/package.rds 
loadNamespace: methods 
readRDS: /quobyte/lasallegrp/projects/CHDS/WGBS/2025_intergen_BrCa_comethyl_George/reproducibility/pixi/.pixi/envs/default/lib/R/library/DBI/Meta/features.rds 
loadNamespace: methods 
loadNamespace: RSQLite 
readRDS: /quobyte/lasallegrp/projects/CHDS/WGBS/2025_intergen_BrCa_comethyl_George/reproducibility/pixi/.pixi/envs/default/lib/R/library/RSQLite/Meta/package.rds 
readRDS: /quobyte/lasallegrp/projects/CHDS/WGBS/2025_intergen_BrCa_comethyl_George/reproducibility/pixi/.pixi/envs/default/lib/R/library/RSQLite/Meta/nsInfo.rds 
readRDS: /quobyte/lasallegrp/projects/CHDS/WGBS/2025_intergen_BrCa_comethyl_George/reproducibility/pixi/.pixi/envs/default/lib/R/library/RSQLite/Meta/package.rds 
readRDS: /quobyte/lasallegrp/projects/CHDS/WGBS/2025_intergen_BrCa_comethyl_George/reproducibility/pixi/.pixi/envs/default/lib/R/library/RSQLite/Meta/features.rds 
loadNamespace: DBI 
loadNamespace: methods 
loadNamespace: rlang 
readRDS: /quobyte/lasallegrp/projects/CHDS/WGBS/2025_intergen_BrCa_comethyl_George/reproducibility/pixi/.pixi/envs/default/lib/R/library/rlang/Meta/package.rds 
readRDS: /quobyte/lasallegrp/projects/CHDS/WGBS/2025_intergen_BrCa_comethyl_George/reproducibility/pixi/.pixi/envs/default/lib/R/library/rlang/Meta/nsInfo.rds 
readRDS: /quobyte/lasallegrp/projects/CHDS/WGBS/2025_intergen_BrCa_comethyl_George/reproducibility/pixi/.pixi/envs/default/lib/R/library/rlang/Meta/package.rds 
readRDS: /quobyte/lasallegrp/projects/CHDS/WGBS/2025_intergen_BrCa_comethyl_George/reproducibility/pixi/.pixi/envs/default/lib/R/library/rlang/Meta/features.rds 
loadNamespace: stats 
loadNamespace: stats 
loadNamespace: utils 
loadNamespace: utils 
readRDS: /quobyte/lasallegrp/projects/CHDS/WGBS/2025_intergen_BrCa_comethyl_George/reproducibility/pixi/.pixi/envs/default/lib/R/library/rlang/Meta/package.rds 
readRDS: /quobyte/lasallegrp/projects/CHDS/WGBS/2025_intergen_BrCa_comethyl_George/reproducibility/pixi/.pixi/envs/default/lib/R/library/rlang/Meta/package.rds 
loadNamespace: cli 
readRDS: /quobyte/lasallegrp/projects/CHDS/WGBS/2025_intergen_BrCa_comethyl_George/reproducibility/pixi/.pixi/envs/default/lib/R/library/cli/Meta/package.rds 
readRDS: /quobyte/lasallegrp/projects/CHDS/WGBS/2025_intergen_BrCa_comethyl_George/reproducibility/pixi/.pixi/envs/default/lib/R/library/cli/Meta/nsInfo.rds 
readRDS: /quobyte/lasallegrp/projects/CHDS/WGBS/2025_intergen_BrCa_comethyl_George/reproducibility/pixi/.pixi/envs/default/lib/R/library/cli/Meta/package.rds 
readRDS: /quobyte/lasallegrp/projects/CHDS/WGBS/2025_intergen_BrCa_comethyl_George/reproducibility/pixi/.pixi/envs/default/lib/R/library/cli/Meta/features.rds 
loadNamespace: utils 
loadNamespace: utils 
readRDS: /quobyte/lasallegrp/projects/CHDS/WGBS/2025_intergen_BrCa_comethyl_George/reproducibility/pixi/.pixi/envs/default/lib/R/library/cli/Meta/package.rds 
readRDS: /quobyte/lasallegrp/projects/CHDS/WGBS/2025_intergen_BrCa_comethyl_George/reproducibility/pixi/.pixi/envs/default/lib/R/library/cli/Meta/package.rds 
readRDS: /quobyte/lasallegrp/projects/CHDS/WGBS/2025_intergen_BrCa_comethyl_George/reproducibility/pixi/.pixi/envs/default/lib/R/library/cli/Meta/package.rds 
loadNamespace: DBI 
loadNamespace: bit64 
readRDS: /quobyte/lasallegrp/projects/CHDS/WGBS/2025_intergen_BrCa_comethyl_George/reproducibility/pixi/.pixi/envs/default/lib/R/library/bit64/Meta/package.rds 
readRDS: /quobyte/lasallegrp/projects/CHDS/WGBS/2025_intergen_BrCa_comethyl_George/reproducibility/pixi/.pixi/envs/default/lib/R/library/bit64/Meta/nsInfo.rds 
readRDS: /quobyte/lasallegrp/projects/CHDS/WGBS/2025_intergen_BrCa_comethyl_George/reproducibility/pixi/.pixi/envs/default/lib/R/library/bit64/Meta/package.rds 
readRDS: /quobyte/lasallegrp/projects/CHDS/WGBS/2025_intergen_BrCa_comethyl_George/reproducibility/pixi/.pixi/envs/default/lib/R/library/bit64/Meta/features.rds 
loadNamespace: bit 
readRDS: /quobyte/lasallegrp/projects/CHDS/WGBS/2025_intergen_BrCa_comethyl_George/reproducibility/pixi/.pixi/envs/default/lib/R/library/bit/Meta/package.rds 
readRDS: /quobyte/lasallegrp/projects/CHDS/WGBS/2025_intergen_BrCa_comethyl_George/reproducibility/pixi/.pixi/envs/default/lib/R/library/bit/Meta/nsInfo.rds 
readRDS: /quobyte/lasallegrp/projects/CHDS/WGBS/2025_intergen_BrCa_comethyl_George/reproducibility/pixi/.pixi/envs/default/lib/R/library/bit/Meta/package.rds 
readRDS: /quobyte/lasallegrp/projects/CHDS/WGBS/2025_intergen_BrCa_comethyl_George/reproducibility/pixi/.pixi/envs/default/lib/R/library/bit/Meta/features.rds 
loadNamespace: utils 
loadNamespace: utils 
readRDS: /quobyte/lasallegrp/projects/CHDS/WGBS/2025_intergen_BrCa_comethyl_George/reproducibility/pixi/.pixi/envs/default/lib/R/library/bit/Meta/package.rds 
loadNamespace: bit 
loadNamespace: bit 
loadNamespace: bit 
loadNamespace: bit 
loadNamespace: bit 
loadNamespace: bit 
loadNamespace: bit 
loadNamespace: bit 
loadNamespace: bit 
loadNamespace: bit 
loadNamespace: bit 
loadNamespace: bit 
loadNamespace: bit 
loadNamespace: bit 
loadNamespace: bit 
loadNamespace: bit 
loadNamespace: bit 
loadNamespace: bit 
loadNamespace: bit 
loadNamespace: bit 
loadNamespace: bit 
loadNamespace: bit 
loadNamespace: bit 
loadNamespace: bit 
loadNamespace: bit 
loadNamespace: bit 
loadNamespace: graphics 
loadNamespace: graphics 
loadNamespace: graphics 
loadNamespace: methods 
loadNamespace: methods 
loadNamespace: stats 
loadNamespace: stats 
loadNamespace: stats 
loadNamespace: utils 
loadNamespace: utils 
loadNamespace: utils 
readRDS: /quobyte/lasallegrp/projects/CHDS/WGBS/2025_intergen_BrCa_comethyl_George/reproducibility/pixi/.pixi/envs/default/lib/R/library/bit64/Meta/package.rds 
loadNamespace: bit64 
loadNamespace: blob 
readRDS: /quobyte/lasallegrp/projects/CHDS/WGBS/2025_intergen_BrCa_comethyl_George/reproducibility/pixi/.pixi/envs/default/lib/R/library/blob/Meta/package.rds 
readRDS: /quobyte/lasallegrp/projects/CHDS/WGBS/2025_intergen_BrCa_comethyl_George/reproducibility/pixi/.pixi/envs/default/lib/R/library/blob/Meta/nsInfo.rds 
readRDS: /quobyte/lasallegrp/projects/CHDS/WGBS/2025_intergen_BrCa_comethyl_George/reproducibility/pixi/.pixi/envs/default/lib/R/library/blob/Meta/package.rds 
readRDS: /quobyte/lasallegrp/projects/CHDS/WGBS/2025_intergen_BrCa_comethyl_George/reproducibility/pixi/.pixi/envs/default/lib/R/library/blob/Meta/features.rds 
loadNamespace: rlang 
loadNamespace: vctrs 
readRDS: /quobyte/lasallegrp/projects/CHDS/WGBS/2025_intergen_BrCa_comethyl_George/reproducibility/pixi/.pixi/envs/default/lib/R/library/vctrs/Meta/package.rds 
readRDS: /quobyte/lasallegrp/projects/CHDS/WGBS/2025_intergen_BrCa_comethyl_George/reproducibility/pixi/.pixi/envs/default/lib/R/library/vctrs/Meta/nsInfo.rds 
readRDS: /quobyte/lasallegrp/projects/CHDS/WGBS/2025_intergen_BrCa_comethyl_George/reproducibility/pixi/.pixi/envs/default/lib/R/library/vctrs/Meta/package.rds 
readRDS: /quobyte/lasallegrp/projects/CHDS/WGBS/2025_intergen_BrCa_comethyl_George/reproducibility/pixi/.pixi/envs/default/lib/R/library/vctrs/Meta/features.rds 
loadNamespace: rlang 
loadNamespace: stats 
loadNamespace: stats 
loadNamespace: stats 
loadNamespace: stats 
loadNamespace: stats 
readRDS: /quobyte/lasallegrp/projects/CHDS/WGBS/2025_intergen_BrCa_comethyl_George/reproducibility/pixi/.pixi/envs/default/lib/R/library/vctrs/Meta/package.rds 
readRDS: /quobyte/lasallegrp/projects/CHDS/WGBS/2025_intergen_BrCa_comethyl_George/reproducibility/pixi/.pixi/envs/default/lib/R/library/vctrs/Meta/package.rds 
loadNamespace: methods 
readRDS: /quobyte/lasallegrp/projects/CHDS/WGBS/2025_intergen_BrCa_comethyl_George/reproducibility/pixi/.pixi/envs/default/lib/R/library/RSQLite/Meta/package.rds 
loadNamespace: memoise 
readRDS: /quobyte/lasallegrp/projects/CHDS/WGBS/2025_intergen_BrCa_comethyl_George/reproducibility/pixi/.pixi/envs/default/lib/R/library/memoise/Meta/package.rds 
readRDS: /quobyte/lasallegrp/projects/CHDS/WGBS/2025_intergen_BrCa_comethyl_George/reproducibility/pixi/.pixi/envs/default/lib/R/library/memoise/Meta/nsInfo.rds 
readRDS: /quobyte/lasallegrp/projects/CHDS/WGBS/2025_intergen_BrCa_comethyl_George/reproducibility/pixi/.pixi/envs/default/lib/R/library/memoise/Meta/package.rds 
readRDS: /quobyte/lasallegrp/projects/CHDS/WGBS/2025_intergen_BrCa_comethyl_George/reproducibility/pixi/.pixi/envs/default/lib/R/library/memoise/Meta/features.rds 
loadNamespace: cachem 
readRDS: /quobyte/lasallegrp/projects/CHDS/WGBS/2025_intergen_BrCa_comethyl_George/reproducibility/pixi/.pixi/envs/default/lib/R/library/cachem/Meta/package.rds 
readRDS: /quobyte/lasallegrp/projects/CHDS/WGBS/2025_intergen_BrCa_comethyl_George/reproducibility/pixi/.pixi/envs/default/lib/R/library/cachem/Meta/nsInfo.rds 
readRDS: /quobyte/lasallegrp/projects/CHDS/WGBS/2025_intergen_BrCa_comethyl_George/reproducibility/pixi/.pixi/envs/default/lib/R/library/cachem/Meta/package.rds 
readRDS: /quobyte/lasallegrp/projects/CHDS/WGBS/2025_intergen_BrCa_comethyl_George/reproducibility/pixi/.pixi/envs/default/lib/R/library/cachem/Meta/features.rds 
loadNamespace: fastmap 
readRDS: /quobyte/lasallegrp/projects/CHDS/WGBS/2025_intergen_BrCa_comethyl_George/reproducibility/pixi/.pixi/envs/default/lib/R/library/fastmap/Meta/package.rds 
readRDS: /quobyte/lasallegrp/projects/CHDS/WGBS/2025_intergen_BrCa_comethyl_George/reproducibility/pixi/.pixi/envs/default/lib/R/library/fastmap/Meta/nsInfo.rds 
readRDS: /quobyte/lasallegrp/projects/CHDS/WGBS/2025_intergen_BrCa_comethyl_George/reproducibility/pixi/.pixi/envs/default/lib/R/library/fastmap/Meta/package.rds 
readRDS: /quobyte/lasallegrp/projects/CHDS/WGBS/2025_intergen_BrCa_comethyl_George/reproducibility/pixi/.pixi/envs/default/lib/R/library/fastmap/Meta/features.rds 
readRDS: /quobyte/lasallegrp/projects/CHDS/WGBS/2025_intergen_BrCa_comethyl_George/reproducibility/pixi/.pixi/envs/default/lib/R/library/fastmap/Meta/package.rds 
loadNamespace: fastmap 
loadNamespace: fastmap 
loadNamespace: rlang 
loadNamespace: rlang 
loadNamespace: rlang 
loadNamespace: utils 
readRDS: /quobyte/lasallegrp/projects/CHDS/WGBS/2025_intergen_BrCa_comethyl_George/reproducibility/pixi/.pixi/envs/default/lib/R/library/cachem/Meta/package.rds 
loadNamespace: stats 
loadNamespace: BiocGenerics 
loadNamespace: Biobase 
readRDS: /quobyte/lasallegrp/projects/CHDS/WGBS/2025_intergen_BrCa_comethyl_George/reproducibility/pixi/.pixi/envs/default/lib/R/library/Biobase/Meta/package.rds 
readRDS: /quobyte/lasallegrp/projects/CHDS/WGBS/2025_intergen_BrCa_comethyl_George/reproducibility/pixi/.pixi/envs/default/lib/R/library/Biobase/Meta/nsInfo.rds 
readRDS: /quobyte/lasallegrp/projects/CHDS/WGBS/2025_intergen_BrCa_comethyl_George/reproducibility/pixi/.pixi/envs/default/lib/R/library/Biobase/Meta/package.rds 
readRDS: /quobyte/lasallegrp/projects/CHDS/WGBS/2025_intergen_BrCa_comethyl_George/reproducibility/pixi/.pixi/envs/default/lib/R/library/Biobase/Meta/features.rds 
loadNamespace: methods 
loadNamespace: BiocGenerics 
loadNamespace: utils 
readRDS: /quobyte/lasallegrp/projects/CHDS/WGBS/2025_intergen_BrCa_comethyl_George/reproducibility/pixi/.pixi/envs/default/lib/R/library/Biobase/Meta/package.rds 
loadNamespace: S4Vectors 
loadNamespace: IRanges 
loadNamespace: KEGGREST 
readRDS: /quobyte/lasallegrp/projects/CHDS/WGBS/2025_intergen_BrCa_comethyl_George/reproducibility/pixi/.pixi/envs/default/lib/R/library/KEGGREST/Meta/package.rds 
readRDS: /quobyte/lasallegrp/projects/CHDS/WGBS/2025_intergen_BrCa_comethyl_George/reproducibility/pixi/.pixi/envs/default/lib/R/library/KEGGREST/Meta/nsInfo.rds 
readRDS: /quobyte/lasallegrp/projects/CHDS/WGBS/2025_intergen_BrCa_comethyl_George/reproducibility/pixi/.pixi/envs/default/lib/R/library/KEGGREST/Meta/package.rds 
readRDS: /quobyte/lasallegrp/projects/CHDS/WGBS/2025_intergen_BrCa_comethyl_George/reproducibility/pixi/.pixi/envs/default/lib/R/library/KEGGREST/Meta/features.rds 
loadNamespace: utils 
loadNamespace: httr 
readRDS: /quobyte/lasallegrp/projects/CHDS/WGBS/2025_intergen_BrCa_comethyl_George/reproducibility/pixi/.pixi/envs/default/lib/R/library/httr/Meta/package.rds 
readRDS: /quobyte/lasallegrp/projects/CHDS/WGBS/2025_intergen_BrCa_comethyl_George/reproducibility/pixi/.pixi/envs/default/lib/R/library/httr/Meta/nsInfo.rds 
readRDS: /quobyte/lasallegrp/projects/CHDS/WGBS/2025_intergen_BrCa_comethyl_George/reproducibility/pixi/.pixi/envs/default/lib/R/library/httr/Meta/package.rds 
readRDS: /quobyte/lasallegrp/projects/CHDS/WGBS/2025_intergen_BrCa_comethyl_George/reproducibility/pixi/.pixi/envs/default/lib/R/library/httr/Meta/features.rds 
loadNamespace: R6 
readRDS: /quobyte/lasallegrp/projects/CHDS/WGBS/2025_intergen_BrCa_comethyl_George/reproducibility/pixi/.pixi/envs/default/lib/R/library/R6/Meta/package.rds 
readRDS: /quobyte/lasallegrp/projects/CHDS/WGBS/2025_intergen_BrCa_comethyl_George/reproducibility/pixi/.pixi/envs/default/lib/R/library/R6/Meta/nsInfo.rds 
readRDS: /quobyte/lasallegrp/projects/CHDS/WGBS/2025_intergen_BrCa_comethyl_George/reproducibility/pixi/.pixi/envs/default/lib/R/library/R6/Meta/package.rds 
readRDS: /quobyte/lasallegrp/projects/CHDS/WGBS/2025_intergen_BrCa_comethyl_George/reproducibility/pixi/.pixi/envs/default/lib/R/library/R6/Meta/features.rds 
loadNamespace: utils 
loadNamespace: png 
readRDS: /quobyte/lasallegrp/projects/CHDS/WGBS/2025_intergen_BrCa_comethyl_George/reproducibility/pixi/.pixi/envs/default/lib/R/library/png/Meta/package.rds 
readRDS: /quobyte/lasallegrp/projects/CHDS/WGBS/2025_intergen_BrCa_comethyl_George/reproducibility/pixi/.pixi/envs/default/lib/R/library/png/Meta/nsInfo.rds 
readRDS: /quobyte/lasallegrp/projects/CHDS/WGBS/2025_intergen_BrCa_comethyl_George/reproducibility/pixi/.pixi/envs/default/lib/R/library/png/Meta/package.rds 
readRDS: /quobyte/lasallegrp/projects/CHDS/WGBS/2025_intergen_BrCa_comethyl_George/reproducibility/pixi/.pixi/envs/default/lib/R/library/png/Meta/features.rds 
readRDS: /quobyte/lasallegrp/projects/CHDS/WGBS/2025_intergen_BrCa_comethyl_George/reproducibility/pixi/.pixi/envs/default/lib/R/library/png/Meta/package.rds 
loadNamespace: Biostrings 
readRDS: /quobyte/lasallegrp/projects/CHDS/WGBS/2025_intergen_BrCa_comethyl_George/reproducibility/pixi/.pixi/envs/default/lib/R/library/Biostrings/Meta/package.rds 
readRDS: /quobyte/lasallegrp/projects/CHDS/WGBS/2025_intergen_BrCa_comethyl_George/reproducibility/pixi/.pixi/envs/default/lib/R/library/Biostrings/Meta/nsInfo.rds 
readRDS: /quobyte/lasallegrp/projects/CHDS/WGBS/2025_intergen_BrCa_comethyl_George/reproducibility/pixi/.pixi/envs/default/lib/R/library/Biostrings/Meta/package.rds 
loadNamespace: methods 
readRDS: /quobyte/lasallegrp/projects/CHDS/WGBS/2025_intergen_BrCa_comethyl_George/reproducibility/pixi/.pixi/envs/default/lib/R/library/Biostrings/Meta/features.rds 
loadNamespace: methods 
loadNamespace: utils 
loadNamespace: grDevices 
loadNamespace: graphics 
loadNamespace: stats 
loadNamespace: crayon 
readRDS: /quobyte/lasallegrp/projects/CHDS/WGBS/2025_intergen_BrCa_comethyl_George/reproducibility/pixi/.pixi/envs/default/lib/R/library/crayon/Meta/package.rds 
readRDS: /quobyte/lasallegrp/projects/CHDS/WGBS/2025_intergen_BrCa_comethyl_George/reproducibility/pixi/.pixi/envs/default/lib/R/library/crayon/Meta/nsInfo.rds 
readRDS: /quobyte/lasallegrp/projects/CHDS/WGBS/2025_intergen_BrCa_comethyl_George/reproducibility/pixi/.pixi/envs/default/lib/R/library/crayon/Meta/package.rds 
readRDS: /quobyte/lasallegrp/projects/CHDS/WGBS/2025_intergen_BrCa_comethyl_George/reproducibility/pixi/.pixi/envs/default/lib/R/library/crayon/Meta/features.rds 
loadNamespace: grDevices 
loadNamespace: grDevices 
loadNamespace: grDevices 
loadNamespace: grDevices 
loadNamespace: methods 
loadNamespace: stats 
loadNamespace: utils 
loadNamespace: utils 
loadNamespace: utils 
loadNamespace: utils 
loadNamespace: utils 
loadNamespace: BiocGenerics 
loadNamespace: S4Vectors 
loadNamespace: IRanges 
loadNamespace: XVector 
loadNamespace: GenomeInfoDb 
readRDS: /quobyte/lasallegrp/projects/CHDS/WGBS/2025_intergen_BrCa_comethyl_George/reproducibility/pixi/.pixi/envs/default/lib/R/library/Biostrings/Meta/package.rds 
loadNamespace: methods 
readRDS: /quobyte/lasallegrp/projects/CHDS/WGBS/2025_intergen_BrCa_comethyl_George/reproducibility/pixi/.pixi/envs/default/lib/R/library/GO.db/Meta/package.rds 
readRDS: /quobyte/lasallegrp/projects/CHDS/WGBS/2025_intergen_BrCa_comethyl_George/reproducibility/pixi/.pixi/envs/default/lib/R/library/GO.db/Meta/package.rds 
loadNamespace: pkgconfig 
readRDS: /quobyte/lasallegrp/projects/CHDS/WGBS/2025_intergen_BrCa_comethyl_George/reproducibility/pixi/.pixi/envs/default/lib/R/library/pkgconfig/Meta/package.rds 
readRDS: /quobyte/lasallegrp/projects/CHDS/WGBS/2025_intergen_BrCa_comethyl_George/reproducibility/pixi/.pixi/envs/default/lib/R/library/pkgconfig/Meta/nsInfo.rds 
readRDS: /quobyte/lasallegrp/projects/CHDS/WGBS/2025_intergen_BrCa_comethyl_George/reproducibility/pixi/.pixi/envs/default/lib/R/library/pkgconfig/Meta/package.rds 
readRDS: /quobyte/lasallegrp/projects/CHDS/WGBS/2025_intergen_BrCa_comethyl_George/reproducibility/pixi/.pixi/envs/default/lib/R/library/pkgconfig/Meta/features.rds 
loadNamespace: utils 

loadNamespace: AnnotationDbi 
loadNamespace: matrixStats 
readRDS: /quobyte/lasallegrp/projects/CHDS/WGBS/2025_intergen_BrCa_comethyl_George/reproducibility/pixi/.pixi/envs/default/lib/R/library/matrixStats/Meta/package.rds 
readRDS: /quobyte/lasallegrp/projects/CHDS/WGBS/2025_intergen_BrCa_comethyl_George/reproducibility/pixi/.pixi/envs/default/lib/R/library/matrixStats/Meta/nsInfo.rds 
readRDS: /quobyte/lasallegrp/projects/CHDS/WGBS/2025_intergen_BrCa_comethyl_George/reproducibility/pixi/.pixi/envs/default/lib/R/library/matrixStats/Meta/package.rds 
readRDS: /quobyte/lasallegrp/projects/CHDS/WGBS/2025_intergen_BrCa_comethyl_George/reproducibility/pixi/.pixi/envs/default/lib/R/library/matrixStats/Meta/features.rds 
loadNamespace: stats 
loadNamespace: stats 
loadNamespace: stats 
readRDS: /quobyte/lasallegrp/projects/CHDS/WGBS/2025_intergen_BrCa_comethyl_George/reproducibility/pixi/.pixi/envs/default/lib/R/library/matrixStats/Meta/package.rds 
loadNamespace: survival 
readRDS: /quobyte/lasallegrp/projects/CHDS/WGBS/2025_intergen_BrCa_comethyl_George/reproducibility/pixi/.pixi/envs/default/lib/R/library/survival/Meta/package.rds 
readRDS: /quobyte/lasallegrp/projects/CHDS/WGBS/2025_intergen_BrCa_comethyl_George/reproducibility/pixi/.pixi/envs/default/lib/R/library/survival/Meta/nsInfo.rds 
readRDS: /quobyte/lasallegrp/projects/CHDS/WGBS/2025_intergen_BrCa_comethyl_George/reproducibility/pixi/.pixi/envs/default/lib/R/library/survival/Meta/package.rds 
readRDS: /quobyte/lasallegrp/projects/CHDS/WGBS/2025_intergen_BrCa_comethyl_George/reproducibility/pixi/.pixi/envs/default/lib/R/library/survival/Meta/features.rds 
loadNamespace: splines 
readRDS: /quobyte/lasallegrp/projects/CHDS/WGBS/2025_intergen_BrCa_comethyl_George/reproducibility/pixi/.pixi/envs/default/lib/R/library/splines/Meta/nsInfo.rds 
readRDS: /quobyte/lasallegrp/projects/CHDS/WGBS/2025_intergen_BrCa_comethyl_George/reproducibility/pixi/.pixi/envs/default/lib/R/library/splines/Meta/package.rds 
readRDS: /quobyte/lasallegrp/projects/CHDS/WGBS/2025_intergen_BrCa_comethyl_George/reproducibility/pixi/.pixi/envs/default/lib/R/library/splines/Meta/features.rds 
loadNamespace: graphics 
loadNamespace: stats 
loadNamespace: Matrix 
readRDS: /quobyte/lasallegrp/projects/CHDS/WGBS/2025_intergen_BrCa_comethyl_George/reproducibility/pixi/.pixi/envs/default/lib/R/library/Matrix/Meta/package.rds 
readRDS: /quobyte/lasallegrp/projects/CHDS/WGBS/2025_intergen_BrCa_comethyl_George/reproducibility/pixi/.pixi/envs/default/lib/R/library/Matrix/Meta/nsInfo.rds 
readRDS: /quobyte/lasallegrp/projects/CHDS/WGBS/2025_intergen_BrCa_comethyl_George/reproducibility/pixi/.pixi/envs/default/lib/R/library/Matrix/Meta/package.rds 
loadNamespace: methods 
readRDS: /quobyte/lasallegrp/projects/CHDS/WGBS/2025_intergen_BrCa_comethyl_George/reproducibility/pixi/.pixi/envs/default/lib/R/library/Matrix/Meta/features.rds 
loadNamespace: grDevices 
loadNamespace: graphics 
loadNamespace: grid 
readRDS: /quobyte/lasallegrp/projects/CHDS/WGBS/2025_intergen_BrCa_comethyl_George/reproducibility/pixi/.pixi/envs/default/lib/R/library/grid/Meta/nsInfo.rds 
readRDS: /quobyte/lasallegrp/projects/CHDS/WGBS/2025_intergen_BrCa_comethyl_George/reproducibility/pixi/.pixi/envs/default/lib/R/library/grid/Meta/package.rds 
readRDS: /quobyte/lasallegrp/projects/CHDS/WGBS/2025_intergen_BrCa_comethyl_George/reproducibility/pixi/.pixi/envs/default/lib/R/library/grid/Meta/features.rds 
loadNamespace: grDevices 
loadNamespace: utils 
loadNamespace: lattice 
readRDS: /quobyte/lasallegrp/projects/CHDS/WGBS/2025_intergen_BrCa_comethyl_George/reproducibility/pixi/.pixi/envs/default/lib/R/library/lattice/Meta/package.rds 
readRDS: /quobyte/lasallegrp/projects/CHDS/WGBS/2025_intergen_BrCa_comethyl_George/reproducibility/pixi/.pixi/envs/default/lib/R/library/lattice/Meta/nsInfo.rds 
readRDS: /quobyte/lasallegrp/projects/CHDS/WGBS/2025_intergen_BrCa_comethyl_George/reproducibility/pixi/.pixi/envs/default/lib/R/library/lattice/Meta/package.rds 
readRDS: /quobyte/lasallegrp/projects/CHDS/WGBS/2025_intergen_BrCa_comethyl_George/reproducibility/pixi/.pixi/envs/default/lib/R/library/lattice/Meta/features.rds 
loadNamespace: grid 
loadNamespace: grDevices 
loadNamespace: graphics 
loadNamespace: utils 
loadNamespace: stats 
readRDS: /quobyte/lasallegrp/projects/CHDS/WGBS/2025_intergen_BrCa_comethyl_George/reproducibility/pixi/.pixi/envs/default/lib/R/library/lattice/Meta/package.rds 
loadNamespace: methods 
loadNamespace: stats 
loadNamespace: utils 
readRDS: /quobyte/lasallegrp/projects/CHDS/WGBS/2025_intergen_BrCa_comethyl_George/reproducibility/pixi/.pixi/envs/default/lib/R/library/Matrix/Meta/package.rds 
loadNamespace: stats 
loadNamespace: graphics 
loadNamespace: Matrix 
loadNamespace: methods 
loadNamespace: utils 
readRDS: /quobyte/lasallegrp/projects/CHDS/WGBS/2025_intergen_BrCa_comethyl_George/reproducibility/pixi/.pixi/envs/default/lib/R/library/survival/Meta/package.rds 
loadNamespace: parallel 
loadNamespace: grDevices 
loadNamespace: utils 
loadNamespace: parallel 
loadNamespace: Hmisc 
readRDS: /quobyte/lasallegrp/projects/CHDS/WGBS/2025_intergen_BrCa_comethyl_George/reproducibility/pixi/.pixi/envs/default/lib/R/library/Hmisc/Meta/package.rds 
readRDS: /quobyte/lasallegrp/projects/CHDS/WGBS/2025_intergen_BrCa_comethyl_George/reproducibility/pixi/.pixi/envs/default/lib/R/library/Hmisc/Meta/nsInfo.rds 
readRDS: /quobyte/lasallegrp/projects/CHDS/WGBS/2025_intergen_BrCa_comethyl_George/reproducibility/pixi/.pixi/envs/default/lib/R/library/Hmisc/Meta/package.rds 
readRDS: /quobyte/lasallegrp/projects/CHDS/WGBS/2025_intergen_BrCa_comethyl_George/reproducibility/pixi/.pixi/envs/default/lib/R/library/Hmisc/Meta/features.rds 
loadNamespace: methods 
loadNamespace: stats 
loadNamespace: Formula 
readRDS: /quobyte/lasallegrp/projects/CHDS/WGBS/2025_intergen_BrCa_comethyl_George/reproducibility/pixi/.pixi/envs/default/lib/R/library/Formula/Meta/package.rds 
readRDS: /quobyte/lasallegrp/projects/CHDS/WGBS/2025_intergen_BrCa_comethyl_George/reproducibility/pixi/.pixi/envs/default/lib/R/library/Formula/Meta/nsInfo.rds 
readRDS: /quobyte/lasallegrp/projects/CHDS/WGBS/2025_intergen_BrCa_comethyl_George/reproducibility/pixi/.pixi/envs/default/lib/R/library/Formula/Meta/package.rds 
readRDS: /quobyte/lasallegrp/projects/CHDS/WGBS/2025_intergen_BrCa_comethyl_George/reproducibility/pixi/.pixi/envs/default/lib/R/library/Formula/Meta/features.rds 
loadNamespace: stats 
loadNamespace: ggplot2 
readRDS: /quobyte/lasallegrp/projects/CHDS/WGBS/2025_intergen_BrCa_comethyl_George/reproducibility/pixi/.pixi/envs/default/lib/R/library/ggplot2/Meta/package.rds 
readRDS: /quobyte/lasallegrp/projects/CHDS/WGBS/2025_intergen_BrCa_comethyl_George/reproducibility/pixi/.pixi/envs/default/lib/R/library/ggplot2/Meta/nsInfo.rds 
readRDS: /quobyte/lasallegrp/projects/CHDS/WGBS/2025_intergen_BrCa_comethyl_George/reproducibility/pixi/.pixi/envs/default/lib/R/library/ggplot2/Meta/package.rds 
readRDS: /quobyte/lasallegrp/projects/CHDS/WGBS/2025_intergen_BrCa_comethyl_George/reproducibility/pixi/.pixi/envs/default/lib/R/library/ggplot2/Meta/features.rds 
loadNamespace: grid 
loadNamespace: gtable 
readRDS: /quobyte/lasallegrp/projects/CHDS/WGBS/2025_intergen_BrCa_comethyl_George/reproducibility/pixi/.pixi/envs/default/lib/R/library/gtable/Meta/package.rds 
readRDS: /quobyte/lasallegrp/projects/CHDS/WGBS/2025_intergen_BrCa_comethyl_George/reproducibility/pixi/.pixi/envs/default/lib/R/library/gtable/Meta/nsInfo.rds 
readRDS: /quobyte/lasallegrp/projects/CHDS/WGBS/2025_intergen_BrCa_comethyl_George/reproducibility/pixi/.pixi/envs/default/lib/R/library/gtable/Meta/package.rds 
readRDS: /quobyte/lasallegrp/projects/CHDS/WGBS/2025_intergen_BrCa_comethyl_George/reproducibility/pixi/.pixi/envs/default/lib/R/library/gtable/Meta/features.rds 
loadNamespace: grid 
loadNamespace: rlang 
loadNamespace: glue 
readRDS: /quobyte/lasallegrp/projects/CHDS/WGBS/2025_intergen_BrCa_comethyl_George/reproducibility/pixi/.pixi/envs/default/lib/R/library/glue/Meta/package.rds 
readRDS: /quobyte/lasallegrp/projects/CHDS/WGBS/2025_intergen_BrCa_comethyl_George/reproducibility/pixi/.pixi/envs/default/lib/R/library/glue/Meta/nsInfo.rds 
readRDS: /quobyte/lasallegrp/projects/CHDS/WGBS/2025_intergen_BrCa_comethyl_George/reproducibility/pixi/.pixi/envs/default/lib/R/library/glue/Meta/package.rds 
readRDS: /quobyte/lasallegrp/projects/CHDS/WGBS/2025_intergen_BrCa_comethyl_George/reproducibility/pixi/.pixi/envs/default/lib/R/library/glue/Meta/features.rds 
loadNamespace: methods 
readRDS: /quobyte/lasallegrp/projects/CHDS/WGBS/2025_intergen_BrCa_comethyl_George/reproducibility/pixi/.pixi/envs/default/lib/R/library/glue/Meta/package.rds 
loadNamespace: lifecycle 
readRDS: /quobyte/lasallegrp/projects/CHDS/WGBS/2025_intergen_BrCa_comethyl_George/reproducibility/pixi/.pixi/envs/default/lib/R/library/lifecycle/Meta/package.rds 
readRDS: /quobyte/lasallegrp/projects/CHDS/WGBS/2025_intergen_BrCa_comethyl_George/reproducibility/pixi/.pixi/envs/default/lib/R/library/lifecycle/Meta/nsInfo.rds 
readRDS: /quobyte/lasallegrp/projects/CHDS/WGBS/2025_intergen_BrCa_comethyl_George/reproducibility/pixi/.pixi/envs/default/lib/R/library/lifecycle/Meta/package.rds 
readRDS: /quobyte/lasallegrp/projects/CHDS/WGBS/2025_intergen_BrCa_comethyl_George/reproducibility/pixi/.pixi/envs/default/lib/R/library/lifecycle/Meta/features.rds 
loadNamespace: rlang 
loadNamespace: rlang 
loadNamespace: scales 
readRDS: /quobyte/lasallegrp/projects/CHDS/WGBS/2025_intergen_BrCa_comethyl_George/reproducibility/pixi/.pixi/envs/default/lib/R/library/scales/Meta/package.rds 
readRDS: /quobyte/lasallegrp/projects/CHDS/WGBS/2025_intergen_BrCa_comethyl_George/reproducibility/pixi/.pixi/envs/default/lib/R/library/scales/Meta/nsInfo.rds 
readRDS: /quobyte/lasallegrp/projects/CHDS/WGBS/2025_intergen_BrCa_comethyl_George/reproducibility/pixi/.pixi/envs/default/lib/R/library/scales/Meta/package.rds 
readRDS: /quobyte/lasallegrp/projects/CHDS/WGBS/2025_intergen_BrCa_comethyl_George/reproducibility/pixi/.pixi/envs/default/lib/R/library/scales/Meta/features.rds 
loadNamespace: rlang 
loadNamespace: R6 
loadNamespace: glue 
loadNamespace: graphics 
loadNamespace: graphics 
loadNamespace: graphics 
loadNamespace: graphics 
loadNamespace: lifecycle 
loadNamespace: lifecycle 
loadNamespace: farver 
readRDS: /quobyte/lasallegrp/projects/CHDS/WGBS/2025_intergen_BrCa_comethyl_George/reproducibility/pixi/.pixi/envs/default/lib/R/library/farver/Meta/package.rds 
readRDS: /quobyte/lasallegrp/projects/CHDS/WGBS/2025_intergen_BrCa_comethyl_George/reproducibility/pixi/.pixi/envs/default/lib/R/library/farver/Meta/nsInfo.rds 
readRDS: /quobyte/lasallegrp/projects/CHDS/WGBS/2025_intergen_BrCa_comethyl_George/reproducibility/pixi/.pixi/envs/default/lib/R/library/farver/Meta/package.rds 
readRDS: /quobyte/lasallegrp/projects/CHDS/WGBS/2025_intergen_BrCa_comethyl_George/reproducibility/pixi/.pixi/envs/default/lib/R/library/farver/Meta/features.rds 
readRDS: /quobyte/lasallegrp/projects/CHDS/WGBS/2025_intergen_BrCa_comethyl_George/reproducibility/pixi/.pixi/envs/default/lib/R/library/farver/Meta/package.rds 
loadNamespace: RColorBrewer 
readRDS: /quobyte/lasallegrp/projects/CHDS/WGBS/2025_intergen_BrCa_comethyl_George/reproducibility/pixi/.pixi/envs/default/lib/R/library/RColorBrewer/Meta/package.rds 
readRDS: /quobyte/lasallegrp/projects/CHDS/WGBS/2025_intergen_BrCa_comethyl_George/reproducibility/pixi/.pixi/envs/default/lib/R/library/RColorBrewer/Meta/nsInfo.rds 
readRDS: /quobyte/lasallegrp/projects/CHDS/WGBS/2025_intergen_BrCa_comethyl_George/reproducibility/pixi/.pixi/envs/default/lib/R/library/RColorBrewer/Meta/package.rds 
readRDS: /quobyte/lasallegrp/projects/CHDS/WGBS/2025_intergen_BrCa_comethyl_George/reproducibility/pixi/.pixi/envs/default/lib/R/library/RColorBrewer/Meta/features.rds 
loadNamespace: grDevices 
loadNamespace: graphics 
loadNamespace: vctrs 
loadNamespace: glue 
loadNamespace: glue 
loadNamespace: grid 
loadNamespace: grid 
loadNamespace: lifecycle 
loadNamespace: scales 
loadNamespace: stats 
loadNamespace: tibble 
readRDS: /quobyte/lasallegrp/projects/CHDS/WGBS/2025_intergen_BrCa_comethyl_George/reproducibility/pixi/.pixi/envs/default/lib/R/library/tibble/Meta/package.rds 
readRDS: /quobyte/lasallegrp/projects/CHDS/WGBS/2025_intergen_BrCa_comethyl_George/reproducibility/pixi/.pixi/envs/default/lib/R/library/tibble/Meta/nsInfo.rds 
readRDS: /quobyte/lasallegrp/projects/CHDS/WGBS/2025_intergen_BrCa_comethyl_George/reproducibility/pixi/.pixi/envs/default/lib/R/library/tibble/Meta/package.rds 
readRDS: /quobyte/lasallegrp/projects/CHDS/WGBS/2025_intergen_BrCa_comethyl_George/reproducibility/pixi/.pixi/envs/default/lib/R/library/tibble/Meta/features.rds 
loadNamespace: rlang 
loadNamespace: lifecycle 
loadNamespace: lifecycle 
loadNamespace: lifecycle 
loadNamespace: lifecycle 
loadNamespace: magrittr 
readRDS: /quobyte/lasallegrp/projects/CHDS/WGBS/2025_intergen_BrCa_comethyl_George/reproducibility/pixi/.pixi/envs/default/lib/R/library/magrittr/Meta/package.rds 
readRDS: /quobyte/lasallegrp/projects/CHDS/WGBS/2025_intergen_BrCa_comethyl_George/reproducibility/pixi/.pixi/envs/default/lib/R/library/magrittr/Meta/nsInfo.rds 
readRDS: /quobyte/lasallegrp/projects/CHDS/WGBS/2025_intergen_BrCa_comethyl_George/reproducibility/pixi/.pixi/envs/default/lib/R/library/magrittr/Meta/package.rds 
readRDS: /quobyte/lasallegrp/projects/CHDS/WGBS/2025_intergen_BrCa_comethyl_George/reproducibility/pixi/.pixi/envs/default/lib/R/library/magrittr/Meta/features.rds 
readRDS: /quobyte/lasallegrp/projects/CHDS/WGBS/2025_intergen_BrCa_comethyl_George/reproducibility/pixi/.pixi/envs/default/lib/R/library/magrittr/Meta/package.rds 
loadNamespace: methods 
loadNamespace: pillar 
readRDS: /quobyte/lasallegrp/projects/CHDS/WGBS/2025_intergen_BrCa_comethyl_George/reproducibility/pixi/.pixi/envs/default/lib/R/library/pillar/Meta/package.rds 
readRDS: /quobyte/lasallegrp/projects/CHDS/WGBS/2025_intergen_BrCa_comethyl_George/reproducibility/pixi/.pixi/envs/default/lib/R/library/pillar/Meta/nsInfo.rds 
readRDS: /quobyte/lasallegrp/projects/CHDS/WGBS/2025_intergen_BrCa_comethyl_George/reproducibility/pixi/.pixi/envs/default/lib/R/library/pillar/Meta/package.rds 
readRDS: /quobyte/lasallegrp/projects/CHDS/WGBS/2025_intergen_BrCa_comethyl_George/reproducibility/pixi/.pixi/envs/default/lib/R/library/pillar/Meta/features.rds 
loadNamespace: lifecycle 
loadNamespace: rlang 
loadNamespace: cli 
loadNamespace: cli 
loadNamespace: cli 
loadNamespace: cli 
loadNamespace: cli 
loadNamespace: glue 
loadNamespace: utils 
loadNamespace: utils 
loadNamespace: vctrs 
loadNamespace: vctrs 
loadNamespace: vctrs 
loadNamespace: vctrs 
loadNamespace: vctrs 
loadNamespace: vctrs 
loadNamespace: vctrs 
loadNamespace: vctrs 
loadNamespace: vctrs 
loadNamespace: vctrs 
loadNamespace: vctrs 
loadNamespace: vctrs 
loadNamespace: vctrs 
loadNamespace: vctrs 
loadNamespace: vctrs 
loadNamespace: vctrs 
loadNamespace: vctrs 
loadNamespace: vctrs 
loadNamespace: vctrs 
loadNamespace: vctrs 
loadNamespace: vctrs 
loadNamespace: vctrs 
loadNamespace: vctrs 
loadNamespace: vctrs 
loadNamespace: vctrs 
loadNamespace: vctrs 
loadNamespace: vctrs 
loadNamespace: vctrs 
loadNamespace: vctrs 
loadNamespace: vctrs 
loadNamespace: pillar 
loadNamespace: pillar 
loadNamespace: pillar 
loadNamespace: pillar 
loadNamespace: pillar 
loadNamespace: pillar 
loadNamespace: pkgconfig 
loadNamespace: rlang 
loadNamespace: utils 
loadNamespace: utils 
loadNamespace: vctrs 
loadNamespace: vctrs 
loadNamespace: vctrs 
loadNamespace: vctrs 
loadNamespace: vctrs 
loadNamespace: vctrs 
loadNamespace: vctrs 
loadNamespace: vctrs 
loadNamespace: vctrs 
loadNamespace: vctrs 
loadNamespace: vctrs 
loadNamespace: vctrs 
loadNamespace: vctrs 
loadNamespace: vctrs 
loadNamespace: vctrs 
loadNamespace: vctrs 
loadNamespace: vctrs 
loadNamespace: vctrs 
loadNamespace: vctrs 
loadNamespace: vctrs 
loadNamespace: vctrs 
readRDS: /quobyte/lasallegrp/projects/CHDS/WGBS/2025_intergen_BrCa_comethyl_George/reproducibility/pixi/.pixi/envs/default/lib/R/library/tibble/Meta/package.rds 
loadNamespace: utils 
loadNamespace: utils 
loadNamespace: utils 
loadNamespace: dplyr 
readRDS: /quobyte/lasallegrp/projects/CHDS/WGBS/2025_intergen_BrCa_comethyl_George/reproducibility/pixi/.pixi/envs/default/lib/R/library/dplyr/Meta/package.rds 
readRDS: /quobyte/lasallegrp/projects/CHDS/WGBS/2025_intergen_BrCa_comethyl_George/reproducibility/pixi/.pixi/envs/default/lib/R/library/dplyr/Meta/nsInfo.rds 
readRDS: /quobyte/lasallegrp/projects/CHDS/WGBS/2025_intergen_BrCa_comethyl_George/reproducibility/pixi/.pixi/envs/default/lib/R/library/dplyr/Meta/package.rds 
readRDS: /quobyte/lasallegrp/projects/CHDS/WGBS/2025_intergen_BrCa_comethyl_George/reproducibility/pixi/.pixi/envs/default/lib/R/library/dplyr/Meta/features.rds 
loadNamespace: rlang 
loadNamespace: vctrs 
loadNamespace: R6 
loadNamespace: generics 
readRDS: /quobyte/lasallegrp/projects/CHDS/WGBS/2025_intergen_BrCa_comethyl_George/reproducibility/pixi/.pixi/envs/default/lib/R/library/generics/Meta/package.rds 
readRDS: /quobyte/lasallegrp/projects/CHDS/WGBS/2025_intergen_BrCa_comethyl_George/reproducibility/pixi/.pixi/envs/default/lib/R/library/generics/Meta/nsInfo.rds 
readRDS: /quobyte/lasallegrp/projects/CHDS/WGBS/2025_intergen_BrCa_comethyl_George/reproducibility/pixi/.pixi/envs/default/lib/R/library/generics/Meta/package.rds 
readRDS: /quobyte/lasallegrp/projects/CHDS/WGBS/2025_intergen_BrCa_comethyl_George/reproducibility/pixi/.pixi/envs/default/lib/R/library/generics/Meta/features.rds 
loadNamespace: generics 
loadNamespace: generics 
loadNamespace: generics 
loadNamespace: glue 
loadNamespace: glue 
loadNamespace: glue 
loadNamespace: lifecycle 
loadNamespace: magrittr 
loadNamespace: methods 
loadNamespace: pillar 
loadNamespace: pillar 
loadNamespace: pillar 
loadNamespace: stats 
loadNamespace: stats 
loadNamespace: tibble 
loadNamespace: tibble 
loadNamespace: tibble 
loadNamespace: tibble 
loadNamespace: tibble 
loadNamespace: tibble 
loadNamespace: tibble 
loadNamespace: tibble 
loadNamespace: tibble 
loadNamespace: tibble 
loadNamespace: tidyselect 
readRDS: /quobyte/lasallegrp/projects/CHDS/WGBS/2025_intergen_BrCa_comethyl_George/reproducibility/pixi/.pixi/envs/default/lib/R/library/tidyselect/Meta/package.rds 
readRDS: /quobyte/lasallegrp/projects/CHDS/WGBS/2025_intergen_BrCa_comethyl_George/reproducibility/pixi/.pixi/envs/default/lib/R/library/tidyselect/Meta/nsInfo.rds 
readRDS: /quobyte/lasallegrp/projects/CHDS/WGBS/2025_intergen_BrCa_comethyl_George/reproducibility/pixi/.pixi/envs/default/lib/R/library/tidyselect/Meta/package.rds 
readRDS: /quobyte/lasallegrp/projects/CHDS/WGBS/2025_intergen_BrCa_comethyl_George/reproducibility/pixi/.pixi/envs/default/lib/R/library/tidyselect/Meta/features.rds 
loadNamespace: rlang 
loadNamespace: glue 
loadNamespace: tidyselect 
loadNamespace: tidyselect 
loadNamespace: tidyselect 
loadNamespace: tidyselect 
loadNamespace: tidyselect 
loadNamespace: tidyselect 
loadNamespace: tidyselect 
loadNamespace: tidyselect 
loadNamespace: tidyselect 
loadNamespace: tidyselect 
loadNamespace: utils 
loadNamespace: utils 
readRDS: /quobyte/lasallegrp/projects/CHDS/WGBS/2025_intergen_BrCa_comethyl_George/reproducibility/pixi/.pixi/envs/default/lib/R/library/dplyr/Meta/package.rds 
loadNamespace: base64enc 
readRDS: /quobyte/lasallegrp/projects/CHDS/WGBS/2025_intergen_BrCa_comethyl_George/reproducibility/pixi/.pixi/envs/default/lib/R/library/base64enc/Meta/package.rds 
readRDS: /quobyte/lasallegrp/projects/CHDS/WGBS/2025_intergen_BrCa_comethyl_George/reproducibility/pixi/.pixi/envs/default/lib/R/library/base64enc/Meta/nsInfo.rds 
readRDS: /quobyte/lasallegrp/projects/CHDS/WGBS/2025_intergen_BrCa_comethyl_George/reproducibility/pixi/.pixi/envs/default/lib/R/library/base64enc/Meta/package.rds 
readRDS: /quobyte/lasallegrp/projects/CHDS/WGBS/2025_intergen_BrCa_comethyl_George/reproducibility/pixi/.pixi/envs/default/lib/R/library/base64enc/Meta/features.rds 
readRDS: /quobyte/lasallegrp/projects/CHDS/WGBS/2025_intergen_BrCa_comethyl_George/reproducibility/pixi/.pixi/envs/default/lib/R/library/base64enc/Meta/package.rds 
loadNamespace: cluster 
readRDS: /quobyte/lasallegrp/projects/CHDS/WGBS/2025_intergen_BrCa_comethyl_George/reproducibility/pixi/.pixi/envs/default/lib/R/library/cluster/Meta/package.rds 
readRDS: /quobyte/lasallegrp/projects/CHDS/WGBS/2025_intergen_BrCa_comethyl_George/reproducibility/pixi/.pixi/envs/default/lib/R/library/cluster/Meta/nsInfo.rds 
readRDS: /quobyte/lasallegrp/projects/CHDS/WGBS/2025_intergen_BrCa_comethyl_George/reproducibility/pixi/.pixi/envs/default/lib/R/library/cluster/Meta/package.rds 
readRDS: /quobyte/lasallegrp/projects/CHDS/WGBS/2025_intergen_BrCa_comethyl_George/reproducibility/pixi/.pixi/envs/default/lib/R/library/cluster/Meta/features.rds 
loadNamespace: stats 
loadNamespace: graphics 
loadNamespace: grDevices 
loadNamespace: utils 
readRDS: /quobyte/lasallegrp/projects/CHDS/WGBS/2025_intergen_BrCa_comethyl_George/reproducibility/pixi/.pixi/envs/default/lib/R/library/cluster/Meta/package.rds 
loadNamespace: foreign 
readRDS: /quobyte/lasallegrp/projects/CHDS/WGBS/2025_intergen_BrCa_comethyl_George/reproducibility/pixi/.pixi/envs/default/lib/R/library/foreign/Meta/package.rds 
readRDS: /quobyte/lasallegrp/projects/CHDS/WGBS/2025_intergen_BrCa_comethyl_George/reproducibility/pixi/.pixi/envs/default/lib/R/library/foreign/Meta/nsInfo.rds 
readRDS: /quobyte/lasallegrp/projects/CHDS/WGBS/2025_intergen_BrCa_comethyl_George/reproducibility/pixi/.pixi/envs/default/lib/R/library/foreign/Meta/package.rds 
readRDS: /quobyte/lasallegrp/projects/CHDS/WGBS/2025_intergen_BrCa_comethyl_George/reproducibility/pixi/.pixi/envs/default/lib/R/library/foreign/Meta/features.rds 
loadNamespace: utils 
loadNamespace: stats 
readRDS: /quobyte/lasallegrp/projects/CHDS/WGBS/2025_intergen_BrCa_comethyl_George/reproducibility/pixi/.pixi/envs/default/lib/R/library/foreign/Meta/package.rds 
loadNamespace: gtable 
loadNamespace: nnet 
readRDS: /quobyte/lasallegrp/projects/CHDS/WGBS/2025_intergen_BrCa_comethyl_George/reproducibility/pixi/.pixi/envs/default/lib/R/library/nnet/Meta/package.rds 
readRDS: /quobyte/lasallegrp/projects/CHDS/WGBS/2025_intergen_BrCa_comethyl_George/reproducibility/pixi/.pixi/envs/default/lib/R/library/nnet/Meta/nsInfo.rds 
readRDS: /quobyte/lasallegrp/projects/CHDS/WGBS/2025_intergen_BrCa_comethyl_George/reproducibility/pixi/.pixi/envs/default/lib/R/library/nnet/Meta/package.rds 
readRDS: /quobyte/lasallegrp/projects/CHDS/WGBS/2025_intergen_BrCa_comethyl_George/reproducibility/pixi/.pixi/envs/default/lib/R/library/nnet/Meta/features.rds 
loadNamespace: stats 
loadNamespace: utils 
readRDS: /quobyte/lasallegrp/projects/CHDS/WGBS/2025_intergen_BrCa_comethyl_George/reproducibility/pixi/.pixi/envs/default/lib/R/library/nnet/Meta/package.rds 
loadNamespace: rpart 
readRDS: /quobyte/lasallegrp/projects/CHDS/WGBS/2025_intergen_BrCa_comethyl_George/reproducibility/pixi/.pixi/envs/default/lib/R/library/rpart/Meta/package.rds 
readRDS: /quobyte/lasallegrp/projects/CHDS/WGBS/2025_intergen_BrCa_comethyl_George/reproducibility/pixi/.pixi/envs/default/lib/R/library/rpart/Meta/nsInfo.rds 
readRDS: /quobyte/lasallegrp/projects/CHDS/WGBS/2025_intergen_BrCa_comethyl_George/reproducibility/pixi/.pixi/envs/default/lib/R/library/rpart/Meta/package.rds 
readRDS: /quobyte/lasallegrp/projects/CHDS/WGBS/2025_intergen_BrCa_comethyl_George/reproducibility/pixi/.pixi/envs/default/lib/R/library/rpart/Meta/features.rds 
loadNamespace: grDevices 
loadNamespace: graphics 
loadNamespace: stats 
readRDS: /quobyte/lasallegrp/projects/CHDS/WGBS/2025_intergen_BrCa_comethyl_George/reproducibility/pixi/.pixi/envs/default/lib/R/library/rpart/Meta/package.rds 
loadNamespace: grid 
loadNamespace: gridExtra 
readRDS: /quobyte/lasallegrp/projects/CHDS/WGBS/2025_intergen_BrCa_comethyl_George/reproducibility/pixi/.pixi/envs/default/lib/R/library/gridExtra/Meta/package.rds 
readRDS: /quobyte/lasallegrp/projects/CHDS/WGBS/2025_intergen_BrCa_comethyl_George/reproducibility/pixi/.pixi/envs/default/lib/R/library/gridExtra/Meta/nsInfo.rds 
readRDS: /quobyte/lasallegrp/projects/CHDS/WGBS/2025_intergen_BrCa_comethyl_George/reproducibility/pixi/.pixi/envs/default/lib/R/library/gridExtra/Meta/package.rds 
readRDS: /quobyte/lasallegrp/projects/CHDS/WGBS/2025_intergen_BrCa_comethyl_George/reproducibility/pixi/.pixi/envs/default/lib/R/library/gridExtra/Meta/features.rds 
loadNamespace: grid 
loadNamespace: gtable 
loadNamespace: grDevices 
loadNamespace: grDevices 
loadNamespace: grDevices 
loadNamespace: graphics 
loadNamespace: utils 
loadNamespace: utils 
loadNamespace: htmlTable 
readRDS: /quobyte/lasallegrp/projects/CHDS/WGBS/2025_intergen_BrCa_comethyl_George/reproducibility/pixi/.pixi/envs/default/lib/R/library/htmlTable/Meta/package.rds 
readRDS: /quobyte/lasallegrp/projects/CHDS/WGBS/2025_intergen_BrCa_comethyl_George/reproducibility/pixi/.pixi/envs/default/lib/R/library/htmlTable/Meta/nsInfo.rds 
readRDS: /quobyte/lasallegrp/projects/CHDS/WGBS/2025_intergen_BrCa_comethyl_George/reproducibility/pixi/.pixi/envs/default/lib/R/library/htmlTable/Meta/package.rds 
readRDS: /quobyte/lasallegrp/projects/CHDS/WGBS/2025_intergen_BrCa_comethyl_George/reproducibility/pixi/.pixi/envs/default/lib/R/library/htmlTable/Meta/features.rds 
loadNamespace: checkmate 
readRDS: /quobyte/lasallegrp/projects/CHDS/WGBS/2025_intergen_BrCa_comethyl_George/reproducibility/pixi/.pixi/envs/default/lib/R/library/checkmate/Meta/package.rds 
readRDS: /quobyte/lasallegrp/projects/CHDS/WGBS/2025_intergen_BrCa_comethyl_George/reproducibility/pixi/.pixi/envs/default/lib/R/library/checkmate/Meta/nsInfo.rds 
readRDS: /quobyte/lasallegrp/projects/CHDS/WGBS/2025_intergen_BrCa_comethyl_George/reproducibility/pixi/.pixi/envs/default/lib/R/library/checkmate/Meta/package.rds 
readRDS: /quobyte/lasallegrp/projects/CHDS/WGBS/2025_intergen_BrCa_comethyl_George/reproducibility/pixi/.pixi/envs/default/lib/R/library/checkmate/Meta/features.rds 
loadNamespace: stats 
loadNamespace: utils 
loadNamespace: utils 
loadNamespace: utils 
loadNamespace: utils 
readRDS: /quobyte/lasallegrp/projects/CHDS/WGBS/2025_intergen_BrCa_comethyl_George/reproducibility/pixi/.pixi/envs/default/lib/R/library/checkmate/Meta/package.rds 
loadNamespace: backports 
readRDS: /quobyte/lasallegrp/projects/CHDS/WGBS/2025_intergen_BrCa_comethyl_George/reproducibility/pixi/.pixi/envs/default/lib/R/library/backports/Meta/package.rds 
readRDS: /quobyte/lasallegrp/projects/CHDS/WGBS/2025_intergen_BrCa_comethyl_George/reproducibility/pixi/.pixi/envs/default/lib/R/library/backports/Meta/nsInfo.rds 
readRDS: /quobyte/lasallegrp/projects/CHDS/WGBS/2025_intergen_BrCa_comethyl_George/reproducibility/pixi/.pixi/envs/default/lib/R/library/backports/Meta/package.rds 
readRDS: /quobyte/lasallegrp/projects/CHDS/WGBS/2025_intergen_BrCa_comethyl_George/reproducibility/pixi/.pixi/envs/default/lib/R/library/backports/Meta/features.rds 
loadNamespace: utils 
loadNamespace: utils 
readRDS: /quobyte/lasallegrp/projects/CHDS/WGBS/2025_intergen_BrCa_comethyl_George/reproducibility/pixi/.pixi/envs/default/lib/R/library/backports/Meta/package.rds 
loadNamespace: htmlwidgets 
readRDS: /quobyte/lasallegrp/projects/CHDS/WGBS/2025_intergen_BrCa_comethyl_George/reproducibility/pixi/.pixi/envs/default/lib/R/library/htmlwidgets/Meta/package.rds 
readRDS: /quobyte/lasallegrp/projects/CHDS/WGBS/2025_intergen_BrCa_comethyl_George/reproducibility/pixi/.pixi/envs/default/lib/R/library/htmlwidgets/Meta/nsInfo.rds 
readRDS: /quobyte/lasallegrp/projects/CHDS/WGBS/2025_intergen_BrCa_comethyl_George/reproducibility/pixi/.pixi/envs/default/lib/R/library/htmlwidgets/Meta/package.rds 
readRDS: /quobyte/lasallegrp/projects/CHDS/WGBS/2025_intergen_BrCa_comethyl_George/reproducibility/pixi/.pixi/envs/default/lib/R/library/htmlwidgets/Meta/features.rds 
loadNamespace: htmltools 
readRDS: /quobyte/lasallegrp/projects/CHDS/WGBS/2025_intergen_BrCa_comethyl_George/reproducibility/pixi/.pixi/envs/default/lib/R/library/htmltools/Meta/package.rds 
readRDS: /quobyte/lasallegrp/projects/CHDS/WGBS/2025_intergen_BrCa_comethyl_George/reproducibility/pixi/.pixi/envs/default/lib/R/library/htmltools/Meta/nsInfo.rds 
readRDS: /quobyte/lasallegrp/projects/CHDS/WGBS/2025_intergen_BrCa_comethyl_George/reproducibility/pixi/.pixi/envs/default/lib/R/library/htmltools/Meta/package.rds 
readRDS: /quobyte/lasallegrp/projects/CHDS/WGBS/2025_intergen_BrCa_comethyl_George/reproducibility/pixi/.pixi/envs/default/lib/R/library/htmltools/Meta/features.rds 
loadNamespace: digest 
readRDS: /quobyte/lasallegrp/projects/CHDS/WGBS/2025_intergen_BrCa_comethyl_George/reproducibility/pixi/.pixi/envs/default/lib/R/library/digest/Meta/package.rds 
readRDS: /quobyte/lasallegrp/projects/CHDS/WGBS/2025_intergen_BrCa_comethyl_George/reproducibility/pixi/.pixi/envs/default/lib/R/library/digest/Meta/nsInfo.rds 
readRDS: /quobyte/lasallegrp/projects/CHDS/WGBS/2025_intergen_BrCa_comethyl_George/reproducibility/pixi/.pixi/envs/default/lib/R/library/digest/Meta/package.rds 
readRDS: /quobyte/lasallegrp/projects/CHDS/WGBS/2025_intergen_BrCa_comethyl_George/reproducibility/pixi/.pixi/envs/default/lib/R/library/digest/Meta/features.rds 
loadNamespace: utils 
readRDS: /quobyte/lasallegrp/projects/CHDS/WGBS/2025_intergen_BrCa_comethyl_George/reproducibility/pixi/.pixi/envs/default/lib/R/library/digest/Meta/package.rds 
readRDS: /quobyte/lasallegrp/projects/CHDS/WGBS/2025_intergen_BrCa_comethyl_George/reproducibility/pixi/.pixi/envs/default/lib/R/library/digest/Meta/package.rds 
loadNamespace: rlang 
loadNamespace: utils 
loadNamespace: fastmap 
loadNamespace: fastmap 
loadNamespace: rlang 
readRDS: /quobyte/lasallegrp/projects/CHDS/WGBS/2025_intergen_BrCa_comethyl_George/reproducibility/pixi/.pixi/envs/default/lib/R/library/htmltools/Meta/package.rds 
loadNamespace: utils 
loadNamespace: utils 
loadNamespace: utils 
loadNamespace: magrittr 
loadNamespace: grDevices 
loadNamespace: grDevices 
loadNamespace: htmltools 
loadNamespace: knitr 
readRDS: /quobyte/lasallegrp/projects/CHDS/WGBS/2025_intergen_BrCa_comethyl_George/reproducibility/pixi/.pixi/envs/default/lib/R/library/knitr/Meta/package.rds 
readRDS: /quobyte/lasallegrp/projects/CHDS/WGBS/2025_intergen_BrCa_comethyl_George/reproducibility/pixi/.pixi/envs/default/lib/R/library/knitr/Meta/nsInfo.rds 
readRDS: /quobyte/lasallegrp/projects/CHDS/WGBS/2025_intergen_BrCa_comethyl_George/reproducibility/pixi/.pixi/envs/default/lib/R/library/knitr/Meta/package.rds 
readRDS: /quobyte/lasallegrp/projects/CHDS/WGBS/2025_intergen_BrCa_comethyl_George/reproducibility/pixi/.pixi/envs/default/lib/R/library/knitr/Meta/features.rds 
loadNamespace: grDevices 
loadNamespace: graphics 
loadNamespace: stats 
loadNamespace: utils 
loadNamespace: xfun 
readRDS: /quobyte/lasallegrp/projects/CHDS/WGBS/2025_intergen_BrCa_comethyl_George/reproducibility/pixi/.pixi/envs/default/lib/R/library/xfun/Meta/package.rds 
readRDS: /quobyte/lasallegrp/projects/CHDS/WGBS/2025_intergen_BrCa_comethyl_George/reproducibility/pixi/.pixi/envs/default/lib/R/library/xfun/Meta/nsInfo.rds 
readRDS: /quobyte/lasallegrp/projects/CHDS/WGBS/2025_intergen_BrCa_comethyl_George/reproducibility/pixi/.pixi/envs/default/lib/R/library/xfun/Meta/package.rds 
readRDS: /quobyte/lasallegrp/projects/CHDS/WGBS/2025_intergen_BrCa_comethyl_George/reproducibility/pixi/.pixi/envs/default/lib/R/library/xfun/Meta/features.rds 
loadNamespace: grDevices 
loadNamespace: stats 
loadNamespace: utils 
readRDS: /quobyte/lasallegrp/projects/CHDS/WGBS/2025_intergen_BrCa_comethyl_George/reproducibility/pixi/.pixi/envs/default/lib/R/library/xfun/Meta/package.rds 
loadNamespace: xfun 
loadNamespace: xfun 
loadNamespace: xfun 
loadNamespace: xfun 
loadNamespace: xfun 
loadNamespace: xfun 
loadNamespace: xfun 
loadNamespace: xfun 
loadNamespace: xfun 
loadNamespace: xfun 
loadNamespace: xfun 
loadNamespace: xfun 
loadNamespace: evaluate 
readRDS: /quobyte/lasallegrp/projects/CHDS/WGBS/2025_intergen_BrCa_comethyl_George/reproducibility/pixi/.pixi/envs/default/lib/R/library/evaluate/Meta/package.rds 
readRDS: /quobyte/lasallegrp/projects/CHDS/WGBS/2025_intergen_BrCa_comethyl_George/reproducibility/pixi/.pixi/envs/default/lib/R/library/evaluate/Meta/nsInfo.rds 
readRDS: /quobyte/lasallegrp/projects/CHDS/WGBS/2025_intergen_BrCa_comethyl_George/reproducibility/pixi/.pixi/envs/default/lib/R/library/evaluate/Meta/package.rds 
readRDS: /quobyte/lasallegrp/projects/CHDS/WGBS/2025_intergen_BrCa_comethyl_George/reproducibility/pixi/.pixi/envs/default/lib/R/library/evaluate/Meta/features.rds 
loadNamespace: grDevices 
loadNamespace: graphics 
loadNamespace: utils 
loadNamespace: knitr 
loadNamespace: methods 
loadNamespace: methods 
loadNamespace: rstudioapi 
readRDS: /quobyte/lasallegrp/projects/CHDS/WGBS/2025_intergen_BrCa_comethyl_George/reproducibility/pixi/.pixi/envs/default/lib/R/library/rstudioapi/Meta/package.rds 
readRDS: /quobyte/lasallegrp/projects/CHDS/WGBS/2025_intergen_BrCa_comethyl_George/reproducibility/pixi/.pixi/envs/default/lib/R/library/rstudioapi/Meta/nsInfo.rds 
readRDS: /quobyte/lasallegrp/projects/CHDS/WGBS/2025_intergen_BrCa_comethyl_George/reproducibility/pixi/.pixi/envs/default/lib/R/library/rstudioapi/Meta/package.rds 
readRDS: /quobyte/lasallegrp/projects/CHDS/WGBS/2025_intergen_BrCa_comethyl_George/reproducibility/pixi/.pixi/envs/default/lib/R/library/rstudioapi/Meta/features.rds 
loadNamespace: utils 
loadNamespace: rstudioapi 
loadNamespace: stats 
loadNamespace: stringr 
readRDS: /quobyte/lasallegrp/projects/CHDS/WGBS/2025_intergen_BrCa_comethyl_George/reproducibility/pixi/.pixi/envs/default/lib/R/library/stringr/Meta/package.rds 
readRDS: /quobyte/lasallegrp/projects/CHDS/WGBS/2025_intergen_BrCa_comethyl_George/reproducibility/pixi/.pixi/envs/default/lib/R/library/stringr/Meta/nsInfo.rds 
readRDS: /quobyte/lasallegrp/projects/CHDS/WGBS/2025_intergen_BrCa_comethyl_George/reproducibility/pixi/.pixi/envs/default/lib/R/library/stringr/Meta/package.rds 
readRDS: /quobyte/lasallegrp/projects/CHDS/WGBS/2025_intergen_BrCa_comethyl_George/reproducibility/pixi/.pixi/envs/default/lib/R/library/stringr/Meta/features.rds 
loadNamespace: rlang 
loadNamespace: stringi 
readRDS: /quobyte/lasallegrp/projects/CHDS/WGBS/2025_intergen_BrCa_comethyl_George/reproducibility/pixi/.pixi/envs/default/lib/R/library/stringi/Meta/package.rds 
readRDS: /quobyte/lasallegrp/projects/CHDS/WGBS/2025_intergen_BrCa_comethyl_George/reproducibility/pixi/.pixi/envs/default/lib/R/library/stringi/Meta/nsInfo.rds 
readRDS: /quobyte/lasallegrp/projects/CHDS/WGBS/2025_intergen_BrCa_comethyl_George/reproducibility/pixi/.pixi/envs/default/lib/R/library/stringi/Meta/package.rds 
readRDS: /quobyte/lasallegrp/projects/CHDS/WGBS/2025_intergen_BrCa_comethyl_George/reproducibility/pixi/.pixi/envs/default/lib/R/library/stringi/Meta/features.rds 
loadNamespace: stats 
loadNamespace: stats 
loadNamespace: tools 
loadNamespace: utils 
loadNamespace: utils 
loadNamespace: utils 
readRDS: /quobyte/lasallegrp/projects/CHDS/WGBS/2025_intergen_BrCa_comethyl_George/reproducibility/pixi/.pixi/envs/default/lib/R/library/stringi/Meta/package.rds 
loadNamespace: glue 
loadNamespace: lifecycle 
loadNamespace: magrittr 
loadNamespace: stringr 
loadNamespace: stringr 
loadNamespace: stringr 
loadNamespace: stringr 
loadNamespace: utils 
loadNamespace: utils 
loadNamespace: utils 
loadNamespace: utils 
loadNamespace: htmltools 
loadNamespace: knitr 
loadNamespace: colorspace 
readRDS: /quobyte/lasallegrp/projects/CHDS/WGBS/2025_intergen_BrCa_comethyl_George/reproducibility/pixi/.pixi/envs/default/lib/R/library/colorspace/Meta/package.rds 
readRDS: /quobyte/lasallegrp/projects/CHDS/WGBS/2025_intergen_BrCa_comethyl_George/reproducibility/pixi/.pixi/envs/default/lib/R/library/colorspace/Meta/nsInfo.rds 
readRDS: /quobyte/lasallegrp/projects/CHDS/WGBS/2025_intergen_BrCa_comethyl_George/reproducibility/pixi/.pixi/envs/default/lib/R/library/colorspace/Meta/package.rds 
loadNamespace: methods 
readRDS: /quobyte/lasallegrp/projects/CHDS/WGBS/2025_intergen_BrCa_comethyl_George/reproducibility/pixi/.pixi/envs/default/lib/R/library/colorspace/Meta/features.rds 
loadNamespace: methods 
loadNamespace: grDevices 
loadNamespace: grDevices 
loadNamespace: grDevices 
loadNamespace: grDevices 
loadNamespace: grDevices 
loadNamespace: grDevices 
loadNamespace: grDevices 
loadNamespace: graphics 
loadNamespace: graphics 
loadNamespace: graphics 
loadNamespace: graphics 
loadNamespace: graphics 
loadNamespace: graphics 
loadNamespace: graphics 
loadNamespace: graphics 
loadNamespace: graphics 
loadNamespace: graphics 
loadNamespace: graphics 
loadNamespace: graphics 
loadNamespace: graphics 
loadNamespace: graphics 
loadNamespace: graphics 
loadNamespace: graphics 
loadNamespace: graphics 
loadNamespace: graphics 
loadNamespace: stats 
loadNamespace: stats 
loadNamespace: stats 
loadNamespace: stats 
loadNamespace: stats 
loadNamespace: stats 
loadNamespace: stats 
readRDS: /quobyte/lasallegrp/projects/CHDS/WGBS/2025_intergen_BrCa_comethyl_George/reproducibility/pixi/.pixi/envs/default/lib/R/library/colorspace/Meta/package.rds 
loadNamespace: rmarkdown 
readRDS: /quobyte/lasallegrp/projects/CHDS/WGBS/2025_intergen_BrCa_comethyl_George/reproducibility/pixi/.pixi/envs/default/lib/R/library/rmarkdown/Meta/package.rds 
readRDS: /quobyte/lasallegrp/projects/CHDS/WGBS/2025_intergen_BrCa_comethyl_George/reproducibility/pixi/.pixi/envs/default/lib/R/library/rmarkdown/Meta/nsInfo.rds 
readRDS: /quobyte/lasallegrp/projects/CHDS/WGBS/2025_intergen_BrCa_comethyl_George/reproducibility/pixi/.pixi/envs/default/lib/R/library/rmarkdown/Meta/package.rds 
readRDS: /quobyte/lasallegrp/projects/CHDS/WGBS/2025_intergen_BrCa_comethyl_George/reproducibility/pixi/.pixi/envs/default/lib/R/library/rmarkdown/Meta/features.rds 
loadNamespace: methods 
loadNamespace: stats 
loadNamespace: utils 
loadNamespace: evaluate 
loadNamespace: htmltools 
loadNamespace: htmltools 
loadNamespace: htmltools 
loadNamespace: htmltools 
loadNamespace: htmltools 
loadNamespace: htmltools 
loadNamespace: htmltools 
loadNamespace: htmltools 
loadNamespace: htmltools 
loadNamespace: knitr 
loadNamespace: grDevices 
loadNamespace: graphics 
loadNamespace: utils 
loadNamespace: data.table 
readRDS: /quobyte/lasallegrp/projects/CHDS/WGBS/2025_intergen_BrCa_comethyl_George/reproducibility/pixi/.pixi/envs/default/lib/R/library/data.table/Meta/package.rds 
readRDS: /quobyte/lasallegrp/projects/CHDS/WGBS/2025_intergen_BrCa_comethyl_George/reproducibility/pixi/.pixi/envs/default/lib/R/library/data.table/Meta/nsInfo.rds 
readRDS: /quobyte/lasallegrp/projects/CHDS/WGBS/2025_intergen_BrCa_comethyl_George/reproducibility/pixi/.pixi/envs/default/lib/R/library/data.table/Meta/package.rds 
readRDS: /quobyte/lasallegrp/projects/CHDS/WGBS/2025_intergen_BrCa_comethyl_George/reproducibility/pixi/.pixi/envs/default/lib/R/library/data.table/Meta/features.rds 
loadNamespace: methods 
loadNamespace: utils 
loadNamespace: stats 
readRDS: /quobyte/lasallegrp/projects/CHDS/WGBS/2025_intergen_BrCa_comethyl_George/reproducibility/pixi/.pixi/envs/default/lib/R/library/data.table/Meta/package.rds 
readRDS: /quobyte/lasallegrp/projects/CHDS/WGBS/2025_intergen_BrCa_comethyl_George/reproducibility/pixi/.pixi/envs/default/lib/R/library/data.table/Meta/package.rds 
readRDS: /quobyte/lasallegrp/projects/CHDS/WGBS/2025_intergen_BrCa_comethyl_George/reproducibility/pixi/.pixi/envs/default/lib/R/library/data.table/Meta/package.rds 
readRDS: /quobyte/lasallegrp/projects/CHDS/WGBS/2025_intergen_BrCa_comethyl_George/reproducibility/pixi/.pixi/envs/default/lib/R/library/data.table/Meta/package.rds 
readRDS: /quobyte/lasallegrp/projects/CHDS/WGBS/2025_intergen_BrCa_comethyl_George/reproducibility/pixi/.pixi/envs/default/lib/R/library/Hmisc/Meta/package.rds 
loadNamespace: impute 
readRDS: /quobyte/lasallegrp/projects/CHDS/WGBS/2025_intergen_BrCa_comethyl_George/reproducibility/pixi/.pixi/envs/default/lib/R/library/impute/Meta/package.rds 
readRDS: /quobyte/lasallegrp/projects/CHDS/WGBS/2025_intergen_BrCa_comethyl_George/reproducibility/pixi/.pixi/envs/default/lib/R/library/impute/Meta/nsInfo.rds 
readRDS: /quobyte/lasallegrp/projects/CHDS/WGBS/2025_intergen_BrCa_comethyl_George/reproducibility/pixi/.pixi/envs/default/lib/R/library/impute/Meta/package.rds 
readRDS: /quobyte/lasallegrp/projects/CHDS/WGBS/2025_intergen_BrCa_comethyl_George/reproducibility/pixi/.pixi/envs/default/lib/R/library/impute/Meta/features.rds 
readRDS: /quobyte/lasallegrp/projects/CHDS/WGBS/2025_intergen_BrCa_comethyl_George/reproducibility/pixi/.pixi/envs/default/lib/R/library/impute/Meta/package.rds 
loadNamespace: splines 
loadNamespace: preprocessCore 
readRDS: /quobyte/lasallegrp/projects/CHDS/WGBS/2025_intergen_BrCa_comethyl_George/reproducibility/pixi/.pixi/envs/default/lib/R/library/preprocessCore/Meta/package.rds 
readRDS: /quobyte/lasallegrp/projects/CHDS/WGBS/2025_intergen_BrCa_comethyl_George/reproducibility/pixi/.pixi/envs/default/lib/R/library/preprocessCore/Meta/nsInfo.rds 
readRDS: /quobyte/lasallegrp/projects/CHDS/WGBS/2025_intergen_BrCa_comethyl_George/reproducibility/pixi/.pixi/envs/default/lib/R/library/preprocessCore/Meta/package.rds 
readRDS: /quobyte/lasallegrp/projects/CHDS/WGBS/2025_intergen_BrCa_comethyl_George/reproducibility/pixi/.pixi/envs/default/lib/R/library/preprocessCore/Meta/features.rds 
loadNamespace: stats 
readRDS: /quobyte/lasallegrp/projects/CHDS/WGBS/2025_intergen_BrCa_comethyl_George/reproducibility/pixi/.pixi/envs/default/lib/R/library/preprocessCore/Meta/package.rds 
loadNamespace: grDevices 
loadNamespace: graphics 
loadNamespace: stats 
loadNamespace: utils 
readRDS: /quobyte/lasallegrp/projects/CHDS/WGBS/2025_intergen_BrCa_comethyl_George/reproducibility/pixi/.pixi/envs/default/lib/R/library/WGCNA/Meta/package.rds 
loadNamespace: biomaRt 
readRDS: /quobyte/lasallegrp/projects/CHDS/WGBS/2025_intergen_BrCa_comethyl_George/reproducibility/pixi/.pixi/envs/default/lib/R/library/biomaRt/Meta/package.rds 
readRDS: /quobyte/lasallegrp/projects/CHDS/WGBS/2025_intergen_BrCa_comethyl_George/reproducibility/pixi/.pixi/envs/default/lib/R/library/biomaRt/Meta/nsInfo.rds 
readRDS: /quobyte/lasallegrp/projects/CHDS/WGBS/2025_intergen_BrCa_comethyl_George/reproducibility/pixi/.pixi/envs/default/lib/R/library/biomaRt/Meta/package.rds 
loadNamespace: methods 
readRDS: /quobyte/lasallegrp/projects/CHDS/WGBS/2025_intergen_BrCa_comethyl_George/reproducibility/pixi/.pixi/envs/default/lib/R/library/biomaRt/Meta/features.rds 
loadNamespace: methods 
loadNamespace: XML 
readRDS: /quobyte/lasallegrp/projects/CHDS/WGBS/2025_intergen_BrCa_comethyl_George/reproducibility/pixi/.pixi/envs/default/lib/R/library/XML/Meta/package.rds 
readRDS: /quobyte/lasallegrp/projects/CHDS/WGBS/2025_intergen_BrCa_comethyl_George/reproducibility/pixi/.pixi/envs/default/lib/R/library/XML/Meta/nsInfo.rds 
readRDS: /quobyte/lasallegrp/projects/CHDS/WGBS/2025_intergen_BrCa_comethyl_George/reproducibility/pixi/.pixi/envs/default/lib/R/library/XML/Meta/package.rds 
loadNamespace: methods 
readRDS: /quobyte/lasallegrp/projects/CHDS/WGBS/2025_intergen_BrCa_comethyl_George/reproducibility/pixi/.pixi/envs/default/lib/R/library/XML/Meta/features.rds 
loadNamespace: utils 
loadNamespace: grDevices 
loadNamespace: methods 
readRDS: /quobyte/lasallegrp/projects/CHDS/WGBS/2025_intergen_BrCa_comethyl_George/reproducibility/pixi/.pixi/envs/default/lib/R/library/XML/Meta/package.rds 
loadNamespace: utils 
loadNamespace: AnnotationDbi 
loadNamespace: progress 
readRDS: /quobyte/lasallegrp/projects/CHDS/WGBS/2025_intergen_BrCa_comethyl_George/reproducibility/pixi/.pixi/envs/default/lib/R/library/progress/Meta/package.rds 
readRDS: /quobyte/lasallegrp/projects/CHDS/WGBS/2025_intergen_BrCa_comethyl_George/reproducibility/pixi/.pixi/envs/default/lib/R/library/progress/Meta/nsInfo.rds 
readRDS: /quobyte/lasallegrp/projects/CHDS/WGBS/2025_intergen_BrCa_comethyl_George/reproducibility/pixi/.pixi/envs/default/lib/R/library/progress/Meta/package.rds 
readRDS: /quobyte/lasallegrp/projects/CHDS/WGBS/2025_intergen_BrCa_comethyl_George/reproducibility/pixi/.pixi/envs/default/lib/R/library/progress/Meta/features.rds 
loadNamespace: R6 
loadNamespace: crayon 
loadNamespace: crayon 
loadNamespace: hms 
readRDS: /quobyte/lasallegrp/projects/CHDS/WGBS/2025_intergen_BrCa_comethyl_George/reproducibility/pixi/.pixi/envs/default/lib/R/library/hms/Meta/package.rds 
readRDS: /quobyte/lasallegrp/projects/CHDS/WGBS/2025_intergen_BrCa_comethyl_George/reproducibility/pixi/.pixi/envs/default/lib/R/library/hms/Meta/nsInfo.rds 
readRDS: /quobyte/lasallegrp/projects/CHDS/WGBS/2025_intergen_BrCa_comethyl_George/reproducibility/pixi/.pixi/envs/default/lib/R/library/hms/Meta/package.rds 
readRDS: /quobyte/lasallegrp/projects/CHDS/WGBS/2025_intergen_BrCa_comethyl_George/reproducibility/pixi/.pixi/envs/default/lib/R/library/hms/Meta/features.rds 
loadNamespace: rlang 
loadNamespace: vctrs 
loadNamespace: lifecycle 
loadNamespace: lifecycle 
loadNamespace: methods 
loadNamespace: pkgconfig 
readRDS: /quobyte/lasallegrp/projects/CHDS/WGBS/2025_intergen_BrCa_comethyl_George/reproducibility/pixi/.pixi/envs/default/lib/R/library/vctrs/Meta/package.rds 
loadNamespace: prettyunits 
readRDS: /quobyte/lasallegrp/projects/CHDS/WGBS/2025_intergen_BrCa_comethyl_George/reproducibility/pixi/.pixi/envs/default/lib/R/library/prettyunits/Meta/package.rds 
readRDS: /quobyte/lasallegrp/projects/CHDS/WGBS/2025_intergen_BrCa_comethyl_George/reproducibility/pixi/.pixi/envs/default/lib/R/library/prettyunits/Meta/nsInfo.rds 
readRDS: /quobyte/lasallegrp/projects/CHDS/WGBS/2025_intergen_BrCa_comethyl_George/reproducibility/pixi/.pixi/envs/default/lib/R/library/prettyunits/Meta/package.rds 
readRDS: /quobyte/lasallegrp/projects/CHDS/WGBS/2025_intergen_BrCa_comethyl_George/reproducibility/pixi/.pixi/envs/default/lib/R/library/prettyunits/Meta/features.rds 
loadNamespace: grDevices 
loadNamespace: grDevices 
loadNamespace: prettyunits 
loadNamespace: utils 
loadNamespace: stringr 
loadNamespace: httr 
loadNamespace: digest 
loadNamespace: BiocFileCache 
readRDS: /quobyte/lasallegrp/projects/CHDS/WGBS/2025_intergen_BrCa_comethyl_George/reproducibility/pixi/.pixi/envs/default/lib/R/library/BiocFileCache/Meta/package.rds 
readRDS: /quobyte/lasallegrp/projects/CHDS/WGBS/2025_intergen_BrCa_comethyl_George/reproducibility/pixi/.pixi/envs/default/lib/R/library/BiocFileCache/Meta/nsInfo.rds 
readRDS: /quobyte/lasallegrp/projects/CHDS/WGBS/2025_intergen_BrCa_comethyl_George/reproducibility/pixi/.pixi/envs/default/lib/R/library/BiocFileCache/Meta/package.rds 
readRDS: /quobyte/lasallegrp/projects/CHDS/WGBS/2025_intergen_BrCa_comethyl_George/reproducibility/pixi/.pixi/envs/default/lib/R/library/BiocFileCache/Meta/features.rds 
loadNamespace: RSQLite 
loadNamespace: dbplyr 
readRDS: /quobyte/lasallegrp/projects/CHDS/WGBS/2025_intergen_BrCa_comethyl_George/reproducibility/pixi/.pixi/envs/default/lib/R/library/dbplyr/Meta/package.rds 
readRDS: /quobyte/lasallegrp/projects/CHDS/WGBS/2025_intergen_BrCa_comethyl_George/reproducibility/pixi/.pixi/envs/default/lib/R/library/dbplyr/Meta/nsInfo.rds 
readRDS: /quobyte/lasallegrp/projects/CHDS/WGBS/2025_intergen_BrCa_comethyl_George/reproducibility/pixi/.pixi/envs/default/lib/R/library/dbplyr/Meta/package.rds 
readRDS: /quobyte/lasallegrp/projects/CHDS/WGBS/2025_intergen_BrCa_comethyl_George/reproducibility/pixi/.pixi/envs/default/lib/R/library/dbplyr/Meta/features.rds 
loadNamespace: DBI 
loadNamespace: rlang 
loadNamespace: R6 
loadNamespace: cli 
loadNamespace: dplyr 
loadNamespace: dplyr 
loadNamespace: dplyr 
loadNamespace: dplyr 
loadNamespace: dplyr 
loadNamespace: dplyr 
loadNamespace: dplyr 
loadNamespace: dplyr 
loadNamespace: dplyr 
loadNamespace: dplyr 
loadNamespace: dplyr 
loadNamespace: dplyr 
loadNamespace: dplyr 
loadNamespace: dplyr 
loadNamespace: dplyr 
loadNamespace: dplyr 
loadNamespace: dplyr 
loadNamespace: dplyr 
loadNamespace: dplyr 
loadNamespace: dplyr 
loadNamespace: dplyr 
loadNamespace: dplyr 
loadNamespace: dplyr 
loadNamespace: dplyr 
loadNamespace: dplyr 
loadNamespace: dplyr 
loadNamespace: dplyr 
loadNamespace: dplyr 
loadNamespace: dplyr 
loadNamespace: dplyr 
loadNamespace: dplyr 
loadNamespace: dplyr 
loadNamespace: dplyr 
loadNamespace: dplyr 
loadNamespace: dplyr 
loadNamespace: dplyr 
loadNamespace: dplyr 
loadNamespace: dplyr 
loadNamespace: dplyr 
loadNamespace: dplyr 
loadNamespace: dplyr 
loadNamespace: dplyr 
loadNamespace: dplyr 
loadNamespace: dplyr 
loadNamespace: dplyr 
loadNamespace: dplyr 
loadNamespace: dplyr 
loadNamespace: dplyr 
loadNamespace: dplyr 
loadNamespace: dplyr 
loadNamespace: dplyr 
loadNamespace: dplyr 
loadNamespace: dplyr 
loadNamespace: dplyr 
loadNamespace: dplyr 
loadNamespace: dplyr 
loadNamespace: dplyr 
loadNamespace: dplyr 
loadNamespace: dplyr 
loadNamespace: dplyr 
loadNamespace: dplyr 
loadNamespace: dplyr 
loadNamespace: dplyr 
loadNamespace: dplyr 
loadNamespace: dplyr 
loadNamespace: dplyr 
loadNamespace: dplyr 
loadNamespace: dplyr 
loadNamespace: dplyr 
loadNamespace: dplyr 
loadNamespace: dplyr 
loadNamespace: glue 
loadNamespace: lifecycle 
loadNamespace: magrittr 
loadNamespace: methods 
loadNamespace: pillar 
loadNamespace: pillar 
loadNamespace: pillar 
loadNamespace: stats 
loadNamespace: stats 
loadNamespace: tibble 
loadNamespace: tibble 
loadNamespace: tibble 
loadNamespace: tidyselect 
loadNamespace: tidyselect 
loadNamespace: tidyselect 
loadNamespace: utils 
loadNamespace: utils 
loadNamespace: httr 
loadNamespace: methods 
loadNamespace: DBI 
loadNamespace: DBI 
loadNamespace: curl 
readRDS: /quobyte/lasallegrp/projects/CHDS/WGBS/2025_intergen_BrCa_comethyl_George/reproducibility/pixi/.pixi/envs/default/lib/R/library/curl/Meta/package.rds 
readRDS: /quobyte/lasallegrp/projects/CHDS/WGBS/2025_intergen_BrCa_comethyl_George/reproducibility/pixi/.pixi/envs/default/lib/R/library/curl/Meta/nsInfo.rds 
readRDS: /quobyte/lasallegrp/projects/CHDS/WGBS/2025_intergen_BrCa_comethyl_George/reproducibility/pixi/.pixi/envs/default/lib/R/library/curl/Meta/package.rds 
readRDS: /quobyte/lasallegrp/projects/CHDS/WGBS/2025_intergen_BrCa_comethyl_George/reproducibility/pixi/.pixi/envs/default/lib/R/library/curl/Meta/features.rds 
readRDS: /quobyte/lasallegrp/projects/CHDS/WGBS/2025_intergen_BrCa_comethyl_George/reproducibility/pixi/.pixi/envs/default/lib/R/library/curl/Meta/package.rds 
loadNamespace: dplyr 
loadNamespace: dplyr 
loadNamespace: dplyr 
loadNamespace: dplyr 
loadNamespace: dplyr 
loadNamespace: dplyr 
loadNamespace: dplyr 
loadNamespace: dplyr 
loadNamespace: dplyr 
loadNamespace: filelock 
readRDS: /quobyte/lasallegrp/projects/CHDS/WGBS/2025_intergen_BrCa_comethyl_George/reproducibility/pixi/.pixi/envs/default/lib/R/library/filelock/Meta/package.rds 
readRDS: /quobyte/lasallegrp/projects/CHDS/WGBS/2025_intergen_BrCa_comethyl_George/reproducibility/pixi/.pixi/envs/default/lib/R/library/filelock/Meta/nsInfo.rds 
readRDS: /quobyte/lasallegrp/projects/CHDS/WGBS/2025_intergen_BrCa_comethyl_George/reproducibility/pixi/.pixi/envs/default/lib/R/library/filelock/Meta/package.rds 
readRDS: /quobyte/lasallegrp/projects/CHDS/WGBS/2025_intergen_BrCa_comethyl_George/reproducibility/pixi/.pixi/envs/default/lib/R/library/filelock/Meta/features.rds 
readRDS: /quobyte/lasallegrp/projects/CHDS/WGBS/2025_intergen_BrCa_comethyl_George/reproducibility/pixi/.pixi/envs/default/lib/R/library/filelock/Meta/package.rds 
loadNamespace: filelock 
loadNamespace: stats 
loadNamespace: tools 
loadNamespace: utils 
loadNamespace: utils 
loadNamespace: utils 
loadNamespace: utils 
loadNamespace: utils 
loadNamespace: utils 
loadNamespace: rappdirs 
readRDS: /quobyte/lasallegrp/projects/CHDS/WGBS/2025_intergen_BrCa_comethyl_George/reproducibility/pixi/.pixi/envs/default/lib/R/library/rappdirs/Meta/package.rds 
readRDS: /quobyte/lasallegrp/projects/CHDS/WGBS/2025_intergen_BrCa_comethyl_George/reproducibility/pixi/.pixi/envs/default/lib/R/library/rappdirs/Meta/nsInfo.rds 
readRDS: /quobyte/lasallegrp/projects/CHDS/WGBS/2025_intergen_BrCa_comethyl_George/reproducibility/pixi/.pixi/envs/default/lib/R/library/rappdirs/Meta/package.rds 
readRDS: /quobyte/lasallegrp/projects/CHDS/WGBS/2025_intergen_BrCa_comethyl_George/reproducibility/pixi/.pixi/envs/default/lib/R/library/rappdirs/Meta/features.rds 
readRDS: /quobyte/lasallegrp/projects/CHDS/WGBS/2025_intergen_BrCa_comethyl_George/reproducibility/pixi/.pixi/envs/default/lib/R/library/rappdirs/Meta/package.rds 
loadNamespace: xml2 
readRDS: /quobyte/lasallegrp/projects/CHDS/WGBS/2025_intergen_BrCa_comethyl_George/reproducibility/pixi/.pixi/envs/default/lib/R/library/xml2/Meta/package.rds 
readRDS: /quobyte/lasallegrp/projects/CHDS/WGBS/2025_intergen_BrCa_comethyl_George/reproducibility/pixi/.pixi/envs/default/lib/R/library/xml2/Meta/nsInfo.rds 
readRDS: /quobyte/lasallegrp/projects/CHDS/WGBS/2025_intergen_BrCa_comethyl_George/reproducibility/pixi/.pixi/envs/default/lib/R/library/xml2/Meta/package.rds 
readRDS: /quobyte/lasallegrp/projects/CHDS/WGBS/2025_intergen_BrCa_comethyl_George/reproducibility/pixi/.pixi/envs/default/lib/R/library/xml2/Meta/features.rds 
loadNamespace: rlang 
loadNamespace: methods 
readRDS: /quobyte/lasallegrp/projects/CHDS/WGBS/2025_intergen_BrCa_comethyl_George/reproducibility/pixi/.pixi/envs/default/lib/R/library/xml2/Meta/package.rds 
loadNamespace: bsseq 
readRDS: /quobyte/lasallegrp/projects/CHDS/WGBS/2025_intergen_BrCa_comethyl_George/reproducibility/pixi/.pixi/envs/default/lib/R/library/bsseq/Meta/package.rds 
readRDS: /quobyte/lasallegrp/projects/CHDS/WGBS/2025_intergen_BrCa_comethyl_George/reproducibility/pixi/.pixi/envs/default/lib/R/library/bsseq/Meta/nsInfo.rds 
readRDS: /quobyte/lasallegrp/projects/CHDS/WGBS/2025_intergen_BrCa_comethyl_George/reproducibility/pixi/.pixi/envs/default/lib/R/library/bsseq/Meta/package.rds 
loadNamespace: methods 
readRDS: /quobyte/lasallegrp/projects/CHDS/WGBS/2025_intergen_BrCa_comethyl_George/reproducibility/pixi/.pixi/envs/default/lib/R/library/bsseq/Meta/features.rds 
loadNamespace: methods 
loadNamespace: S4Vectors 
loadNamespace: IRanges 
loadNamespace: GenomicRanges 
loadNamespace: SummarizedExperiment 
readRDS: /quobyte/lasallegrp/projects/CHDS/WGBS/2025_intergen_BrCa_comethyl_George/reproducibility/pixi/.pixi/envs/default/lib/R/library/SummarizedExperiment/Meta/package.rds 
readRDS: /quobyte/lasallegrp/projects/CHDS/WGBS/2025_intergen_BrCa_comethyl_George/reproducibility/pixi/.pixi/envs/default/lib/R/library/SummarizedExperiment/Meta/nsInfo.rds 
readRDS: /quobyte/lasallegrp/projects/CHDS/WGBS/2025_intergen_BrCa_comethyl_George/reproducibility/pixi/.pixi/envs/default/lib/R/library/SummarizedExperiment/Meta/package.rds 
loadNamespace: methods 
readRDS: /quobyte/lasallegrp/projects/CHDS/WGBS/2025_intergen_BrCa_comethyl_George/reproducibility/pixi/.pixi/envs/default/lib/R/library/SummarizedExperiment/Meta/features.rds 
loadNamespace: methods 
loadNamespace: utils 
loadNamespace: stats 
loadNamespace: tools 
loadNamespace: BiocGenerics 
loadNamespace: MatrixGenerics 
readRDS: /quobyte/lasallegrp/projects/CHDS/WGBS/2025_intergen_BrCa_comethyl_George/reproducibility/pixi/.pixi/envs/default/lib/R/library/MatrixGenerics/Meta/package.rds 
readRDS: /quobyte/lasallegrp/projects/CHDS/WGBS/2025_intergen_BrCa_comethyl_George/reproducibility/pixi/.pixi/envs/default/lib/R/library/MatrixGenerics/Meta/nsInfo.rds 
readRDS: /quobyte/lasallegrp/projects/CHDS/WGBS/2025_intergen_BrCa_comethyl_George/reproducibility/pixi/.pixi/envs/default/lib/R/library/MatrixGenerics/Meta/package.rds 
readRDS: /quobyte/lasallegrp/projects/CHDS/WGBS/2025_intergen_BrCa_comethyl_George/reproducibility/pixi/.pixi/envs/default/lib/R/library/MatrixGenerics/Meta/features.rds 
loadNamespace: matrixStats 
loadNamespace: methods 
loadNamespace: S4Vectors 
loadNamespace: IRanges 
loadNamespace: GenomeInfoDb 
loadNamespace: GenomicRanges 
loadNamespace: Biobase 
loadNamespace: S4Arrays 
readRDS: /quobyte/lasallegrp/projects/CHDS/WGBS/2025_intergen_BrCa_comethyl_George/reproducibility/pixi/.pixi/envs/default/lib/R/library/S4Arrays/Meta/package.rds 
readRDS: /quobyte/lasallegrp/projects/CHDS/WGBS/2025_intergen_BrCa_comethyl_George/reproducibility/pixi/.pixi/envs/default/lib/R/library/S4Arrays/Meta/nsInfo.rds 
readRDS: /quobyte/lasallegrp/projects/CHDS/WGBS/2025_intergen_BrCa_comethyl_George/reproducibility/pixi/.pixi/envs/default/lib/R/library/S4Arrays/Meta/package.rds 
loadNamespace: methods 
readRDS: /quobyte/lasallegrp/projects/CHDS/WGBS/2025_intergen_BrCa_comethyl_George/reproducibility/pixi/.pixi/envs/default/lib/R/library/S4Arrays/Meta/features.rds 
loadNamespace: methods 
loadNamespace: stats 
loadNamespace: crayon 
loadNamespace: abind 
readRDS: /quobyte/lasallegrp/projects/CHDS/WGBS/2025_intergen_BrCa_comethyl_George/reproducibility/pixi/.pixi/envs/default/lib/R/library/abind/Meta/package.rds 
readRDS: /quobyte/lasallegrp/projects/CHDS/WGBS/2025_intergen_BrCa_comethyl_George/reproducibility/pixi/.pixi/envs/default/lib/R/library/abind/Meta/nsInfo.rds 
readRDS: /quobyte/lasallegrp/projects/CHDS/WGBS/2025_intergen_BrCa_comethyl_George/reproducibility/pixi/.pixi/envs/default/lib/R/library/abind/Meta/package.rds 
readRDS: /quobyte/lasallegrp/projects/CHDS/WGBS/2025_intergen_BrCa_comethyl_George/reproducibility/pixi/.pixi/envs/default/lib/R/library/abind/Meta/features.rds 
loadNamespace: methods 
loadNamespace: utils 
loadNamespace: BiocGenerics 
loadNamespace: S4Vectors 
loadNamespace: IRanges 
loadNamespace: Matrix 
readRDS: /quobyte/lasallegrp/projects/CHDS/WGBS/2025_intergen_BrCa_comethyl_George/reproducibility/pixi/.pixi/envs/default/lib/R/library/S4Arrays/Meta/package.rds 
loadNamespace: DelayedArray 
readRDS: /quobyte/lasallegrp/projects/CHDS/WGBS/2025_intergen_BrCa_comethyl_George/reproducibility/pixi/.pixi/envs/default/lib/R/library/DelayedArray/Meta/package.rds 
readRDS: /quobyte/lasallegrp/projects/CHDS/WGBS/2025_intergen_BrCa_comethyl_George/reproducibility/pixi/.pixi/envs/default/lib/R/library/DelayedArray/Meta/nsInfo.rds 
readRDS: /quobyte/lasallegrp/projects/CHDS/WGBS/2025_intergen_BrCa_comethyl_George/reproducibility/pixi/.pixi/envs/default/lib/R/library/DelayedArray/Meta/package.rds 
loadNamespace: methods 
readRDS: /quobyte/lasallegrp/projects/CHDS/WGBS/2025_intergen_BrCa_comethyl_George/reproducibility/pixi/.pixi/envs/default/lib/R/library/DelayedArray/Meta/features.rds 
loadNamespace: methods 
loadNamespace: utils 
loadNamespace: stats 
loadNamespace: stats4 
loadNamespace: Matrix 
loadNamespace: BiocGenerics 
loadNamespace: MatrixGenerics 
loadNamespace: S4Vectors 
loadNamespace: IRanges 
loadNamespace: S4Arrays 
loadNamespace: SparseArray 
readRDS: /quobyte/lasallegrp/projects/CHDS/WGBS/2025_intergen_BrCa_comethyl_George/reproducibility/pixi/.pixi/envs/default/lib/R/library/SparseArray/Meta/package.rds 
readRDS: /quobyte/lasallegrp/projects/CHDS/WGBS/2025_intergen_BrCa_comethyl_George/reproducibility/pixi/.pixi/envs/default/lib/R/library/SparseArray/Meta/nsInfo.rds 
readRDS: /quobyte/lasallegrp/projects/CHDS/WGBS/2025_intergen_BrCa_comethyl_George/reproducibility/pixi/.pixi/envs/default/lib/R/library/SparseArray/Meta/package.rds 
loadNamespace: methods 
readRDS: /quobyte/lasallegrp/projects/CHDS/WGBS/2025_intergen_BrCa_comethyl_George/reproducibility/pixi/.pixi/envs/default/lib/R/library/SparseArray/Meta/features.rds 
loadNamespace: methods 
loadNamespace: stats 
loadNamespace: Matrix 
loadNamespace: BiocGenerics 
loadNamespace: MatrixGenerics 
loadNamespace: S4Vectors 
loadNamespace: IRanges 
loadNamespace: XVector 
loadNamespace: S4Arrays 
loadNamespace: Matrix 
readRDS: /quobyte/lasallegrp/projects/CHDS/WGBS/2025_intergen_BrCa_comethyl_George/reproducibility/pixi/.pixi/envs/default/lib/R/library/SparseArray/Meta/package.rds 
loadNamespace: Matrix 
readRDS: /quobyte/lasallegrp/projects/CHDS/WGBS/2025_intergen_BrCa_comethyl_George/reproducibility/pixi/.pixi/envs/default/lib/R/library/DelayedArray/Meta/package.rds 
loadNamespace: Matrix 
loadNamespace: DelayedArray 
loadNamespace: HDF5Array 
readRDS: /quobyte/lasallegrp/projects/CHDS/WGBS/2025_intergen_BrCa_comethyl_George/reproducibility/pixi/.pixi/envs/default/lib/R/library/HDF5Array/Meta/package.rds 
readRDS: /quobyte/lasallegrp/projects/CHDS/WGBS/2025_intergen_BrCa_comethyl_George/reproducibility/pixi/.pixi/envs/default/lib/R/library/HDF5Array/Meta/nsInfo.rds 
readRDS: /quobyte/lasallegrp/projects/CHDS/WGBS/2025_intergen_BrCa_comethyl_George/reproducibility/pixi/.pixi/envs/default/lib/R/library/HDF5Array/Meta/package.rds 
loadNamespace: methods 
readRDS: /quobyte/lasallegrp/projects/CHDS/WGBS/2025_intergen_BrCa_comethyl_George/reproducibility/pixi/.pixi/envs/default/lib/R/library/HDF5Array/Meta/features.rds 
loadNamespace: methods 
loadNamespace: utils 
loadNamespace: stats 
loadNamespace: tools 
loadNamespace: Matrix 
loadNamespace: rhdf5filters 
readRDS: /quobyte/lasallegrp/projects/CHDS/WGBS/2025_intergen_BrCa_comethyl_George/reproducibility/pixi/.pixi/envs/default/lib/R/library/rhdf5filters/Meta/package.rds 
readRDS: /quobyte/lasallegrp/projects/CHDS/WGBS/2025_intergen_BrCa_comethyl_George/reproducibility/pixi/.pixi/envs/default/lib/R/library/rhdf5filters/Meta/nsInfo.rds 
readRDS: /quobyte/lasallegrp/projects/CHDS/WGBS/2025_intergen_BrCa_comethyl_George/reproducibility/pixi/.pixi/envs/default/lib/R/library/rhdf5filters/Meta/package.rds 
readRDS: /quobyte/lasallegrp/projects/CHDS/WGBS/2025_intergen_BrCa_comethyl_George/reproducibility/pixi/.pixi/envs/default/lib/R/library/rhdf5filters/Meta/features.rds 
readRDS: /quobyte/lasallegrp/projects/CHDS/WGBS/2025_intergen_BrCa_comethyl_George/reproducibility/pixi/.pixi/envs/default/lib/R/library/rhdf5filters/Meta/package.rds 
readRDS: /quobyte/lasallegrp/projects/CHDS/WGBS/2025_intergen_BrCa_comethyl_George/reproducibility/pixi/.pixi/envs/default/lib/R/library/rhdf5filters/Meta/package.rds 
loadNamespace: rhdf5 
readRDS: /quobyte/lasallegrp/projects/CHDS/WGBS/2025_intergen_BrCa_comethyl_George/reproducibility/pixi/.pixi/envs/default/lib/R/library/rhdf5/Meta/package.rds 
readRDS: /quobyte/lasallegrp/projects/CHDS/WGBS/2025_intergen_BrCa_comethyl_George/reproducibility/pixi/.pixi/envs/default/lib/R/library/rhdf5/Meta/nsInfo.rds 
readRDS: /quobyte/lasallegrp/projects/CHDS/WGBS/2025_intergen_BrCa_comethyl_George/reproducibility/pixi/.pixi/envs/default/lib/R/library/rhdf5/Meta/package.rds 
loadNamespace: methods 
readRDS: /quobyte/lasallegrp/projects/CHDS/WGBS/2025_intergen_BrCa_comethyl_George/reproducibility/pixi/.pixi/envs/default/lib/R/library/rhdf5/Meta/features.rds 
loadNamespace: Rhdf5lib 
readRDS: /quobyte/lasallegrp/projects/CHDS/WGBS/2025_intergen_BrCa_comethyl_George/reproducibility/pixi/.pixi/envs/default/lib/R/library/Rhdf5lib/Meta/package.rds 
readRDS: /quobyte/lasallegrp/projects/CHDS/WGBS/2025_intergen_BrCa_comethyl_George/reproducibility/pixi/.pixi/envs/default/lib/R/library/Rhdf5lib/Meta/nsInfo.rds 
readRDS: /quobyte/lasallegrp/projects/CHDS/WGBS/2025_intergen_BrCa_comethyl_George/reproducibility/pixi/.pixi/envs/default/lib/R/library/Rhdf5lib/Meta/package.rds 
readRDS: /quobyte/lasallegrp/projects/CHDS/WGBS/2025_intergen_BrCa_comethyl_George/reproducibility/pixi/.pixi/envs/default/lib/R/library/Rhdf5lib/Meta/features.rds 
readRDS: /quobyte/lasallegrp/projects/CHDS/WGBS/2025_intergen_BrCa_comethyl_George/reproducibility/pixi/.pixi/envs/default/lib/R/library/Rhdf5lib/Meta/package.rds 
loadNamespace: methods 
loadNamespace: rhdf5filters 
loadNamespace: utils 
loadNamespace: utils 
loadNamespace: utils 
readRDS: /quobyte/lasallegrp/projects/CHDS/WGBS/2025_intergen_BrCa_comethyl_George/reproducibility/pixi/.pixi/envs/default/lib/R/library/rhdf5/Meta/package.rds 
loadNamespace: BiocGenerics 
loadNamespace: S4Vectors 
loadNamespace: IRanges 
loadNamespace: S4Arrays 
loadNamespace: DelayedArray 
readRDS: /quobyte/lasallegrp/projects/CHDS/WGBS/2025_intergen_BrCa_comethyl_George/reproducibility/pixi/.pixi/envs/default/lib/R/library/HDF5Array/Meta/package.rds 
loadNamespace: BiocParallel 
readRDS: /quobyte/lasallegrp/projects/CHDS/WGBS/2025_intergen_BrCa_comethyl_George/reproducibility/pixi/.pixi/envs/default/lib/R/library/BiocParallel/Meta/package.rds 
readRDS: /quobyte/lasallegrp/projects/CHDS/WGBS/2025_intergen_BrCa_comethyl_George/reproducibility/pixi/.pixi/envs/default/lib/R/library/BiocParallel/Meta/nsInfo.rds 
readRDS: /quobyte/lasallegrp/projects/CHDS/WGBS/2025_intergen_BrCa_comethyl_George/reproducibility/pixi/.pixi/envs/default/lib/R/library/BiocParallel/Meta/package.rds 
loadNamespace: methods 
readRDS: /quobyte/lasallegrp/projects/CHDS/WGBS/2025_intergen_BrCa_comethyl_George/reproducibility/pixi/.pixi/envs/default/lib/R/library/BiocParallel/Meta/features.rds 
loadNamespace: methods 
loadNamespace: stats 
loadNamespace: utils 
loadNamespace: parallel 
loadNamespace: codetools 
readRDS: /quobyte/lasallegrp/projects/CHDS/WGBS/2025_intergen_BrCa_comethyl_George/reproducibility/pixi/.pixi/envs/default/lib/R/library/BiocParallel/Meta/package.rds 
loadNamespace: limma 
readRDS: /quobyte/lasallegrp/projects/CHDS/WGBS/2025_intergen_BrCa_comethyl_George/reproducibility/pixi/.pixi/envs/default/lib/R/library/limma/Meta/package.rds 
readRDS: /quobyte/lasallegrp/projects/CHDS/WGBS/2025_intergen_BrCa_comethyl_George/reproducibility/pixi/.pixi/envs/default/lib/R/library/limma/Meta/nsInfo.rds 
readRDS: /quobyte/lasallegrp/projects/CHDS/WGBS/2025_intergen_BrCa_comethyl_George/reproducibility/pixi/.pixi/envs/default/lib/R/library/limma/Meta/package.rds 
readRDS: /quobyte/lasallegrp/projects/CHDS/WGBS/2025_intergen_BrCa_comethyl_George/reproducibility/pixi/.pixi/envs/default/lib/R/library/limma/Meta/features.rds 
loadNamespace: methods 
loadNamespace: grDevices 
loadNamespace: graphics 
loadNamespace: stats 
loadNamespace: utils 
loadNamespace: statmod 
readRDS: /quobyte/lasallegrp/projects/CHDS/WGBS/2025_intergen_BrCa_comethyl_George/reproducibility/pixi/.pixi/envs/default/lib/R/library/statmod/Meta/package.rds 
readRDS: /quobyte/lasallegrp/projects/CHDS/WGBS/2025_intergen_BrCa_comethyl_George/reproducibility/pixi/.pixi/envs/default/lib/R/library/statmod/Meta/nsInfo.rds 
readRDS: /quobyte/lasallegrp/projects/CHDS/WGBS/2025_intergen_BrCa_comethyl_George/reproducibility/pixi/.pixi/envs/default/lib/R/library/statmod/Meta/package.rds 
readRDS: /quobyte/lasallegrp/projects/CHDS/WGBS/2025_intergen_BrCa_comethyl_George/reproducibility/pixi/.pixi/envs/default/lib/R/library/statmod/Meta/features.rds 
loadNamespace: graphics 
loadNamespace: stats 
readRDS: /quobyte/lasallegrp/projects/CHDS/WGBS/2025_intergen_BrCa_comethyl_George/reproducibility/pixi/.pixi/envs/default/lib/R/library/statmod/Meta/package.rds 
readRDS: /quobyte/lasallegrp/projects/CHDS/WGBS/2025_intergen_BrCa_comethyl_George/reproducibility/pixi/.pixi/envs/default/lib/R/library/limma/Meta/package.rds 
loadNamespace: BiocGenerics 
loadNamespace: stats 
loadNamespace: graphics 
loadNamespace: parallel 
loadNamespace: locfit 
readRDS: /quobyte/lasallegrp/projects/CHDS/WGBS/2025_intergen_BrCa_comethyl_George/reproducibility/pixi/.pixi/envs/default/lib/R/library/locfit/Meta/package.rds 
readRDS: /quobyte/lasallegrp/projects/CHDS/WGBS/2025_intergen_BrCa_comethyl_George/reproducibility/pixi/.pixi/envs/default/lib/R/library/locfit/Meta/nsInfo.rds 
readRDS: /quobyte/lasallegrp/projects/CHDS/WGBS/2025_intergen_BrCa_comethyl_George/reproducibility/pixi/.pixi/envs/default/lib/R/library/locfit/Meta/package.rds 
readRDS: /quobyte/lasallegrp/projects/CHDS/WGBS/2025_intergen_BrCa_comethyl_George/reproducibility/pixi/.pixi/envs/default/lib/R/library/locfit/Meta/features.rds 
loadNamespace: graphics 
loadNamespace: stats 
loadNamespace: lattice 
loadNamespace: graphics 
loadNamespace: stats 
readRDS: /quobyte/lasallegrp/projects/CHDS/WGBS/2025_intergen_BrCa_comethyl_George/reproducibility/pixi/.pixi/envs/default/lib/R/library/locfit/Meta/package.rds 
loadNamespace: DelayedMatrixStats 
readRDS: /quobyte/lasallegrp/projects/CHDS/WGBS/2025_intergen_BrCa_comethyl_George/reproducibility/pixi/.pixi/envs/default/lib/R/library/DelayedMatrixStats/Meta/package.rds 
readRDS: /quobyte/lasallegrp/projects/CHDS/WGBS/2025_intergen_BrCa_comethyl_George/reproducibility/pixi/.pixi/envs/default/lib/R/library/DelayedMatrixStats/Meta/nsInfo.rds 
readRDS: /quobyte/lasallegrp/projects/CHDS/WGBS/2025_intergen_BrCa_comethyl_George/reproducibility/pixi/.pixi/envs/default/lib/R/library/DelayedMatrixStats/Meta/package.rds 
readRDS: /quobyte/lasallegrp/projects/CHDS/WGBS/2025_intergen_BrCa_comethyl_George/reproducibility/pixi/.pixi/envs/default/lib/R/library/DelayedMatrixStats/Meta/features.rds 
loadNamespace: MatrixGenerics 
loadNamespace: methods 
loadNamespace: sparseMatrixStats 
readRDS: /quobyte/lasallegrp/projects/CHDS/WGBS/2025_intergen_BrCa_comethyl_George/reproducibility/pixi/.pixi/envs/default/lib/R/library/sparseMatrixStats/Meta/package.rds 
readRDS: /quobyte/lasallegrp/projects/CHDS/WGBS/2025_intergen_BrCa_comethyl_George/reproducibility/pixi/.pixi/envs/default/lib/R/library/sparseMatrixStats/Meta/nsInfo.rds 
readRDS: /quobyte/lasallegrp/projects/CHDS/WGBS/2025_intergen_BrCa_comethyl_George/reproducibility/pixi/.pixi/envs/default/lib/R/library/sparseMatrixStats/Meta/package.rds 
readRDS: /quobyte/lasallegrp/projects/CHDS/WGBS/2025_intergen_BrCa_comethyl_George/reproducibility/pixi/.pixi/envs/default/lib/R/library/sparseMatrixStats/Meta/features.rds 
loadNamespace: MatrixGenerics 
loadNamespace: methods 
loadNamespace: Matrix 
loadNamespace: Rcpp 
loadNamespace: matrixStats 
loadNamespace: stats 
loadNamespace: Matrix 
loadNamespace: Matrix 
readRDS: /quobyte/lasallegrp/projects/CHDS/WGBS/2025_intergen_BrCa_comethyl_George/reproducibility/pixi/.pixi/envs/default/lib/R/library/sparseMatrixStats/Meta/package.rds 
loadNamespace: DelayedArray 
loadNamespace: DelayedArray 
loadNamespace: DelayedArray 
loadNamespace: DelayedArray 
loadNamespace: DelayedArray 
loadNamespace: DelayedArray 
loadNamespace: DelayedArray 
loadNamespace: IRanges 
loadNamespace: IRanges 
loadNamespace: IRanges 
loadNamespace: S4Vectors 
loadNamespace: S4Vectors 
loadNamespace: S4Vectors 
loadNamespace: DelayedArray 
loadNamespace: Matrix 
loadNamespace: DelayedArray 
loadNamespace: DelayedArray 
loadNamespace: IRanges 
loadNamespace: IRanges 
loadNamespace: IRanges 
loadNamespace: IRanges 
loadNamespace: Matrix 
loadNamespace: Matrix 
loadNamespace: Matrix 
loadNamespace: Matrix 
loadNamespace: scales 
loadNamespace: Biobase 
loadNamespace: GenomeInfoDb 
loadNamespace: gtools 
readRDS: /quobyte/lasallegrp/projects/CHDS/WGBS/2025_intergen_BrCa_comethyl_George/reproducibility/pixi/.pixi/envs/default/lib/R/library/gtools/Meta/package.rds 
readRDS: /quobyte/lasallegrp/projects/CHDS/WGBS/2025_intergen_BrCa_comethyl_George/reproducibility/pixi/.pixi/envs/default/lib/R/library/gtools/Meta/nsInfo.rds 
readRDS: /quobyte/lasallegrp/projects/CHDS/WGBS/2025_intergen_BrCa_comethyl_George/reproducibility/pixi/.pixi/envs/default/lib/R/library/gtools/Meta/package.rds 
loadNamespace: methods 
readRDS: /quobyte/lasallegrp/projects/CHDS/WGBS/2025_intergen_BrCa_comethyl_George/reproducibility/pixi/.pixi/envs/default/lib/R/library/gtools/Meta/features.rds 
loadNamespace: methods 
loadNamespace: methods 
loadNamespace: stats 
loadNamespace: stats 
loadNamespace: stats 
loadNamespace: stats 
loadNamespace: utils 
loadNamespace: utils 
loadNamespace: utils 
loadNamespace: utils 
loadNamespace: utils 
loadNamespace: utils 
loadNamespace: utils 
readRDS: /quobyte/lasallegrp/projects/CHDS/WGBS/2025_intergen_BrCa_comethyl_George/reproducibility/pixi/.pixi/envs/default/lib/R/library/gtools/Meta/package.rds 
loadNamespace: Rcpp 
loadNamespace: data.table 
loadNamespace: permute 
readRDS: /quobyte/lasallegrp/projects/CHDS/WGBS/2025_intergen_BrCa_comethyl_George/reproducibility/pixi/.pixi/envs/default/lib/R/library/permute/Meta/package.rds 
readRDS: /quobyte/lasallegrp/projects/CHDS/WGBS/2025_intergen_BrCa_comethyl_George/reproducibility/pixi/.pixi/envs/default/lib/R/library/permute/Meta/nsInfo.rds 
readRDS: /quobyte/lasallegrp/projects/CHDS/WGBS/2025_intergen_BrCa_comethyl_George/reproducibility/pixi/.pixi/envs/default/lib/R/library/permute/Meta/package.rds 
readRDS: /quobyte/lasallegrp/projects/CHDS/WGBS/2025_intergen_BrCa_comethyl_George/reproducibility/pixi/.pixi/envs/default/lib/R/library/permute/Meta/features.rds 
loadNamespace: stats 
loadNamespace: stats 
loadNamespace: Biostrings 
loadNamespace: utils 
loadNamespace: BSgenome 
readRDS: /quobyte/lasallegrp/projects/CHDS/WGBS/2025_intergen_BrCa_comethyl_George/reproducibility/pixi/.pixi/envs/default/lib/R/library/BSgenome/Meta/package.rds 
readRDS: /quobyte/lasallegrp/projects/CHDS/WGBS/2025_intergen_BrCa_comethyl_George/reproducibility/pixi/.pixi/envs/default/lib/R/library/BSgenome/Meta/nsInfo.rds 
readRDS: /quobyte/lasallegrp/projects/CHDS/WGBS/2025_intergen_BrCa_comethyl_George/reproducibility/pixi/.pixi/envs/default/lib/R/library/BSgenome/Meta/package.rds 
loadNamespace: methods 
readRDS: /quobyte/lasallegrp/projects/CHDS/WGBS/2025_intergen_BrCa_comethyl_George/reproducibility/pixi/.pixi/envs/default/lib/R/library/BSgenome/Meta/features.rds 
loadNamespace: methods 
loadNamespace: utils 
loadNamespace: stats 
loadNamespace: matrixStats 
loadNamespace: BiocGenerics 
loadNamespace: S4Vectors 
loadNamespace: IRanges 
loadNamespace: GenomeInfoDb 
loadNamespace: GenomicRanges 
loadNamespace: XVector 
loadNamespace: Biostrings 
loadNamespace: BiocIO 
readRDS: /quobyte/lasallegrp/projects/CHDS/WGBS/2025_intergen_BrCa_comethyl_George/reproducibility/pixi/.pixi/envs/default/lib/R/library/BiocIO/Meta/package.rds 
readRDS: /quobyte/lasallegrp/projects/CHDS/WGBS/2025_intergen_BrCa_comethyl_George/reproducibility/pixi/.pixi/envs/default/lib/R/library/BiocIO/Meta/nsInfo.rds 
readRDS: /quobyte/lasallegrp/projects/CHDS/WGBS/2025_intergen_BrCa_comethyl_George/reproducibility/pixi/.pixi/envs/default/lib/R/library/BiocIO/Meta/package.rds 
readRDS: /quobyte/lasallegrp/projects/CHDS/WGBS/2025_intergen_BrCa_comethyl_George/reproducibility/pixi/.pixi/envs/default/lib/R/library/BiocIO/Meta/features.rds 
loadNamespace: BiocGenerics 
loadNamespace: S4Vectors 
loadNamespace: S4Vectors 
loadNamespace: methods 
loadNamespace: methods 
loadNamespace: methods 
loadNamespace: methods 
loadNamespace: methods 
loadNamespace: methods 
loadNamespace: methods 
loadNamespace: tools 
loadNamespace: tools 
loadNamespace: tools 
loadNamespace: rtracklayer 
readRDS: /quobyte/lasallegrp/projects/CHDS/WGBS/2025_intergen_BrCa_comethyl_George/reproducibility/pixi/.pixi/envs/default/lib/R/library/rtracklayer/Meta/package.rds 
readRDS: /quobyte/lasallegrp/projects/CHDS/WGBS/2025_intergen_BrCa_comethyl_George/reproducibility/pixi/.pixi/envs/default/lib/R/library/rtracklayer/Meta/nsInfo.rds 
readRDS: /quobyte/lasallegrp/projects/CHDS/WGBS/2025_intergen_BrCa_comethyl_George/reproducibility/pixi/.pixi/envs/default/lib/R/library/rtracklayer/Meta/package.rds 
loadNamespace: methods 
readRDS: /quobyte/lasallegrp/projects/CHDS/WGBS/2025_intergen_BrCa_comethyl_George/reproducibility/pixi/.pixi/envs/default/lib/R/library/rtracklayer/Meta/features.rds 
loadNamespace: methods 
loadNamespace: BiocGenerics 
loadNamespace: zlibbioc 
loadNamespace: stats 
loadNamespace: utils 
loadNamespace: tools 
loadNamespace: grDevices 
loadNamespace: XML 
loadNamespace: RCurl 
loadNamespace: restfulr 
readRDS: /quobyte/lasallegrp/projects/CHDS/WGBS/2025_intergen_BrCa_comethyl_George/reproducibility/pixi/.pixi/envs/default/lib/R/library/restfulr/Meta/package.rds 
readRDS: /quobyte/lasallegrp/projects/CHDS/WGBS/2025_intergen_BrCa_comethyl_George/reproducibility/pixi/.pixi/envs/default/lib/R/library/restfulr/Meta/nsInfo.rds 
readRDS: /quobyte/lasallegrp/projects/CHDS/WGBS/2025_intergen_BrCa_comethyl_George/reproducibility/pixi/.pixi/envs/default/lib/R/library/restfulr/Meta/package.rds 
loadNamespace: methods 
readRDS: /quobyte/lasallegrp/projects/CHDS/WGBS/2025_intergen_BrCa_comethyl_George/reproducibility/pixi/.pixi/envs/default/lib/R/library/restfulr/Meta/features.rds 
loadNamespace: methods 
loadNamespace: RCurl 
loadNamespace: utils 
loadNamespace: XML 
loadNamespace: rjson 
readRDS: /quobyte/lasallegrp/projects/CHDS/WGBS/2025_intergen_BrCa_comethyl_George/reproducibility/pixi/.pixi/envs/default/lib/R/library/rjson/Meta/package.rds 
readRDS: /quobyte/lasallegrp/projects/CHDS/WGBS/2025_intergen_BrCa_comethyl_George/reproducibility/pixi/.pixi/envs/default/lib/R/library/rjson/Meta/nsInfo.rds 
readRDS: /quobyte/lasallegrp/projects/CHDS/WGBS/2025_intergen_BrCa_comethyl_George/reproducibility/pixi/.pixi/envs/default/lib/R/library/rjson/Meta/package.rds 
readRDS: /quobyte/lasallegrp/projects/CHDS/WGBS/2025_intergen_BrCa_comethyl_George/reproducibility/pixi/.pixi/envs/default/lib/R/library/rjson/Meta/features.rds 
readRDS: /quobyte/lasallegrp/projects/CHDS/WGBS/2025_intergen_BrCa_comethyl_George/reproducibility/pixi/.pixi/envs/default/lib/R/library/rjson/Meta/package.rds 
loadNamespace: S4Vectors 
loadNamespace: yaml 
readRDS: /quobyte/lasallegrp/projects/CHDS/WGBS/2025_intergen_BrCa_comethyl_George/reproducibility/pixi/.pixi/envs/default/lib/R/library/yaml/Meta/package.rds 
readRDS: /quobyte/lasallegrp/projects/CHDS/WGBS/2025_intergen_BrCa_comethyl_George/reproducibility/pixi/.pixi/envs/default/lib/R/library/yaml/Meta/nsInfo.rds 
readRDS: /quobyte/lasallegrp/projects/CHDS/WGBS/2025_intergen_BrCa_comethyl_George/reproducibility/pixi/.pixi/envs/default/lib/R/library/yaml/Meta/package.rds 
readRDS: /quobyte/lasallegrp/projects/CHDS/WGBS/2025_intergen_BrCa_comethyl_George/reproducibility/pixi/.pixi/envs/default/lib/R/library/yaml/Meta/features.rds 
readRDS: /quobyte/lasallegrp/projects/CHDS/WGBS/2025_intergen_BrCa_comethyl_George/reproducibility/pixi/.pixi/envs/default/lib/R/library/yaml/Meta/package.rds 
loadNamespace: S4Vectors 
readRDS: /quobyte/lasallegrp/projects/CHDS/WGBS/2025_intergen_BrCa_comethyl_George/reproducibility/pixi/.pixi/envs/default/lib/R/library/restfulr/Meta/package.rds 
loadNamespace: S4Vectors 
loadNamespace: XVector 
loadNamespace: GenomeInfoDb 
loadNamespace: IRanges 
loadNamespace: GenomicRanges 
loadNamespace: BiocIO 
loadNamespace: Biostrings 
loadNamespace: Rsamtools 
readRDS: /quobyte/lasallegrp/projects/CHDS/WGBS/2025_intergen_BrCa_comethyl_George/reproducibility/pixi/.pixi/envs/default/lib/R/library/Rsamtools/Meta/package.rds 
readRDS: /quobyte/lasallegrp/projects/CHDS/WGBS/2025_intergen_BrCa_comethyl_George/reproducibility/pixi/.pixi/envs/default/lib/R/library/Rsamtools/Meta/nsInfo.rds 
readRDS: /quobyte/lasallegrp/projects/CHDS/WGBS/2025_intergen_BrCa_comethyl_George/reproducibility/pixi/.pixi/envs/default/lib/R/library/Rsamtools/Meta/package.rds 
loadNamespace: methods 
readRDS: /quobyte/lasallegrp/projects/CHDS/WGBS/2025_intergen_BrCa_comethyl_George/reproducibility/pixi/.pixi/envs/default/lib/R/library/Rsamtools/Meta/features.rds 
loadNamespace: methods 
loadNamespace: zlibbioc 
loadNamespace: bitops 
loadNamespace: utils 
loadNamespace: stats 
loadNamespace: BiocGenerics 
loadNamespace: BiocParallel 
loadNamespace: S4Vectors 
loadNamespace: IRanges 
loadNamespace: GenomeInfoDb 
loadNamespace: GenomicRanges 
loadNamespace: XVector 
loadNamespace: Biostrings 
loadNamespace: BiocGenerics 
loadNamespace: GenomeInfoDb 
loadNamespace: GenomicRanges 
loadNamespace: Biostrings 
loadNamespace: GenomicRanges 
readRDS: /quobyte/lasallegrp/projects/CHDS/WGBS/2025_intergen_BrCa_comethyl_George/reproducibility/pixi/.pixi/envs/default/lib/R/library/Rsamtools/Meta/package.rds 
loadNamespace: Biostrings 
loadNamespace: Rsamtools 
loadNamespace: GenomicAlignments 
readRDS: /quobyte/lasallegrp/projects/CHDS/WGBS/2025_intergen_BrCa_comethyl_George/reproducibility/pixi/.pixi/envs/default/lib/R/library/GenomicAlignments/Meta/package.rds 
readRDS: /quobyte/lasallegrp/projects/CHDS/WGBS/2025_intergen_BrCa_comethyl_George/reproducibility/pixi/.pixi/envs/default/lib/R/library/GenomicAlignments/Meta/nsInfo.rds 
readRDS: /quobyte/lasallegrp/projects/CHDS/WGBS/2025_intergen_BrCa_comethyl_George/reproducibility/pixi/.pixi/envs/default/lib/R/library/GenomicAlignments/Meta/package.rds 
loadNamespace: methods 
readRDS: /quobyte/lasallegrp/projects/CHDS/WGBS/2025_intergen_BrCa_comethyl_George/reproducibility/pixi/.pixi/envs/default/lib/R/library/GenomicAlignments/Meta/features.rds 
loadNamespace: methods 
loadNamespace: utils 
loadNamespace: stats 
loadNamespace: BiocGenerics 
loadNamespace: S4Vectors 
loadNamespace: IRanges 
loadNamespace: GenomeInfoDb 
loadNamespace: GenomicRanges 
loadNamespace: SummarizedExperiment 
loadNamespace: Biostrings 
loadNamespace: Rsamtools 
loadNamespace: BiocParallel 
readRDS: /quobyte/lasallegrp/projects/CHDS/WGBS/2025_intergen_BrCa_comethyl_George/reproducibility/pixi/.pixi/envs/default/lib/R/library/GenomicAlignments/Meta/package.rds 
loadNamespace: XML 
loadNamespace: Biostrings 
loadNamespace: Rsamtools 
loadNamespace: GenomicAlignments 
readRDS: /quobyte/lasallegrp/projects/CHDS/WGBS/2025_intergen_BrCa_comethyl_George/reproducibility/pixi/.pixi/envs/default/lib/R/library/rtracklayer/Meta/package.rds 
loadNamespace: Rsamtools 
loadNamespace: BiocIO 
loadNamespace: tools 
loadNamespace: R.utils 
readRDS: /quobyte/lasallegrp/projects/CHDS/WGBS/2025_intergen_BrCa_comethyl_George/reproducibility/pixi/.pixi/envs/default/lib/R/library/R.utils/Meta/package.rds 
readRDS: /quobyte/lasallegrp/projects/CHDS/WGBS/2025_intergen_BrCa_comethyl_George/reproducibility/pixi/.pixi/envs/default/lib/R/library/R.utils/Meta/nsInfo.rds 
readRDS: /quobyte/lasallegrp/projects/CHDS/WGBS/2025_intergen_BrCa_comethyl_George/reproducibility/pixi/.pixi/envs/default/lib/R/library/R.utils/Meta/package.rds 
readRDS: /quobyte/lasallegrp/projects/CHDS/WGBS/2025_intergen_BrCa_comethyl_George/reproducibility/pixi/.pixi/envs/default/lib/R/library/R.utils/Meta/features.rds 
loadNamespace: R.methodsS3 
readRDS: /quobyte/lasallegrp/projects/CHDS/WGBS/2025_intergen_BrCa_comethyl_George/reproducibility/pixi/.pixi/envs/default/lib/R/library/R.methodsS3/Meta/package.rds 
readRDS: /quobyte/lasallegrp/projects/CHDS/WGBS/2025_intergen_BrCa_comethyl_George/reproducibility/pixi/.pixi/envs/default/lib/R/library/R.methodsS3/Meta/nsInfo.rds 
readRDS: /quobyte/lasallegrp/projects/CHDS/WGBS/2025_intergen_BrCa_comethyl_George/reproducibility/pixi/.pixi/envs/default/lib/R/library/R.methodsS3/Meta/package.rds 
readRDS: /quobyte/lasallegrp/projects/CHDS/WGBS/2025_intergen_BrCa_comethyl_George/reproducibility/pixi/.pixi/envs/default/lib/R/library/R.methodsS3/Meta/features.rds 
loadNamespace: utils 
loadNamespace: utils 
loadNamespace: utils 
loadNamespace: utils 
loadNamespace: utils 
loadNamespace: R.oo 
readRDS: /quobyte/lasallegrp/projects/CHDS/WGBS/2025_intergen_BrCa_comethyl_George/reproducibility/pixi/.pixi/envs/default/lib/R/library/R.oo/Meta/package.rds 
readRDS: /quobyte/lasallegrp/projects/CHDS/WGBS/2025_intergen_BrCa_comethyl_George/reproducibility/pixi/.pixi/envs/default/lib/R/library/R.oo/Meta/nsInfo.rds 
readRDS: /quobyte/lasallegrp/projects/CHDS/WGBS/2025_intergen_BrCa_comethyl_George/reproducibility/pixi/.pixi/envs/default/lib/R/library/R.oo/Meta/package.rds 
readRDS: /quobyte/lasallegrp/projects/CHDS/WGBS/2025_intergen_BrCa_comethyl_George/reproducibility/pixi/.pixi/envs/default/lib/R/library/R.oo/Meta/features.rds 
loadNamespace: R.methodsS3 
loadNamespace: R.methodsS3 
loadNamespace: R.methodsS3 
loadNamespace: R.methodsS3 
loadNamespace: R.methodsS3 
loadNamespace: methods 
loadNamespace: methods 
loadNamespace: methods 
loadNamespace: methods 
loadNamespace: utils 
loadNamespace: utils 
loadNamespace: utils 
loadNamespace: utils 
loadNamespace: utils 
loadNamespace: utils 
loadNamespace: utils 
loadNamespace: utils 
loadNamespace: utils 
loadNamespace: utils 
loadNamespace: utils 
loadNamespace: utils 
loadNamespace: utils 
loadNamespace: utils 
loadNamespace: stats 
loadNamespace: R.oo 
loadNamespace: R.oo 
loadNamespace: R.oo 
loadNamespace: R.oo 
loadNamespace: R.oo 
loadNamespace: R.oo 
loadNamespace: R.oo 
loadNamespace: R.oo 
loadNamespace: R.oo 
loadNamespace: R.oo 
loadNamespace: R.oo 
loadNamespace: R.oo 
loadNamespace: R.oo 
loadNamespace: R.oo 
loadNamespace: R.oo 
loadNamespace: R.oo 
loadNamespace: R.oo 
loadNamespace: R.oo 
loadNamespace: R.oo 
loadNamespace: R.oo 
loadNamespace: graphics 
loadNamespace: graphics 
loadNamespace: graphics 
loadNamespace: graphics 
loadNamespace: graphics 
loadNamespace: graphics 
loadNamespace: grDevices 
loadNamespace: grDevices 
loadNamespace: grDevices 
loadNamespace: methods 
loadNamespace: methods 
loadNamespace: stats 
loadNamespace: stats 
loadNamespace: utils 
loadNamespace: utils 
loadNamespace: utils 
loadNamespace: utils 
loadNamespace: utils 
loadNamespace: utils 
loadNamespace: utils 
loadNamespace: utils 
loadNamespace: utils 
loadNamespace: utils 
loadNamespace: utils 
loadNamespace: utils 
loadNamespace: utils 
loadNamespace: utils 
loadNamespace: utils 
loadNamespace: utils 
loadNamespace: utils 
loadNamespace: utils 
loadNamespace: R.oo 
readRDS: /quobyte/lasallegrp/projects/CHDS/WGBS/2025_intergen_BrCa_comethyl_George/reproducibility/pixi/.pixi/envs/default/lib/R/library/R.utils/Meta/package.rds 
readRDS: /quobyte/lasallegrp/projects/CHDS/WGBS/2025_intergen_BrCa_comethyl_George/reproducibility/pixi/.pixi/envs/default/lib/R/library/R.utils/Meta/package.rds 
loadNamespace: Biobase 
loadNamespace: Biobase 
loadNamespace: GenomeInfoDb 
readRDS: /quobyte/lasallegrp/projects/CHDS/WGBS/2025_intergen_BrCa_comethyl_George/reproducibility/pixi/.pixi/envs/default/lib/R/library/bsseq/Meta/package.rds 
loadNamespace: cowplot 
readRDS: /quobyte/lasallegrp/projects/CHDS/WGBS/2025_intergen_BrCa_comethyl_George/reproducibility/pixi/.pixi/envs/default/lib/R/library/cowplot/Meta/package.rds 
readRDS: /quobyte/lasallegrp/projects/CHDS/WGBS/2025_intergen_BrCa_comethyl_George/reproducibility/pixi/.pixi/envs/default/lib/R/library/cowplot/Meta/nsInfo.rds 
readRDS: /quobyte/lasallegrp/projects/CHDS/WGBS/2025_intergen_BrCa_comethyl_George/reproducibility/pixi/.pixi/envs/default/lib/R/library/cowplot/Meta/package.rds 
readRDS: /quobyte/lasallegrp/projects/CHDS/WGBS/2025_intergen_BrCa_comethyl_George/reproducibility/pixi/.pixi/envs/default/lib/R/library/cowplot/Meta/features.rds 
loadNamespace: ggplot2 
loadNamespace: grid 
loadNamespace: rlang 
loadNamespace: ggplot2 
loadNamespace: ggplot2 
loadNamespace: ggplot2 
loadNamespace: grid 
loadNamespace: ggdendro 
readRDS: /quobyte/lasallegrp/projects/CHDS/WGBS/2025_intergen_BrCa_comethyl_George/reproducibility/pixi/.pixi/envs/default/lib/R/library/ggdendro/Meta/package.rds 
readRDS: /quobyte/lasallegrp/projects/CHDS/WGBS/2025_intergen_BrCa_comethyl_George/reproducibility/pixi/.pixi/envs/default/lib/R/library/ggdendro/Meta/nsInfo.rds 
readRDS: /quobyte/lasallegrp/projects/CHDS/WGBS/2025_intergen_BrCa_comethyl_George/reproducibility/pixi/.pixi/envs/default/lib/R/library/ggdendro/Meta/package.rds 
readRDS: /quobyte/lasallegrp/projects/CHDS/WGBS/2025_intergen_BrCa_comethyl_George/reproducibility/pixi/.pixi/envs/default/lib/R/library/ggdendro/Meta/features.rds 
loadNamespace: MASS 
readRDS: /quobyte/lasallegrp/projects/CHDS/WGBS/2025_intergen_BrCa_comethyl_George/reproducibility/pixi/.pixi/envs/default/lib/R/library/MASS/Meta/package.rds 
readRDS: /quobyte/lasallegrp/projects/CHDS/WGBS/2025_intergen_BrCa_comethyl_George/reproducibility/pixi/.pixi/envs/default/lib/R/library/MASS/Meta/nsInfo.rds 
readRDS: /quobyte/lasallegrp/projects/CHDS/WGBS/2025_intergen_BrCa_comethyl_George/reproducibility/pixi/.pixi/envs/default/lib/R/library/MASS/Meta/package.rds 
readRDS: /quobyte/lasallegrp/projects/CHDS/WGBS/2025_intergen_BrCa_comethyl_George/reproducibility/pixi/.pixi/envs/default/lib/R/library/MASS/Meta/features.rds 
loadNamespace: grDevices 
loadNamespace: graphics 
loadNamespace: stats 
readRDS: /quobyte/lasallegrp/projects/CHDS/WGBS/2025_intergen_BrCa_comethyl_George/reproducibility/pixi/.pixi/envs/default/lib/R/library/MASS/Meta/package.rds 
loadNamespace: ggplot2 
loadNamespace: grDevices 
loadNamespace: grDevices 
loadNamespace: grDevices 
loadNamespace: graphics 
loadNamespace: graphics 
loadNamespace: graphics 
loadNamespace: graphics 
loadNamespace: stats 
loadNamespace: stats 
loadNamespace: stats 
loadNamespace: utils 
loadNamespace: utils 
loadNamespace: utils 
loadNamespace: ggplot2 
loadNamespace: grDevices 
loadNamespace: rGREAT 
readRDS: /quobyte/lasallegrp/projects/CHDS/WGBS/2025_intergen_BrCa_comethyl_George/reproducibility/pixi/.pixi/envs/default/lib/R/library/rGREAT/Meta/package.rds 
readRDS: /quobyte/lasallegrp/projects/CHDS/WGBS/2025_intergen_BrCa_comethyl_George/reproducibility/pixi/.pixi/envs/default/lib/R/library/rGREAT/Meta/nsInfo.rds 
readRDS: /quobyte/lasallegrp/projects/CHDS/WGBS/2025_intergen_BrCa_comethyl_George/reproducibility/pixi/.pixi/envs/default/lib/R/library/rGREAT/Meta/package.rds 
loadNamespace: methods 
readRDS: /quobyte/lasallegrp/projects/CHDS/WGBS/2025_intergen_BrCa_comethyl_George/reproducibility/pixi/.pixi/envs/default/lib/R/library/rGREAT/Meta/features.rds 
loadNamespace: AnnotationDbi 
loadNamespace: DT 
readRDS: /quobyte/lasallegrp/projects/CHDS/WGBS/2025_intergen_BrCa_comethyl_George/reproducibility/pixi/.pixi/envs/default/lib/R/library/DT/Meta/package.rds 
readRDS: /quobyte/lasallegrp/projects/CHDS/WGBS/2025_intergen_BrCa_comethyl_George/reproducibility/pixi/.pixi/envs/default/lib/R/library/DT/Meta/nsInfo.rds 
readRDS: /quobyte/lasallegrp/projects/CHDS/WGBS/2025_intergen_BrCa_comethyl_George/reproducibility/pixi/.pixi/envs/default/lib/R/library/DT/Meta/package.rds 
readRDS: /quobyte/lasallegrp/projects/CHDS/WGBS/2025_intergen_BrCa_comethyl_George/reproducibility/pixi/.pixi/envs/default/lib/R/library/DT/Meta/features.rds 
loadNamespace: stats 
loadNamespace: utils 
loadNamespace: htmltools 
loadNamespace: htmltools 
loadNamespace: htmltools 
loadNamespace: htmltools 
loadNamespace: htmltools 
loadNamespace: htmlwidgets 
loadNamespace: htmlwidgets 
loadNamespace: magrittr 
loadNamespace: GO.db 
loadNamespace: GenomeInfoDb 
loadNamespace: GenomicFeatures 
readRDS: /quobyte/lasallegrp/projects/CHDS/WGBS/2025_intergen_BrCa_comethyl_George/reproducibility/pixi/.pixi/envs/default/lib/R/library/GenomicFeatures/Meta/package.rds 
readRDS: /quobyte/lasallegrp/projects/CHDS/WGBS/2025_intergen_BrCa_comethyl_George/reproducibility/pixi/.pixi/envs/default/lib/R/library/GenomicFeatures/Meta/nsInfo.rds 
readRDS: /quobyte/lasallegrp/projects/CHDS/WGBS/2025_intergen_BrCa_comethyl_George/reproducibility/pixi/.pixi/envs/default/lib/R/library/GenomicFeatures/Meta/package.rds 
readRDS: /quobyte/lasallegrp/projects/CHDS/WGBS/2025_intergen_BrCa_comethyl_George/reproducibility/pixi/.pixi/envs/default/lib/R/library/GenomicFeatures/Meta/features.rds 
loadNamespace: methods 
loadNamespace: stats 
loadNamespace: utils 
loadNamespace: tools 
loadNamespace: RCurl 
loadNamespace: RSQLite 
loadNamespace: AnnotationDbi 
loadNamespace: BiocGenerics 
loadNamespace: S4Vectors 
loadNamespace: IRanges 
loadNamespace: GenomeInfoDb 
loadNamespace: XVector 
loadNamespace: GenomicRanges 
loadNamespace: Biobase 
loadNamespace: Biostrings 
loadNamespace: biomaRt 
loadNamespace: BiocIO 
loadNamespace: rtracklayer 
loadNamespace: Biostrings 
loadNamespace: BiocIO 
loadNamespace: DBI 
loadNamespace: GenomicRanges 
loadNamespace: GlobalOptions 
readRDS: /quobyte/lasallegrp/projects/CHDS/WGBS/2025_intergen_BrCa_comethyl_George/reproducibility/pixi/.pixi/envs/default/lib/R/library/GlobalOptions/Meta/package.rds 
readRDS: /quobyte/lasallegrp/projects/CHDS/WGBS/2025_intergen_BrCa_comethyl_George/reproducibility/pixi/.pixi/envs/default/lib/R/library/GlobalOptions/Meta/nsInfo.rds 
readRDS: /quobyte/lasallegrp/projects/CHDS/WGBS/2025_intergen_BrCa_comethyl_George/reproducibility/pixi/.pixi/envs/default/lib/R/library/GlobalOptions/Meta/package.rds 
loadNamespace: methods 
readRDS: /quobyte/lasallegrp/projects/CHDS/WGBS/2025_intergen_BrCa_comethyl_George/reproducibility/pixi/.pixi/envs/default/lib/R/library/GlobalOptions/Meta/features.rds 
loadNamespace: methods 
loadNamespace: utils 
loadNamespace: IRanges 
loadNamespace: RColorBrewer 
loadNamespace: Rcpp 
loadNamespace: S4Vectors 
loadNamespace: TxDb.Hsapiens.UCSC.hg19.knownGene 
readRDS: /quobyte/lasallegrp/projects/CHDS/WGBS/2025_intergen_BrCa_comethyl_George/reproducibility/pixi/.pixi/envs/default/lib/R/library/TxDb.Hsapiens.UCSC.hg19.knownGene/Meta/package.rds 
readRDS: /quobyte/lasallegrp/projects/CHDS/WGBS/2025_intergen_BrCa_comethyl_George/reproducibility/pixi/.pixi/envs/default/lib/R/library/TxDb.Hsapiens.UCSC.hg19.knownGene/Meta/nsInfo.rds 
readRDS: /quobyte/lasallegrp/projects/CHDS/WGBS/2025_intergen_BrCa_comethyl_George/reproducibility/pixi/.pixi/envs/default/lib/R/library/TxDb.Hsapiens.UCSC.hg19.knownGene/Meta/package.rds 
readRDS: /quobyte/lasallegrp/projects/CHDS/WGBS/2025_intergen_BrCa_comethyl_George/reproducibility/pixi/.pixi/envs/default/lib/R/library/TxDb.Hsapiens.UCSC.hg19.knownGene/Meta/features.rds 
loadNamespace: AnnotationDbi 
loadNamespace: GenomicFeatures 
readRDS: /quobyte/lasallegrp/projects/CHDS/WGBS/2025_intergen_BrCa_comethyl_George/reproducibility/pixi/.pixi/envs/default/lib/R/library/TxDb.Hsapiens.UCSC.hg19.knownGene/Meta/package.rds 
readRDS: /quobyte/lasallegrp/projects/CHDS/WGBS/2025_intergen_BrCa_comethyl_George/reproducibility/pixi/.pixi/envs/default/lib/R/library/TxDb.Hsapiens.UCSC.hg19.knownGene/Meta/package.rds 
loadNamespace: TxDb.Hsapiens.UCSC.hg38.knownGene 
readRDS: /quobyte/lasallegrp/projects/CHDS/WGBS/2025_intergen_BrCa_comethyl_George/reproducibility/pixi/.pixi/envs/default/lib/R/library/TxDb.Hsapiens.UCSC.hg38.knownGene/Meta/package.rds 
readRDS: /quobyte/lasallegrp/projects/CHDS/WGBS/2025_intergen_BrCa_comethyl_George/reproducibility/pixi/.pixi/envs/default/lib/R/library/TxDb.Hsapiens.UCSC.hg38.knownGene/Meta/nsInfo.rds 
readRDS: /quobyte/lasallegrp/projects/CHDS/WGBS/2025_intergen_BrCa_comethyl_George/reproducibility/pixi/.pixi/envs/default/lib/R/library/TxDb.Hsapiens.UCSC.hg38.knownGene/Meta/package.rds 
readRDS: /quobyte/lasallegrp/projects/CHDS/WGBS/2025_intergen_BrCa_comethyl_George/reproducibility/pixi/.pixi/envs/default/lib/R/library/TxDb.Hsapiens.UCSC.hg38.knownGene/Meta/features.rds 
loadNamespace: AnnotationDbi 
loadNamespace: GenomicFeatures 
readRDS: /quobyte/lasallegrp/projects/CHDS/WGBS/2025_intergen_BrCa_comethyl_George/reproducibility/pixi/.pixi/envs/default/lib/R/library/TxDb.Hsapiens.UCSC.hg38.knownGene/Meta/package.rds 
readRDS: /quobyte/lasallegrp/projects/CHDS/WGBS/2025_intergen_BrCa_comethyl_George/reproducibility/pixi/.pixi/envs/default/lib/R/library/TxDb.Hsapiens.UCSC.hg38.knownGene/Meta/package.rds 
loadNamespace: circlize 
readRDS: /quobyte/lasallegrp/projects/CHDS/WGBS/2025_intergen_BrCa_comethyl_George/reproducibility/pixi/.pixi/envs/default/lib/R/library/circlize/Meta/package.rds 
readRDS: /quobyte/lasallegrp/projects/CHDS/WGBS/2025_intergen_BrCa_comethyl_George/reproducibility/pixi/.pixi/envs/default/lib/R/library/circlize/Meta/nsInfo.rds 
readRDS: /quobyte/lasallegrp/projects/CHDS/WGBS/2025_intergen_BrCa_comethyl_George/reproducibility/pixi/.pixi/envs/default/lib/R/library/circlize/Meta/package.rds 
readRDS: /quobyte/lasallegrp/projects/CHDS/WGBS/2025_intergen_BrCa_comethyl_George/reproducibility/pixi/.pixi/envs/default/lib/R/library/circlize/Meta/features.rds 
loadNamespace: GlobalOptions 
loadNamespace: graphics 
loadNamespace: colorspace 
loadNamespace: colorspace 
loadNamespace: colorspace 
loadNamespace: colorspace 
loadNamespace: colorspace 
loadNamespace: colorspace 
loadNamespace: colorspace 
loadNamespace: colorspace 
loadNamespace: colorspace 
loadNamespace: colorspace 
loadNamespace: grDevices 
loadNamespace: grDevices 
loadNamespace: grDevices 
loadNamespace: grDevices 
loadNamespace: grDevices 
loadNamespace: grDevices 
loadNamespace: grid 
loadNamespace: methods 
loadNamespace: shape 
readRDS: /quobyte/lasallegrp/projects/CHDS/WGBS/2025_intergen_BrCa_comethyl_George/reproducibility/pixi/.pixi/envs/default/lib/R/library/shape/Meta/package.rds 
readRDS: /quobyte/lasallegrp/projects/CHDS/WGBS/2025_intergen_BrCa_comethyl_George/reproducibility/pixi/.pixi/envs/default/lib/R/library/shape/Meta/nsInfo.rds 
readRDS: /quobyte/lasallegrp/projects/CHDS/WGBS/2025_intergen_BrCa_comethyl_George/reproducibility/pixi/.pixi/envs/default/lib/R/library/shape/Meta/package.rds 
readRDS: /quobyte/lasallegrp/projects/CHDS/WGBS/2025_intergen_BrCa_comethyl_George/reproducibility/pixi/.pixi/envs/default/lib/R/library/shape/Meta/features.rds 
loadNamespace: grDevices 
loadNamespace: graphics 
loadNamespace: stats 
loadNamespace: stats 
loadNamespace: stats 
loadNamespace: stats 
loadNamespace: stats 
loadNamespace: stats 
loadNamespace: utils 
loadNamespace: utils 
loadNamespace: utils 
loadNamespace: digest 
loadNamespace: doParallel 
loadNamespace: foreach 
loadNamespace: graphics 
loadNamespace: methods 
loadNamespace: org.Hs.eg.db 
readRDS: /quobyte/lasallegrp/projects/CHDS/WGBS/2025_intergen_BrCa_comethyl_George/reproducibility/pixi/.pixi/envs/default/lib/R/library/org.Hs.eg.db/Meta/package.rds 
readRDS: /quobyte/lasallegrp/projects/CHDS/WGBS/2025_intergen_BrCa_comethyl_George/reproducibility/pixi/.pixi/envs/default/lib/R/library/org.Hs.eg.db/Meta/nsInfo.rds 
readRDS: /quobyte/lasallegrp/projects/CHDS/WGBS/2025_intergen_BrCa_comethyl_George/reproducibility/pixi/.pixi/envs/default/lib/R/library/org.Hs.eg.db/Meta/package.rds 
loadNamespace: methods 
readRDS: /quobyte/lasallegrp/projects/CHDS/WGBS/2025_intergen_BrCa_comethyl_George/reproducibility/pixi/.pixi/envs/default/lib/R/library/org.Hs.eg.db/Meta/features.rds 
loadNamespace: methods 
loadNamespace: AnnotationDbi 
readRDS: /quobyte/lasallegrp/projects/CHDS/WGBS/2025_intergen_BrCa_comethyl_George/reproducibility/pixi/.pixi/envs/default/lib/R/library/org.Hs.eg.db/Meta/package.rds 
readRDS: /quobyte/lasallegrp/projects/CHDS/WGBS/2025_intergen_BrCa_comethyl_George/reproducibility/pixi/.pixi/envs/default/lib/R/library/org.Hs.eg.db/Meta/package.rds 

loadNamespace: progress 
loadNamespace: shiny 
readRDS: /quobyte/lasallegrp/projects/CHDS/WGBS/2025_intergen_BrCa_comethyl_George/reproducibility/pixi/.pixi/envs/default/lib/R/library/shiny/Meta/package.rds 
readRDS: /quobyte/lasallegrp/projects/CHDS/WGBS/2025_intergen_BrCa_comethyl_George/reproducibility/pixi/.pixi/envs/default/lib/R/library/shiny/Meta/nsInfo.rds 
readRDS: /quobyte/lasallegrp/projects/CHDS/WGBS/2025_intergen_BrCa_comethyl_George/reproducibility/pixi/.pixi/envs/default/lib/R/library/shiny/Meta/package.rds 
loadNamespace: methods 
readRDS: /quobyte/lasallegrp/projects/CHDS/WGBS/2025_intergen_BrCa_comethyl_George/reproducibility/pixi/.pixi/envs/default/lib/R/library/shiny/Meta/features.rds 
loadNamespace: R6 
loadNamespace: htmltools 
loadNamespace: httpuv 
readRDS: /quobyte/lasallegrp/projects/CHDS/WGBS/2025_intergen_BrCa_comethyl_George/reproducibility/pixi/.pixi/envs/default/lib/R/library/httpuv/Meta/package.rds 
readRDS: /quobyte/lasallegrp/projects/CHDS/WGBS/2025_intergen_BrCa_comethyl_George/reproducibility/pixi/.pixi/envs/default/lib/R/library/httpuv/Meta/nsInfo.rds 
readRDS: /quobyte/lasallegrp/projects/CHDS/WGBS/2025_intergen_BrCa_comethyl_George/reproducibility/pixi/.pixi/envs/default/lib/R/library/httpuv/Meta/package.rds 
readRDS: /quobyte/lasallegrp/projects/CHDS/WGBS/2025_intergen_BrCa_comethyl_George/reproducibility/pixi/.pixi/envs/default/lib/R/library/httpuv/Meta/features.rds 
loadNamespace: R6 
loadNamespace: Rcpp 
loadNamespace: later 
readRDS: /quobyte/lasallegrp/projects/CHDS/WGBS/2025_intergen_BrCa_comethyl_George/reproducibility/pixi/.pixi/envs/default/lib/R/library/later/Meta/package.rds 
readRDS: /quobyte/lasallegrp/projects/CHDS/WGBS/2025_intergen_BrCa_comethyl_George/reproducibility/pixi/.pixi/envs/default/lib/R/library/later/Meta/nsInfo.rds 
readRDS: /quobyte/lasallegrp/projects/CHDS/WGBS/2025_intergen_BrCa_comethyl_George/reproducibility/pixi/.pixi/envs/default/lib/R/library/later/Meta/package.rds 
readRDS: /quobyte/lasallegrp/projects/CHDS/WGBS/2025_intergen_BrCa_comethyl_George/reproducibility/pixi/.pixi/envs/default/lib/R/library/later/Meta/features.rds 
loadNamespace: Rcpp 
readRDS: /quobyte/lasallegrp/projects/CHDS/WGBS/2025_intergen_BrCa_comethyl_George/reproducibility/pixi/.pixi/envs/default/lib/R/library/later/Meta/package.rds 
loadNamespace: promises 
readRDS: /quobyte/lasallegrp/projects/CHDS/WGBS/2025_intergen_BrCa_comethyl_George/reproducibility/pixi/.pixi/envs/default/lib/R/library/promises/Meta/package.rds 
readRDS: /quobyte/lasallegrp/projects/CHDS/WGBS/2025_intergen_BrCa_comethyl_George/reproducibility/pixi/.pixi/envs/default/lib/R/library/promises/Meta/nsInfo.rds 
readRDS: /quobyte/lasallegrp/projects/CHDS/WGBS/2025_intergen_BrCa_comethyl_George/reproducibility/pixi/.pixi/envs/default/lib/R/library/promises/Meta/package.rds 
readRDS: /quobyte/lasallegrp/projects/CHDS/WGBS/2025_intergen_BrCa_comethyl_George/reproducibility/pixi/.pixi/envs/default/lib/R/library/promises/Meta/features.rds 
loadNamespace: R6 
loadNamespace: later 
loadNamespace: Rcpp 
loadNamespace: magrittr 
loadNamespace: magrittr 
readRDS: /quobyte/lasallegrp/projects/CHDS/WGBS/2025_intergen_BrCa_comethyl_George/reproducibility/pixi/.pixi/envs/default/lib/R/library/promises/Meta/package.rds 
loadNamespace: promises 
loadNamespace: promises 
loadNamespace: promises 
loadNamespace: promises 
loadNamespace: promises 
readRDS: /quobyte/lasallegrp/projects/CHDS/WGBS/2025_intergen_BrCa_comethyl_George/reproducibility/pixi/.pixi/envs/default/lib/R/library/httpuv/Meta/package.rds 
loadNamespace: methods 
loadNamespace: mime 
readRDS: /quobyte/lasallegrp/projects/CHDS/WGBS/2025_intergen_BrCa_comethyl_George/reproducibility/pixi/.pixi/envs/default/lib/R/library/mime/Meta/package.rds 
readRDS: /quobyte/lasallegrp/projects/CHDS/WGBS/2025_intergen_BrCa_comethyl_George/reproducibility/pixi/.pixi/envs/default/lib/R/library/mime/Meta/nsInfo.rds 
readRDS: /quobyte/lasallegrp/projects/CHDS/WGBS/2025_intergen_BrCa_comethyl_George/reproducibility/pixi/.pixi/envs/default/lib/R/library/mime/Meta/package.rds 
readRDS: /quobyte/lasallegrp/projects/CHDS/WGBS/2025_intergen_BrCa_comethyl_George/reproducibility/pixi/.pixi/envs/default/lib/R/library/mime/Meta/features.rds 
loadNamespace: utils 
readRDS: /quobyte/lasallegrp/projects/CHDS/WGBS/2025_intergen_BrCa_comethyl_George/reproducibility/pixi/.pixi/envs/default/lib/R/library/mime/Meta/package.rds 
loadNamespace: xtable 
readRDS: /quobyte/lasallegrp/projects/CHDS/WGBS/2025_intergen_BrCa_comethyl_George/reproducibility/pixi/.pixi/envs/default/lib/R/library/xtable/Meta/package.rds 
readRDS: /quobyte/lasallegrp/projects/CHDS/WGBS/2025_intergen_BrCa_comethyl_George/reproducibility/pixi/.pixi/envs/default/lib/R/library/xtable/Meta/nsInfo.rds 
readRDS: /quobyte/lasallegrp/projects/CHDS/WGBS/2025_intergen_BrCa_comethyl_George/reproducibility/pixi/.pixi/envs/default/lib/R/library/xtable/Meta/package.rds 
readRDS: /quobyte/lasallegrp/projects/CHDS/WGBS/2025_intergen_BrCa_comethyl_George/reproducibility/pixi/.pixi/envs/default/lib/R/library/xtable/Meta/features.rds 
loadNamespace: utils 
loadNamespace: stats 
loadNamespace: utils 
loadNamespace: fastmap 
loadNamespace: fastmap 
loadNamespace: fastmap 
loadNamespace: grDevices 
loadNamespace: grDevices 
loadNamespace: htmltools 
loadNamespace: htmltools 
loadNamespace: htmltools 
loadNamespace: htmltools 
loadNamespace: htmltools 
loadNamespace: htmltools 
loadNamespace: htmltools 
loadNamespace: htmltools 
loadNamespace: htmltools 
loadNamespace: htmltools 
loadNamespace: htmltools 
loadNamespace: htmltools 
loadNamespace: htmltools 
loadNamespace: htmltools 
loadNamespace: htmltools 
loadNamespace: htmltools 
loadNamespace: htmltools 
loadNamespace: htmltools 
loadNamespace: htmltools 
loadNamespace: htmltools 
loadNamespace: htmltools 
loadNamespace: htmltools 
loadNamespace: htmltools 
loadNamespace: htmltools 
loadNamespace: htmltools 
loadNamespace: htmltools 
loadNamespace: htmltools 
loadNamespace: htmltools 
loadNamespace: htmltools 
loadNamespace: htmltools 
loadNamespace: htmltools 
loadNamespace: htmltools 
loadNamespace: htmltools 
loadNamespace: htmltools 
loadNamespace: htmltools 
loadNamespace: htmltools 
loadNamespace: htmltools 
loadNamespace: htmltools 
loadNamespace: lifecycle 
loadNamespace: lifecycle 
loadNamespace: promises 
loadNamespace: promises 
loadNamespace: promises 
loadNamespace: promises 
loadNamespace: promises 
loadNamespace: promises 
loadNamespace: promises 
loadNamespace: rlang 
loadNamespace: rlang 
loadNamespace: rlang 
loadNamespace: rlang 
loadNamespace: rlang 
loadNamespace: rlang 
loadNamespace: rlang 
loadNamespace: rlang 
loadNamespace: rlang 
loadNamespace: rlang 
loadNamespace: rlang 
loadNamespace: rlang 
loadNamespace: rlang 
loadNamespace: rlang 
loadNamespace: rlang 
loadNamespace: rlang 
loadNamespace: rlang 
loadNamespace: rlang 
loadNamespace: rlang 
loadNamespace: rlang 
loadNamespace: rlang 
loadNamespace: rlang 
loadNamespace: rlang 
loadNamespace: rlang 
loadNamespace: rlang 
loadNamespace: rlang 
loadNamespace: rlang 
loadNamespace: rlang 
loadNamespace: rlang 
loadNamespace: rlang 
loadNamespace: rlang 
loadNamespace: rlang 
loadNamespace: rlang 
loadNamespace: rlang 
loadNamespace: GetoptLong 
readRDS: /quobyte/lasallegrp/projects/CHDS/WGBS/2025_intergen_BrCa_comethyl_George/reproducibility/pixi/.pixi/envs/default/lib/R/library/GetoptLong/Meta/package.rds 
readRDS: /quobyte/lasallegrp/projects/CHDS/WGBS/2025_intergen_BrCa_comethyl_George/reproducibility/pixi/.pixi/envs/default/lib/R/library/GetoptLong/Meta/nsInfo.rds 
readRDS: /quobyte/lasallegrp/projects/CHDS/WGBS/2025_intergen_BrCa_comethyl_George/reproducibility/pixi/.pixi/envs/default/lib/R/library/GetoptLong/Meta/package.rds 
readRDS: /quobyte/lasallegrp/projects/CHDS/WGBS/2025_intergen_BrCa_comethyl_George/reproducibility/pixi/.pixi/envs/default/lib/R/library/GetoptLong/Meta/features.rds 
loadNamespace: crayon 
loadNamespace: methods 
loadNamespace: GlobalOptions 
loadNamespace: rjson 
loadNamespace: GetoptLong 
loadNamespace: GetoptLong 
loadNamespace: RCurl 
loadNamespace: RCurl 
loadNamespace: rjson 
loadNamespace: stats 
loadNamespace: stats 
loadNamespace: stats 
loadNamespace: utils 
loadNamespace: utils 
loadNamespace: utils 
loadNamespace: utils 
loadNamespace: utils 
loadNamespace: utils 
readRDS: /quobyte/lasallegrp/projects/CHDS/WGBS/2025_intergen_BrCa_comethyl_George/reproducibility/pixi/.pixi/envs/default/lib/R/library/rGREAT/Meta/package.rds 
loadNamespace: stringr 
loadNamespace: sva 
readRDS: /quobyte/lasallegrp/projects/CHDS/WGBS/2025_intergen_BrCa_comethyl_George/reproducibility/pixi/.pixi/envs/default/lib/R/library/sva/Meta/package.rds 
readRDS: /quobyte/lasallegrp/projects/CHDS/WGBS/2025_intergen_BrCa_comethyl_George/reproducibility/pixi/.pixi/envs/default/lib/R/library/sva/Meta/nsInfo.rds 
readRDS: /quobyte/lasallegrp/projects/CHDS/WGBS/2025_intergen_BrCa_comethyl_George/reproducibility/pixi/.pixi/envs/default/lib/R/library/sva/Meta/package.rds 
readRDS: /quobyte/lasallegrp/projects/CHDS/WGBS/2025_intergen_BrCa_comethyl_George/reproducibility/pixi/.pixi/envs/default/lib/R/library/sva/Meta/features.rds 
loadNamespace: BiocParallel 
loadNamespace: genefilter 
readRDS: /quobyte/lasallegrp/projects/CHDS/WGBS/2025_intergen_BrCa_comethyl_George/reproducibility/pixi/.pixi/envs/default/lib/R/library/genefilter/Meta/package.rds 
readRDS: /quobyte/lasallegrp/projects/CHDS/WGBS/2025_intergen_BrCa_comethyl_George/reproducibility/pixi/.pixi/envs/default/lib/R/library/genefilter/Meta/nsInfo.rds 
readRDS: /quobyte/lasallegrp/projects/CHDS/WGBS/2025_intergen_BrCa_comethyl_George/reproducibility/pixi/.pixi/envs/default/lib/R/library/genefilter/Meta/package.rds 
readRDS: /quobyte/lasallegrp/projects/CHDS/WGBS/2025_intergen_BrCa_comethyl_George/reproducibility/pixi/.pixi/envs/default/lib/R/library/genefilter/Meta/features.rds 
loadNamespace: MatrixGenerics 
loadNamespace: Biobase 
loadNamespace: annotate 
readRDS: /quobyte/lasallegrp/projects/CHDS/WGBS/2025_intergen_BrCa_comethyl_George/reproducibility/pixi/.pixi/envs/default/lib/R/library/annotate/Meta/package.rds 
readRDS: /quobyte/lasallegrp/projects/CHDS/WGBS/2025_intergen_BrCa_comethyl_George/reproducibility/pixi/.pixi/envs/default/lib/R/library/annotate/Meta/nsInfo.rds 
readRDS: /quobyte/lasallegrp/projects/CHDS/WGBS/2025_intergen_BrCa_comethyl_George/reproducibility/pixi/.pixi/envs/default/lib/R/library/annotate/Meta/package.rds 
readRDS: /quobyte/lasallegrp/projects/CHDS/WGBS/2025_intergen_BrCa_comethyl_George/reproducibility/pixi/.pixi/envs/default/lib/R/library/annotate/Meta/features.rds 
loadNamespace: methods 
loadNamespace: BiocGenerics 
loadNamespace: Biobase 
loadNamespace: graphics 
loadNamespace: stats 
loadNamespace: utils 
loadNamespace: xtable 
loadNamespace: httr 
loadNamespace: XML 
loadNamespace: Biobase 
loadNamespace: AnnotationDbi 
loadNamespace: DBI 
loadNamespace: AnnotationDbi 
loadNamespace: Biobase 
loadNamespace: graphics 
loadNamespace: grDevices 
loadNamespace: methods 
loadNamespace: stats 
loadNamespace: survival 
loadNamespace: Biobase 
loadNamespace: methods 
loadNamespace: AnnotationDbi 
loadNamespace: Biobase 
loadNamespace: methods 
readRDS: /quobyte/lasallegrp/projects/CHDS/WGBS/2025_intergen_BrCa_comethyl_George/reproducibility/pixi/.pixi/envs/default/lib/R/library/genefilter/Meta/package.rds 
loadNamespace: matrixStats 
loadNamespace: mgcv 
readRDS: /quobyte/lasallegrp/projects/CHDS/WGBS/2025_intergen_BrCa_comethyl_George/reproducibility/pixi/.pixi/envs/default/lib/R/library/mgcv/Meta/package.rds 
readRDS: /quobyte/lasallegrp/projects/CHDS/WGBS/2025_intergen_BrCa_comethyl_George/reproducibility/pixi/.pixi/envs/default/lib/R/library/mgcv/Meta/nsInfo.rds 
readRDS: /quobyte/lasallegrp/projects/CHDS/WGBS/2025_intergen_BrCa_comethyl_George/reproducibility/pixi/.pixi/envs/default/lib/R/library/mgcv/Meta/package.rds 
readRDS: /quobyte/lasallegrp/projects/CHDS/WGBS/2025_intergen_BrCa_comethyl_George/reproducibility/pixi/.pixi/envs/default/lib/R/library/mgcv/Meta/features.rds 
loadNamespace: grDevices 
loadNamespace: graphics 
loadNamespace: utils 
loadNamespace: splines 
loadNamespace: stats 
loadNamespace: utils 
loadNamespace: nlme 
readRDS: /quobyte/lasallegrp/projects/CHDS/WGBS/2025_intergen_BrCa_comethyl_George/reproducibility/pixi/.pixi/envs/default/lib/R/library/nlme/Meta/package.rds 
readRDS: /quobyte/lasallegrp/projects/CHDS/WGBS/2025_intergen_BrCa_comethyl_George/reproducibility/pixi/.pixi/envs/default/lib/R/library/nlme/Meta/nsInfo.rds 
readRDS: /quobyte/lasallegrp/projects/CHDS/WGBS/2025_intergen_BrCa_comethyl_George/reproducibility/pixi/.pixi/envs/default/lib/R/library/nlme/Meta/package.rds 
readRDS: /quobyte/lasallegrp/projects/CHDS/WGBS/2025_intergen_BrCa_comethyl_George/reproducibility/pixi/.pixi/envs/default/lib/R/library/nlme/Meta/features.rds 
loadNamespace: graphics 
loadNamespace: stats 
loadNamespace: utils 
loadNamespace: lattice 
readRDS: /quobyte/lasallegrp/projects/CHDS/WGBS/2025_intergen_BrCa_comethyl_George/reproducibility/pixi/.pixi/envs/default/lib/R/library/nlme/Meta/package.rds 
loadNamespace: Matrix 
loadNamespace: methods 
loadNamespace: stats 
loadNamespace: stats 
loadNamespace: Matrix 
readRDS: /quobyte/lasallegrp/projects/CHDS/WGBS/2025_intergen_BrCa_comethyl_George/reproducibility/pixi/.pixi/envs/default/lib/R/library/mgcv/Meta/package.rds 
loadNamespace: edgeR 
readRDS: /quobyte/lasallegrp/projects/CHDS/WGBS/2025_intergen_BrCa_comethyl_George/reproducibility/pixi/.pixi/envs/default/lib/R/library/edgeR/Meta/package.rds 
readRDS: /quobyte/lasallegrp/projects/CHDS/WGBS/2025_intergen_BrCa_comethyl_George/reproducibility/pixi/.pixi/envs/default/lib/R/library/edgeR/Meta/nsInfo.rds 
readRDS: /quobyte/lasallegrp/projects/CHDS/WGBS/2025_intergen_BrCa_comethyl_George/reproducibility/pixi/.pixi/envs/default/lib/R/library/edgeR/Meta/package.rds 
readRDS: /quobyte/lasallegrp/projects/CHDS/WGBS/2025_intergen_BrCa_comethyl_George/reproducibility/pixi/.pixi/envs/default/lib/R/library/edgeR/Meta/features.rds 
loadNamespace: methods 
loadNamespace: graphics 
loadNamespace: stats 
loadNamespace: utils 
loadNamespace: limma 
loadNamespace: locfit 
loadNamespace: Rcpp 
loadNamespace: limma 
readRDS: /quobyte/lasallegrp/projects/CHDS/WGBS/2025_intergen_BrCa_comethyl_George/reproducibility/pixi/.pixi/envs/default/lib/R/library/edgeR/Meta/package.rds 
loadNamespace: edgeR 
loadNamespace: edgeR 
loadNamespace: edgeR 
loadNamespace: edgeR 
loadNamespace: edgeR 
loadNamespace: graphics 
loadNamespace: graphics 
loadNamespace: limma 
loadNamespace: stats 
loadNamespace: stats 
loadNamespace: stats 
loadNamespace: stats 
loadNamespace: stats 
loadNamespace: stats 
loadNamespace: stats 
loadNamespace: stats 
loadNamespace: stats 
loadNamespace: stats 
loadNamespace: stats 
loadNamespace: stats 
loadNamespace: stats 
loadNamespace: stats 
loadNamespace: stats 
loadNamespace: stats 
loadNamespace: stats 
loadNamespace: stats 
loadNamespace: stats 
loadNamespace: utils 
loadNamespace: utils 
readRDS: /quobyte/lasallegrp/projects/CHDS/WGBS/2025_intergen_BrCa_comethyl_George/reproducibility/pixi/.pixi/envs/default/lib/R/library/sva/Meta/package.rds 
loadNamespace: utils 
loadNamespace: magrittr 
loadNamespace: scales 
loadNamespace: stats 
COMETHYL FINISHED
