

Starting Script 00
Output directory: /quobyte/lasallegrp/projects/CHDS/WGBS/2025_intergen_BrCa_comethyl_George/comethyl_output/00_cpg_extraction
[getCpGs] Loading CpG-level data
[read.bismark] Using 'loci' as candidate loci.
[read.bismark] Collapsing strand of 'loci' ...
Done in 21.1 secs
[read.bismark] Parsing files and constructing 'M' and 'Cov' matrices ...
Done in 1834.4 secs
[read.bismark] Constructing BSseq object ... 
[getCpGs] Final BSseq Object:
[getCpGs] Saving file as /quobyte/lasallegrp/projects/CHDS/WGBS/2025_intergen_BrCa_comethyl_George/comethyl_output/00_cpg_extraction/Unfiltered_BSseq.rds
[getCpGtotals] Calculating CpG totals at specified cov and perSample cutoffs
[getCpGtotals] Saving file as /quobyte/lasallegrp/projects/CHDS/WGBS/2025_intergen_BrCa_comethyl_George/comethyl_output/00_cpg_extraction/CpG_Totals.txt
[plotCpGtotals] Plotting CpG totals
[plotCpGtotals] Saving plot as /quobyte/lasallegrp/projects/CHDS/WGBS/2025_intergen_BrCa_comethyl_George/comethyl_output/00_cpg_extraction/CpG_Totals.pdf
 Script 00 complete: unfiltered BSseq object created
Starting Script 01
Output directory: /quobyte/lasallegrp/projects/CHDS/WGBS/2025_intergen_BrCa_comethyl_George/comethyl_output/01_filter_regions/cov3_75pct
[getCpGs] Filtering CpG-level data for loci with at least 3 reads in at least 75% of samples
[getCpGs] Final BSseq Object:
[getCpGs] Saving file as /quobyte/lasallegrp/projects/CHDS/WGBS/2025_intergen_BrCa_comethyl_George/comethyl_output/01_filter_regions/cov3_75pct/Filtered_BSseq.rds
[getRegions] Calling regions when at least 3 CpGs are no more than 150 bases apart
[getRegions] Calculating region statistics
[getRegions] Saving file as /quobyte/lasallegrp/projects/CHDS/WGBS/2025_intergen_BrCa_comethyl_George/comethyl_output/01_filter_regions/cov3_75pct/Regions.txt
[plotRegionStats] Plotting histograms of region statistics
[plotRegionStats] Limiting x-axis to values in bottom 99% for width, n, covMin, and covMean
[plotRegionStats] Saving plots as /quobyte/lasallegrp/projects/CHDS/WGBS/2025_intergen_BrCa_comethyl_George/comethyl_output/01_filter_regions/cov3_75pct/Region_Plots.pdf
[plotSDstats] Plotting methylation SD vs region statistics
[plotSDstats] Limiting x-axis to values in bottom 99% for n, covMin, and covMean
[plotSDstats] Saving plots as /quobyte/lasallegrp/projects/CHDS/WGBS/2025_intergen_BrCa_comethyl_George/comethyl_output/01_filter_regions/cov3_75pct/SD_Plots.pdf
Warning message:
The dot-dot notation (`..count..`) was deprecated in ggplot2 3.4.0.
ℹ Please use `after_stat(count)` instead.
ℹ The deprecated feature was likely used in the comethyl package.
  Please report the issue at <https://github.com/cemordaunt/comethyl/issues>. 
[getRegionTotals] Calculating region totals at specified covMin and methSD cutoffs
[getRegionTotals] Saving file as /quobyte/lasallegrp/projects/CHDS/WGBS/2025_intergen_BrCa_comethyl_George/comethyl_output/01_filter_regions/cov3_75pct/Region_Totals.txt
[plotRegionTotals] Plotting region totals
[plotRegionTotals] Saving plot as /quobyte/lasallegrp/projects/CHDS/WGBS/2025_intergen_BrCa_comethyl_George/comethyl_output/01_filter_regions/cov3_75pct/Region_Totals.pdf
 Script 01 complete: CpG filtering and region calling complete
Starting Script 02
Output directory: /quobyte/lasallegrp/projects/CHDS/WGBS/2025_intergen_BrCa_comethyl_George/comethyl_output/02_filter_regions/cov3_75pct/covMin4_methSD0p08
Loaded unfiltered regions: 2408422
[getRegions] Filtering regions for at least 4 reads in all samples and methylation SD of at least 8%
[getRegions] Creating new Region IDs
[getRegions] Saving file as /quobyte/lasallegrp/projects/CHDS/WGBS/2025_intergen_BrCa_comethyl_George/comethyl_output/02_filter_regions/cov3_75pct/covMin4_methSD0p08/Filtered_Regions.txt
Filtered regions: 445256
Saved filtered regions: /quobyte/lasallegrp/projects/CHDS/WGBS/2025_intergen_BrCa_comethyl_George/comethyl_output/02_filter_regions/cov3_75pct/covMin4_methSD0p08/Filtered_Regions.txt
[plotRegionStats] Plotting histograms of region statistics
[plotRegionStats] Limiting x-axis to values in bottom 99% for width, n, covMin, and covMean
[plotRegionStats] Saving plots as /quobyte/lasallegrp/projects/CHDS/WGBS/2025_intergen_BrCa_comethyl_George/comethyl_output/02_filter_regions/cov3_75pct/covMin4_methSD0p08/RegionStats_UNFILTERED.pdf
[plotRegionStats] Plotting histograms of region statistics
[plotRegionStats] Limiting x-axis to values in bottom 99% for width, n, covMin, and covMean
[plotRegionStats] Saving plots as /quobyte/lasallegrp/projects/CHDS/WGBS/2025_intergen_BrCa_comethyl_George/comethyl_output/02_filter_regions/cov3_75pct/covMin4_methSD0p08/RegionStats_FILTERED.pdf
Saved separate plots:
 - /quobyte/lasallegrp/projects/CHDS/WGBS/2025_intergen_BrCa_comethyl_George/comethyl_output/02_filter_regions/cov3_75pct/covMin4_methSD0p08/RegionStats_UNFILTERED.pdf
 - /quobyte/lasallegrp/projects/CHDS/WGBS/2025_intergen_BrCa_comethyl_George/comethyl_output/02_filter_regions/cov3_75pct/covMin4_methSD0p08/RegionStats_FILTERED.pdf
[plotRegionStatsCompare2] Building combined QC plot
[plotRegionStatsCompare2] Saving: /quobyte/lasallegrp/projects/CHDS/WGBS/2025_intergen_BrCa_comethyl_George/comethyl_output/02_filter_regions/cov3_75pct/covMin4_methSD0p08/RegionStats_FilterEffect_COMBINED.pdf
Warning message:
In geom_vline(data = thr, aes(xintercept = x), linetype = "dashed",  :
  Ignoring unknown parameters: `inherit.aes`
Saved combined plot: /quobyte/lasallegrp/projects/CHDS/WGBS/2025_intergen_BrCa_comethyl_George/comethyl_output/02_filter_regions/cov3_75pct/covMin4_methSD0p08/RegionStats_FilterEffect_COMBINED.pdf
Script 02 complete: region filtering and QC plots complete
Output folder: /quobyte/lasallegrp/projects/CHDS/WGBS/2025_intergen_BrCa_comethyl_George/comethyl_output/02_filter_regions/cov3_75pct/covMin4_methSD0p08
Regions after filtering: 445256
Starting Script 03
Output directory: /quobyte/lasallegrp/projects/CHDS/WGBS/2025_intergen_BrCa_comethyl_George/comethyl_output/03_region_methylation/cov3_75pct/covMin4_methSD0p08
Loaded filtered regions: 445256
Loaded BSseq object successfully
[getRegionMeth] Calculating region methylation from BSseq object
[getRegionMeth] Saving file as /quobyte/lasallegrp/projects/CHDS/WGBS/2025_intergen_BrCa_comethyl_George/comethyl_output/03_region_methylation/cov3_75pct/covMin4_methSD0p08/Region_Methylation.rds
Saved region methylation RDS: /quobyte/lasallegrp/projects/CHDS/WGBS/2025_intergen_BrCa_comethyl_George/comethyl_output/03_region_methylation/cov3_75pct/covMin4_methSD0p08/Region_Methylation.rds
Script 03 complete: region methylation calculated
Starting Script 04
Output directory: /quobyte/lasallegrp/projects/CHDS/WGBS/2025_intergen_BrCa_comethyl_George/comethyl_output/04_pc_diagnostics/cov3_75pct/covMin4_methSD0p08
Loaded methylation matrix: 445256 regions x 173 samples
[readSampleInfo] Reading sample info: /quobyte/lasallegrp/projects/CHDS/WGBS/2025_intergen_BrCa_comethyl_George/data/metadata/Intergen173.xlsx
[readSampleInfo] No sample_id_col provided; using existing rownames.
[readSampleInfo] First 6 rownames used as sample IDs:
After alignment: 445256 regions x 173 samples
Numeric trait columns retained for diagnostics: 41
[readTraitFile] Loaded 7 traits from: /quobyte/lasallegrp/projects/CHDS/WGBS/2025_intergen_BrCa_comethyl_George/config/protected_traits.txt
[readTraitFile] Loaded 3 traits from: /quobyte/lasallegrp/projects/CHDS/WGBS/2025_intergen_BrCa_comethyl_George/config/technical_traits.txt
[resolveTraits] protected_traits: requested = 7, found = 0, missing = 7
[resolveTraits] technical_traits: requested = 3, found = 0, missing = 3
No protected traits provided/found; using intercept-only model for num.sv
[getPCs_generic] Determining number of PCs using sva::num.sv
[getPCs_generic] num.sv selected 23 PCs as surrogate variables
PC matrix dimensions: 173 samples x 23 PCs
Surrogate variables (num.sv): PC_1 through PC_23
Saved variance explained plot: /quobyte/lasallegrp/projects/CHDS/WGBS/2025_intergen_BrCa_comethyl_George/comethyl_output/04_pc_diagnostics/cov3_75pct/covMin4_methSD0p08/Variance_Explained_Top20_PCs.pdf
[getMEtraitCor] Testing associations between module eigennodes and sample traits using pearson correlation
[getMEtraitCor] Saving file as /quobyte/lasallegrp/projects/CHDS/WGBS/2025_intergen_BrCa_comethyl_George/comethyl_output/04_pc_diagnostics/cov3_75pct/covMin4_methSD0p08/PC_Trait_Correlation_Stats_Pearson.tsv
[getMEtraitCor] Testing associations between module eigennodes and sample traits using bicor correlation
[getMEtraitCor] Saving file as /quobyte/lasallegrp/projects/CHDS/WGBS/2025_intergen_BrCa_comethyl_George/comethyl_output/04_pc_diagnostics/cov3_75pct/covMin4_methSD0p08/PC_Trait_Correlation_Stats_Bicor.tsv
Skipping selected-traits heatmap: no selected traits available under selected_trait_mode = none
[plotMEtraitCor_pub] corType = bicor
[plotMEtraitCor_pub] autoSize -> width=6.18, height=8.90 (nX=23,nY=40)
[plotMEtraitCor_pub] corType = bicor
[plotMEtraitCor_pub] autoSize -> width=6.18, height=9.06 (nX=23,nY=41)
[plotTraitDendrogramFromPC] Saved: /quobyte/lasallegrp/projects/CHDS/WGBS/2025_intergen_BrCa_comethyl_George/comethyl_output/04_pc_diagnostics/cov3_75pct/covMin4_methSD0p08/Trait_Dendrogram_From_PC_Associations.pdf
Surrogate variables identified by num.sv: 23 (PC_1 through PC_23)
Consensus Script 04 complete: PC derivation and diagnostics finished
Output folder: /quobyte/lasallegrp/projects/CHDS/WGBS/2025_intergen_BrCa_comethyl_George/comethyl_output/04_pc_diagnostics/cov3_75pct/covMin4_methSD0p08
------------------------------------------------------------
[LATENT STRUCTURE SUMMARY]
------------------------------------------------------------
Samples: 173
Selected latent factors for adjustment (num.sv): 23

Returned adjustment matrix: 173 x 23 (samples x selected PCs)

Variance captured by selected PCs: 23.21%

Starting Script 05
Output directory: /quobyte/lasallegrp/projects/CHDS/WGBS/2025_intergen_BrCa_comethyl_George/comethyl_output/05_methylation_adjustment/cov3_75pct/covMin4_methSD0p08
After alignment: meth = 445256 regions x 173 samples; PCs = 173 samples x 23 PCs
[readTraitFile] Loaded 7 traits from: /quobyte/lasallegrp/projects/CHDS/WGBS/2025_intergen_BrCa_comethyl_George/config/protected_traits.txt
[readTraitFile] Loaded 3 traits from: /quobyte/lasallegrp/projects/CHDS/WGBS/2025_intergen_BrCa_comethyl_George/config/technical_traits.txt
[resolveTraits] protected_traits: requested = 7, found = 0, missing = 7
[resolveTraits] technical_traits: requested = 3, found = 0, missing = 3
[adjustRegionMeth] Adjusting region methylation for the top principal components
[adjustRegionMeth] Saving file as /quobyte/lasallegrp/projects/CHDS/WGBS/2025_intergen_BrCa_comethyl_George/comethyl_output/05_methylation_adjustment/cov3_75pct/covMin4_methSD0p08/v1_all_pcs/Adjusted_Region_Methylation_allPCs.rds
✓ v1 complete: adjusted using all PCs (n = 23)
Warning message:
Skipping v2: no protected traits were found. 
Warning message:
Skipping v3: no technical traits were found. 
Script 05 complete: methylation adjustment finished
Starting Script 06
Error: input_v2 not found: /quobyte/lasallegrp/projects/CHDS/WGBS/2025_intergen_BrCa_comethyl_George/comethyl_output/05_methylation_adjustment/cov3_75pct/covMin4_methSD0p08/v2_exclude_protected_pcs/Adjusted_Region_Methylation_excluding_protected_PCs_bicor.rds
Execution halted


Starting Script 02
Output directory: /quobyte/lasallegrp/projects/CHDS/WGBS/2025_intergen_BrCa_comethyl_George/comethyl_output/02_filter_regions/cov3_75pct/covMin10_methSD0p07
Loaded unfiltered regions: 2408422
[getRegions] Filtering regions for at least 10 reads in all samples and methylation SD of at least 7%
[getRegions] Creating new Region IDs
[getRegions] Saving file as /quobyte/lasallegrp/projects/CHDS/WGBS/2025_intergen_BrCa_comethyl_George/comethyl_output/02_filter_regions/cov3_75pct/covMin10_methSD0p07/Filtered_Regions.txt
Filtered regions: 465397
Saved filtered regions: /quobyte/lasallegrp/projects/CHDS/WGBS/2025_intergen_BrCa_comethyl_George/comethyl_output/02_filter_regions/cov3_75pct/covMin10_methSD0p07/Filtered_Regions.txt
[plotRegionStats] Plotting histograms of region statistics
[plotRegionStats] Limiting x-axis to values in bottom 99% for width, n, covMin, and covMean
[plotRegionStats] Saving plots as /quobyte/lasallegrp/projects/CHDS/WGBS/2025_intergen_BrCa_comethyl_George/comethyl_output/02_filter_regions/cov3_75pct/covMin10_methSD0p07/RegionStats_UNFILTERED.pdf
[plotRegionStats] Plotting histograms of region statistics
[plotRegionStats] Limiting x-axis to values in bottom 99% for width, n, covMin, and covMean
[plotRegionStats] Saving plots as /quobyte/lasallegrp/projects/CHDS/WGBS/2025_intergen_BrCa_comethyl_George/comethyl_output/02_filter_regions/cov3_75pct/covMin10_methSD0p07/RegionStats_FILTERED.pdf
Saved separate plots:
 - /quobyte/lasallegrp/projects/CHDS/WGBS/2025_intergen_BrCa_comethyl_George/comethyl_output/02_filter_regions/cov3_75pct/covMin10_methSD0p07/RegionStats_UNFILTERED.pdf
 - /quobyte/lasallegrp/projects/CHDS/WGBS/2025_intergen_BrCa_comethyl_George/comethyl_output/02_filter_regions/cov3_75pct/covMin10_methSD0p07/RegionStats_FILTERED.pdf
[plotRegionStatsCompare2] Building combined QC plot
[plotRegionStatsCompare2] Saving: /quobyte/lasallegrp/projects/CHDS/WGBS/2025_intergen_BrCa_comethyl_George/comethyl_output/02_filter_regions/cov3_75pct/covMin10_methSD0p07/RegionStats_FilterEffect_COMBINED.pdf
Warning message:
In geom_vline(data = thr, aes(xintercept = x), linetype = "dashed",  :
  Ignoring unknown parameters: `inherit.aes`
Saved combined plot: /quobyte/lasallegrp/projects/CHDS/WGBS/2025_intergen_BrCa_comethyl_George/comethyl_output/02_filter_regions/cov3_75pct/covMin10_methSD0p07/RegionStats_FilterEffect_COMBINED.pdf
Script 02 complete: region filtering and QC plots complete
Output folder: /quobyte/lasallegrp/projects/CHDS/WGBS/2025_intergen_BrCa_comethyl_George/comethyl_output/02_filter_regions/cov3_75pct/covMin10_methSD0p07
Regions after filtering: 465397
Starting Script 03
Output directory: /quobyte/lasallegrp/projects/CHDS/WGBS/2025_intergen_BrCa_comethyl_George/comethyl_output/03_region_methylation/cov3_75pct/covMin10_methSD0p07
Loaded filtered regions: 465397
Loaded BSseq object successfully
[getRegionMeth] Calculating region methylation from BSseq object
[getRegionMeth] Saving file as /quobyte/lasallegrp/projects/CHDS/WGBS/2025_intergen_BrCa_comethyl_George/comethyl_output/03_region_methylation/cov3_75pct/covMin10_methSD0p07/Region_Methylation.rds
Saved region methylation RDS: /quobyte/lasallegrp/projects/CHDS/WGBS/2025_intergen_BrCa_comethyl_George/comethyl_output/03_region_methylation/cov3_75pct/covMin10_methSD0p07/Region_Methylation.rds
Script 03 complete: region methylation calculated
Starting Script 04
Output directory: /quobyte/lasallegrp/projects/CHDS/WGBS/2025_intergen_BrCa_comethyl_George/comethyl_output/04_pc_diagnostics/cov3_75pct/covMin10_methSD0p07
Loaded methylation matrix: 465397 regions x 173 samples
[readSampleInfo] Reading sample info: /quobyte/lasallegrp/projects/CHDS/WGBS/2025_intergen_BrCa_comethyl_George/data/metadata/Intergen173.xlsx
[readSampleInfo] No sample_id_col provided; using existing rownames.
[readSampleInfo] First 6 rownames used as sample IDs:
After alignment: 465397 regions x 173 samples
Numeric trait columns retained for diagnostics: 41
[readTraitFile] Loaded 40 traits from: /quobyte/lasallegrp/projects/CHDS/WGBS/2025_intergen_BrCa_comethyl_George/config/protected_traits.txt
[readTraitFile] Loaded 3 traits from: /quobyte/lasallegrp/projects/CHDS/WGBS/2025_intergen_BrCa_comethyl_George/config/technical_traits.txt
[resolveTraits] protected_traits: requested = 40, found = 34, missing = 6
[resolveTraits] technical_traits: requested = 3, found = 0, missing = 3
Using protected traits in SVA model matrix: aakid, ddtq1, ddtq2, ddtq3, ddtq4, ddtT1, ddtT2, ddtT3, ddeq1, ddeq2, ddeq3, ddeq4, ddeT1, ddeT2, ddeT3, ICE60edu1_q1, ICE60edu1_q2, ICE60edu1_q3, ICE60edu1_q4, ICE60rac1_q1, ICE60rac1_q2, ICE60rac1_q3, ICE60rac1_q4, ICE60inc1_q1, ICE60inc1_q2, ICE60inc1_q3, ICE60inc1_q4, ICE60incxrac1_q1, ICE60incxrac1_q2, ICE60incxrac1_q3, ICE60incxrac1_q4, agemenarche_adol, youngmen_adol, oldmen_adol
[getPCs_generic] Determining number of PCs using sva::num.sv
[getPCs_generic] NAs detected in model matrix; centering and replacing with 0
Error in solve.default(t(mod) %*% mod) : 
  system is computationally singular: reciprocal condition number = 1.50738e-18
Calls: getPCs_generic -> <Anonymous> -> solve -> solve.default
Execution halted


Starting Script 04
Output directory: /quobyte/lasallegrp/projects/CHDS/WGBS/2025_intergen_BrCa_comethyl_George/comethyl_output/04_pc_diagnostics/cov3_75pct/covMin10_methSD0p07
Loaded methylation matrix: 465397 regions x 173 samples
[readSampleInfo] Reading sample info: /quobyte/lasallegrp/projects/CHDS/WGBS/2025_intergen_BrCa_comethyl_George/data/metadata/Intergen173.xlsx
[readSampleInfo] No sample_id_col provided; using existing rownames.
[readSampleInfo] First 6 rownames used as sample IDs:
After alignment: 465397 regions x 173 samples
Numeric trait columns retained for diagnostics: 45
[readTraitFile] Loaded 23 traits from: /quobyte/lasallegrp/projects/CHDS/WGBS/2025_intergen_BrCa_comethyl_George/config/protected_traits.txt
[readTraitFile] Loaded 3 traits from: /quobyte/lasallegrp/projects/CHDS/WGBS/2025_intergen_BrCa_comethyl_George/config/technical_traits.txt
[resolveTraits] protected_traits: requested = 23, found = 23, missing = 0
[resolveTraits] technical_traits: requested = 3, found = 0, missing = 3
Using protected traits in SVA model matrix: aakid, ddt, ddtT2, ddtT3, dde, ddeT1, ddeT2, op_ddt, ICE60edu1_q1, ICE60edu1_q2, ICE60edu1_q3, ICE60rac1_q1, ICE60rac1_q2, ICE60rac1_q4, ICE60inc1_q1, ICE60inc1_q4, ICE60incxrac1_q1, ICE60incxrac1_q2, ICE60incxrac1_q4, breastcaF1, breastcaF0, youngmen_adol, oldmen_adol
[getPCs_generic] Determining number of PCs using sva::num.sv
[getPCs_generic] NAs detected in model matrix; centering and replacing with 0
[getPCs_generic] num.sv selected 26 PCs as surrogate variables
PC matrix dimensions: 173 samples x 26 PCs
Surrogate variables (num.sv): PC_1 through PC_26
Saved variance explained plot: /quobyte/lasallegrp/projects/CHDS/WGBS/2025_intergen_BrCa_comethyl_George/comethyl_output/04_pc_diagnostics/cov3_75pct/covMin10_methSD0p07/Variance_Explained_Top20_PCs.pdf
[getMEtraitCor] Testing associations between module eigennodes and sample traits using pearson correlation
[getMEtraitCor] Saving file as /quobyte/lasallegrp/projects/CHDS/WGBS/2025_intergen_BrCa_comethyl_George/comethyl_output/04_pc_diagnostics/cov3_75pct/covMin10_methSD0p07/PC_Trait_Correlation_Stats_Pearson.tsv
[getMEtraitCor] Testing associations between module eigennodes and sample traits using bicor correlation
[getMEtraitCor] Saving file as /quobyte/lasallegrp/projects/CHDS/WGBS/2025_intergen_BrCa_comethyl_George/comethyl_output/04_pc_diagnostics/cov3_75pct/covMin10_methSD0p07/PC_Trait_Correlation_Stats_Bicor.tsv
[plotMEtraitCor_pub] corType = bicor
[plotMEtraitCor_pub] autoSize -> width=6.66, height=6.18 (nX=26,nY=23)
[plotMEtraitCor_pub] corType = bicor
[plotMEtraitCor_pub] autoSize -> width=6.66, height=9.54 (nX=26,nY=44)
[plotMEtraitCor_pub] corType = bicor
[plotMEtraitCor_pub] autoSize -> width=6.66, height=9.70 (nX=26,nY=45)
[plotTraitDendrogramFromPC] Saved: /quobyte/lasallegrp/projects/CHDS/WGBS/2025_intergen_BrCa_comethyl_George/comethyl_output/04_pc_diagnostics/cov3_75pct/covMin10_methSD0p07/Trait_Dendrogram_From_PC_Associations.pdf
Surrogate variables identified by num.sv: 26 (PC_1 through PC_26)
Consensus Script 04 complete: PC derivation and diagnostics finished
Output folder: /quobyte/lasallegrp/projects/CHDS/WGBS/2025_intergen_BrCa_comethyl_George/comethyl_output/04_pc_diagnostics/cov3_75pct/covMin10_methSD0p07
------------------------------------------------------------
[LATENT STRUCTURE SUMMARY]
------------------------------------------------------------
Samples: 173
Selected latent factors for adjustment (num.sv): 26

Returned adjustment matrix: 173 x 26 (samples x selected PCs)

Variance captured by selected PCs: 25.7%

Starting Script 05
Output directory: /quobyte/lasallegrp/projects/CHDS/WGBS/2025_intergen_BrCa_comethyl_George/comethyl_output/05_methylation_adjustment/cov3_75pct/covMin10_methSD0p07
After alignment: meth = 465397 regions x 173 samples; PCs = 173 samples x 26 PCs
[readTraitFile] Loaded 23 traits from: /quobyte/lasallegrp/projects/CHDS/WGBS/2025_intergen_BrCa_comethyl_George/config/protected_traits.txt
[readTraitFile] Loaded 3 traits from: /quobyte/lasallegrp/projects/CHDS/WGBS/2025_intergen_BrCa_comethyl_George/config/technical_traits.txt
[resolveTraits] protected_traits: requested = 23, found = 23, missing = 0
[resolveTraits] technical_traits: requested = 3, found = 0, missing = 3
[adjustRegionMeth] Adjusting region methylation for the top principal components
[adjustRegionMeth] Saving file as /quobyte/lasallegrp/projects/CHDS/WGBS/2025_intergen_BrCa_comethyl_George/comethyl_output/05_methylation_adjustment/cov3_75pct/covMin10_methSD0p07/v1_all_pcs/Adjusted_Region_Methylation_allPCs.rds
✓ v1 complete: adjusted using all PCs (n = 26)
[adjustRegionMeth] Adjusting region methylation for the top principal components
[adjustRegionMeth] Saving file as /quobyte/lasallegrp/projects/CHDS/WGBS/2025_intergen_BrCa_comethyl_George/comethyl_output/05_methylation_adjustment/cov3_75pct/covMin10_methSD0p07/v2_exclude_protected_pcs/Adjusted_Region_Methylation_excluding_protected_PCs_bicor.rds
✓ v2 complete: removed 20 protected-associated PCs; used 6 PCs
Skipping v3 (run_v3 = FALSE)
Script 05 complete: methylation adjustment finished
Starting Script 06
Output directory: /quobyte/lasallegrp/projects/CHDS/WGBS/2025_intergen_BrCa_comethyl_George/comethyl_output/06_soft_power/cov3_75pct/covMin10_methSD0p07

==============================
Running soft power for variant: v1_all_pcs
Correlation method: pearson
==============================

[getSoftPower] Analyzing scale-free topology with pearson correlation to estimate best soft-thresholding power
[getSoftPower] At soft power threshold = 19, fit = 0.932 and mean connectivity = 2.6
[getSoftPower] Saving file as /quobyte/lasallegrp/projects/CHDS/WGBS/2025_intergen_BrCa_comethyl_George/comethyl_output/06_soft_power/cov3_75pct/covMin10_methSD0p07/v1_all_pcs/SoftPower_pearson.rds
[plotSoftPower] Plotting scale-free topology fit and mean connectivity by soft power threshold
[plotSoftPower] Saving plots as /quobyte/lasallegrp/projects/CHDS/WGBS/2025_intergen_BrCa_comethyl_George/comethyl_output/06_soft_power/cov3_75pct/covMin10_methSD0p07/v1_all_pcs/SoftPower_pearson_Plots.pdf
[getDendro] Clustering by euclidean distance
[plotDendro] Plotting dendrogram
[plotDendro] Saving plot as /quobyte/lasallegrp/projects/CHDS/WGBS/2025_intergen_BrCa_comethyl_George/comethyl_output/06_soft_power/cov3_75pct/covMin10_methSD0p07/v1_all_pcs/Sample_Dendrogram_pearson.pdf
✓ Sample dendrogram saved: /quobyte/lasallegrp/projects/CHDS/WGBS/2025_intergen_BrCa_comethyl_George/comethyl_output/06_soft_power/cov3_75pct/covMin10_methSD0p07/v1_all_pcs/Sample_Dendrogram_pearson.pdf
✓ Finished soft-power run for: v1_all_pcs
  RDS: /quobyte/lasallegrp/projects/CHDS/WGBS/2025_intergen_BrCa_comethyl_George/comethyl_output/06_soft_power/cov3_75pct/covMin10_methSD0p07/v1_all_pcs/SoftPower_pearson.rds
  PDF: /quobyte/lasallegrp/projects/CHDS/WGBS/2025_intergen_BrCa_comethyl_George/comethyl_output/06_soft_power/cov3_75pct/covMin10_methSD0p07/v1_all_pcs/SoftPower_pearson_Plots.pdf

==============================
Running soft power for variant: v2_exclude_protected_pcs
Correlation method: pearson
==============================

[getSoftPower] Analyzing scale-free topology with pearson correlation to estimate best soft-thresholding power
[getSoftPower] At soft power threshold = 6, fit = 0.826 and mean connectivity = 9112.7
[getSoftPower] Saving file as /quobyte/lasallegrp/projects/CHDS/WGBS/2025_intergen_BrCa_comethyl_George/comethyl_output/06_soft_power/cov3_75pct/covMin10_methSD0p07/v2_exclude_protected_pcs/SoftPower_pearson.rds
[plotSoftPower] Plotting scale-free topology fit and mean connectivity by soft power threshold
[plotSoftPower] Saving plots as /quobyte/lasallegrp/projects/CHDS/WGBS/2025_intergen_BrCa_comethyl_George/comethyl_output/06_soft_power/cov3_75pct/covMin10_methSD0p07/v2_exclude_protected_pcs/SoftPower_pearson_Plots.pdf
[getDendro] Clustering by euclidean distance
[plotDendro] Plotting dendrogram
[plotDendro] Saving plot as /quobyte/lasallegrp/projects/CHDS/WGBS/2025_intergen_BrCa_comethyl_George/comethyl_output/06_soft_power/cov3_75pct/covMin10_methSD0p07/v2_exclude_protected_pcs/Sample_Dendrogram_pearson.pdf
✓ Sample dendrogram saved: /quobyte/lasallegrp/projects/CHDS/WGBS/2025_intergen_BrCa_comethyl_George/comethyl_output/06_soft_power/cov3_75pct/covMin10_methSD0p07/v2_exclude_protected_pcs/Sample_Dendrogram_pearson.pdf
✓ Finished soft-power run for: v2_exclude_protected_pcs
  RDS: /quobyte/lasallegrp/projects/CHDS/WGBS/2025_intergen_BrCa_comethyl_George/comethyl_output/06_soft_power/cov3_75pct/covMin10_methSD0p07/v2_exclude_protected_pcs/SoftPower_pearson.rds
  PDF: /quobyte/lasallegrp/projects/CHDS/WGBS/2025_intergen_BrCa_comethyl_George/comethyl_output/06_soft_power/cov3_75pct/covMin10_methSD0p07/v2_exclude_protected_pcs/SoftPower_pearson_Plots.pdf
Script 06 complete: soft power finished
Outputs saved under:
  /quobyte/lasallegrp/projects/CHDS/WGBS/2025_intergen_BrCa_comethyl_George/comethyl_output/06_soft_power/cov3_75pct/covMin10_methSD0p07
Starting Script 07
Output directory: /quobyte/lasallegrp/projects/CHDS/WGBS/2025_intergen_BrCa_comethyl_George/comethyl_output/07_module_detection/cov3_75pct/covMin10_methSD0p07
Loaded regions: 465397 rows

==============================
Running module detection for variant: v1_all_pcs
==============================

[v1_all_pcs] methylation dimensions: 173 regions x 465397 samples
[v1_all_pcs] using powerEstimate = 19
[v1_all_pcs] module correlation = pearson
[getModules] Constructing network and detecting modules in blocks using pearson correlation
[getModules] Assigning modules and calculating module membership using pearson correlation
[getModules] Saving modules as /quobyte/lasallegrp/projects/CHDS/WGBS/2025_intergen_BrCa_comethyl_George/comethyl_output/07_module_detection/cov3_75pct/covMin10_methSD0p07/v1_all_pcs/Modules.rds
[plotRegionDendro] Plotting region dendrograms and modules for each block
[plotRegionDendro] Saving plot as /quobyte/lasallegrp/projects/CHDS/WGBS/2025_intergen_BrCa_comethyl_George/comethyl_output/07_module_detection/cov3_75pct/covMin10_methSD0p07/v1_all_pcs/Region_Dendrograms.pdf
[getModuleBED] Creating bed file of regions annotated with identified modules
[getModuleBED] Excluding regions in grey (unassigned) module
[getModuleBED] Saving file as /quobyte/lasallegrp/projects/CHDS/WGBS/2025_intergen_BrCa_comethyl_George/comethyl_output/07_module_detection/cov3_75pct/covMin10_methSD0p07/v1_all_pcs/Modules.bed
✓ Finished variant: v1_all_pcs
  Modules RDS: /quobyte/lasallegrp/projects/CHDS/WGBS/2025_intergen_BrCa_comethyl_George/comethyl_output/07_module_detection/cov3_75pct/covMin10_methSD0p07/v1_all_pcs/Modules.rds
  Dendrogram:  /quobyte/lasallegrp/projects/CHDS/WGBS/2025_intergen_BrCa_comethyl_George/comethyl_output/07_module_detection/cov3_75pct/covMin10_methSD0p07/v1_all_pcs/Region_Dendrograms.pdf
  BED:         /quobyte/lasallegrp/projects/CHDS/WGBS/2025_intergen_BrCa_comethyl_George/comethyl_output/07_module_detection/cov3_75pct/covMin10_methSD0p07/v1_all_pcs/Modules.bed

==============================
Running module detection for variant: v2_exclude_protected_pcs
==============================

[v2_exclude_protected_pcs] methylation dimensions: 173 regions x 465397 samples
[v2_exclude_protected_pcs] using powerEstimate = 6
[v2_exclude_protected_pcs] module correlation = pearson
[getModules] Constructing network and detecting modules in blocks using pearson correlation
[getModules] Assigning modules and calculating module membership using pearson correlation
[getModules] Saving modules as /quobyte/lasallegrp/projects/CHDS/WGBS/2025_intergen_BrCa_comethyl_George/comethyl_output/07_module_detection/cov3_75pct/covMin10_methSD0p07/v2_exclude_protected_pcs/Modules.rds
[plotRegionDendro] Plotting region dendrograms and modules for each block
[plotRegionDendro] Saving plot as /quobyte/lasallegrp/projects/CHDS/WGBS/2025_intergen_BrCa_comethyl_George/comethyl_output/07_module_detection/cov3_75pct/covMin10_methSD0p07/v2_exclude_protected_pcs/Region_Dendrograms.pdf
Error in rect(trafo1$x, trafo1$y, trafo2$x, trafo2$y, col = as.character(C[,  : 
  invalid color name 'pink4.2'
Calls: plotRegionDendro ... plotOrderedColors -> .plotOrderedColorSubplot -> rect
In addition: Warning messages:
1: In labels2colors(allLabels) :
  labels2colors: Number of labels exceeds number of avilable colors. Some colors will be repeated 4 times.
2: In labels2colors(c(1:nNewColors)) :
  labels2colors: Number of labels exceeds number of avilable colors. Some colors will be repeated 3 times.
Execution halted


Starting Script 07
Output directory: /quobyte/lasallegrp/projects/CHDS/WGBS/2025_intergen_BrCa_comethyl_George/comethyl_output/07_module_detection/cov3_75pct/covMin10_methSD0p07
Loaded regions: 465397 rows

==============================
Running module detection for variant: v1_all_pcs
==============================

[v1_all_pcs] methylation dimensions: 173 regions x 465397 samples
[v1_all_pcs] using powerEstimate = 19
[v1_all_pcs] module correlation = pearson
[getModules] Constructing network and detecting modules in blocks using pearson correlation
[getModules] Assigning modules and calculating module membership using pearson correlation
[getModules] Saving modules as /quobyte/lasallegrp/projects/CHDS/WGBS/2025_intergen_BrCa_comethyl_George/comethyl_output/07_module_detection/cov3_75pct/covMin10_methSD0p07/v1_all_pcs/Modules.rds
[plotRegionDendro] Plotting region dendrograms and modules for each block
[plotRegionDendro] Saving plot as /quobyte/lasallegrp/projects/CHDS/WGBS/2025_intergen_BrCa_comethyl_George/comethyl_output/07_module_detection/cov3_75pct/covMin10_methSD0p07/v1_all_pcs/Region_Dendrograms.pdf
[getModuleBED] Creating bed file of regions annotated with identified modules
[getModuleBED] Excluding regions in grey (unassigned) module
[getModuleBED] Saving file as /quobyte/lasallegrp/projects/CHDS/WGBS/2025_intergen_BrCa_comethyl_George/comethyl_output/07_module_detection/cov3_75pct/covMin10_methSD0p07/v1_all_pcs/Modules.bed
✓ Finished variant: v1_all_pcs
  Modules RDS: /quobyte/lasallegrp/projects/CHDS/WGBS/2025_intergen_BrCa_comethyl_George/comethyl_output/07_module_detection/cov3_75pct/covMin10_methSD0p07/v1_all_pcs/Modules.rds
  Dendrogram:  /quobyte/lasallegrp/projects/CHDS/WGBS/2025_intergen_BrCa_comethyl_George/comethyl_output/07_module_detection/cov3_75pct/covMin10_methSD0p07/v1_all_pcs/Region_Dendrograms.pdf
  BED:         /quobyte/lasallegrp/projects/CHDS/WGBS/2025_intergen_BrCa_comethyl_George/comethyl_output/07_module_detection/cov3_75pct/covMin10_methSD0p07/v1_all_pcs/Modules.bed

==============================
Running module detection for variant: v2_exclude_protected_pcs
==============================

[v2_exclude_protected_pcs] methylation dimensions: 173 regions x 465397 samples
[v2_exclude_protected_pcs] using powerEstimate = 6
[v2_exclude_protected_pcs] module correlation = pearson
[getModules] Constructing network and detecting modules in blocks using pearson correlation
[getModules] Assigning modules and calculating module membership using pearson correlation
[getModules] Saving modules as /quobyte/lasallegrp/projects/CHDS/WGBS/2025_intergen_BrCa_comethyl_George/comethyl_output/07_module_detection/cov3_75pct/covMin10_methSD0p07/v2_exclude_protected_pcs/Modules.rds
[plotRegionDendro] Plotting region dendrograms and modules for each block
[plotRegionDendro] Saving plot as /quobyte/lasallegrp/projects/CHDS/WGBS/2025_intergen_BrCa_comethyl_George/comethyl_output/07_module_detection/cov3_75pct/covMin10_methSD0p07/v2_exclude_protected_pcs/Region_Dendrograms.pdf
[getModuleBED] Creating bed file of regions annotated with identified modules
[getModuleBED] Excluding regions in grey (unassigned) module
[getModuleBED] Saving file as /quobyte/lasallegrp/projects/CHDS/WGBS/2025_intergen_BrCa_comethyl_George/comethyl_output/07_module_detection/cov3_75pct/covMin10_methSD0p07/v2_exclude_protected_pcs/Modules.bed
✓ Finished variant: v2_exclude_protected_pcs
  Modules RDS: /quobyte/lasallegrp/projects/CHDS/WGBS/2025_intergen_BrCa_comethyl_George/comethyl_output/07_module_detection/cov3_75pct/covMin10_methSD0p07/v2_exclude_protected_pcs/Modules.rds
  Dendrogram:  /quobyte/lasallegrp/projects/CHDS/WGBS/2025_intergen_BrCa_comethyl_George/comethyl_output/07_module_detection/cov3_75pct/covMin10_methSD0p07/v2_exclude_protected_pcs/Region_Dendrograms.pdf
  BED:         /quobyte/lasallegrp/projects/CHDS/WGBS/2025_intergen_BrCa_comethyl_George/comethyl_output/07_module_detection/cov3_75pct/covMin10_methSD0p07/v2_exclude_protected_pcs/Modules.bed
Script 07 complete: module detection finished
Outputs saved under:
  /quobyte/lasallegrp/projects/CHDS/WGBS/2025_intergen_BrCa_comethyl_George/comethyl_output/07_module_detection/cov3_75pct/covMin10_methSD0p07
Starting Script 08
Loaded sample_info: /quobyte/lasallegrp/projects/CHDS/WGBS/2025_intergen_BrCa_comethyl_George/data/metadata/Intergen173.xlsx
colData dimensions: 173 samples x 46 traits
colData_num dimensions: 173 samples x 46 numeric traits
Output directory: /quobyte/lasallegrp/projects/CHDS/WGBS/2025_intergen_BrCa_comethyl_George/comethyl_output/08_module_and_sample_diagnostics/cov3_75pct/covMin10_methSD0p07

==============================
Running module/sample diagnostics for variant: v1_all_pcs
==============================

[v1_all_pcs] No MEgrey column found (5 real MEs remaining)
[v1_all_pcs] Sample alignment to metadata: 173 overlapping samples retained from 173 ME samples and 173 metadata samples
[v1_all_pcs] MEs used: 173 samples x 5 modules
[getDendro] Clustering with pearson correlation as the distance
[plotDendro] Plotting dendrogram
[plotDendro] Saving plot as /quobyte/lasallegrp/projects/CHDS/WGBS/2025_intergen_BrCa_comethyl_George/comethyl_output/08_module_and_sample_diagnostics/cov3_75pct/covMin10_methSD0p07/v1_all_pcs/Module_ME_Dendrogram.pdf
[v1_all_pcs] Saved module ME dendrogram
[getCor] Calculating correlations using pearson correlation
[plotHeatmap] Plotting heatmap with dendrograms
[plotHeatmap] Using colors in row names for y-axis labels
[plotHeatmap] Using colors in column names for x-axis labels
[plotHeatmap] Saving plot as /quobyte/lasallegrp/projects/CHDS/WGBS/2025_intergen_BrCa_comethyl_George/comethyl_output/08_module_and_sample_diagnostics/cov3_75pct/covMin10_methSD0p07/v1_all_pcs/Module_Correlation_Heatmap.pdf
[v1_all_pcs] Saved module correlation heatmap
[getMEtraitCor] Testing associations between module eigennodes and sample traits using pearson correlation
[getMEtraitCor] Saving file as /quobyte/lasallegrp/projects/CHDS/WGBS/2025_intergen_BrCa_comethyl_George/comethyl_output/08_module_and_sample_diagnostics/cov3_75pct/covMin10_methSD0p07/v1_all_pcs/Module_Correlation_Stats.tsv
[v1_all_pcs] Saved module correlation stats
[getDendro] Clustering by euclidean distance
[plotDendro] Plotting dendrogram
[plotDendro] Saving plot as /quobyte/lasallegrp/projects/CHDS/WGBS/2025_intergen_BrCa_comethyl_George/comethyl_output/08_module_and_sample_diagnostics/cov3_75pct/covMin10_methSD0p07/v1_all_pcs/Sample_ME_Dendrogram.pdf
[v1_all_pcs] Saved sample ME dendrogram
[getCor] Transposing data
[getCor] Calculating correlations using pearson correlation
[plotHeatmap] Plotting heatmap with dendrograms
[plotHeatmap] Saving plot as /quobyte/lasallegrp/projects/CHDS/WGBS/2025_intergen_BrCa_comethyl_George/comethyl_output/08_module_and_sample_diagnostics/cov3_75pct/covMin10_methSD0p07/v1_all_pcs/Sample_Correlation_Heatmap.pdf
[v1_all_pcs] Saved sample correlation heatmap
[plotHeatmap] Plotting heatmap with dendrograms
[plotHeatmap] Using colors in column names for x-axis labels
[plotHeatmap] Saving plot as /quobyte/lasallegrp/projects/CHDS/WGBS/2025_intergen_BrCa_comethyl_George/comethyl_output/08_module_and_sample_diagnostics/cov3_75pct/covMin10_methSD0p07/v1_all_pcs/Sample_ME_Heatmap.pdf
[v1_all_pcs] Saved sample x module eigengene heatmap
Finished variant: v1_all_pcs
  Outputs in: /quobyte/lasallegrp/projects/CHDS/WGBS/2025_intergen_BrCa_comethyl_George/comethyl_output/08_module_and_sample_diagnostics/cov3_75pct/covMin10_methSD0p07/v1_all_pcs

==============================
Running module/sample diagnostics for variant: v2_exclude_protected_pcs
==============================

[v2_exclude_protected_pcs] No MEgrey column found (62 real MEs remaining)
[v2_exclude_protected_pcs] Sample alignment to metadata: 173 overlapping samples retained from 173 ME samples and 173 metadata samples
[v2_exclude_protected_pcs] MEs used: 173 samples x 62 modules
[getDendro] Clustering with pearson correlation as the distance
[plotDendro] Plotting dendrogram
[plotDendro] Saving plot as /quobyte/lasallegrp/projects/CHDS/WGBS/2025_intergen_BrCa_comethyl_George/comethyl_output/08_module_and_sample_diagnostics/cov3_75pct/covMin10_methSD0p07/v2_exclude_protected_pcs/Module_ME_Dendrogram.pdf
[v2_exclude_protected_pcs] Saved module ME dendrogram
[getCor] Calculating correlations using pearson correlation
[plotHeatmap] Plotting heatmap with dendrograms
[plotHeatmap] Using colors in row names for y-axis labels
[plotHeatmap] Using colors in column names for x-axis labels
[plotHeatmap] Saving plot as /quobyte/lasallegrp/projects/CHDS/WGBS/2025_intergen_BrCa_comethyl_George/comethyl_output/08_module_and_sample_diagnostics/cov3_75pct/covMin10_methSD0p07/v2_exclude_protected_pcs/Module_Correlation_Heatmap.pdf
[v2_exclude_protected_pcs] Saved module correlation heatmap
[getMEtraitCor] Testing associations between module eigennodes and sample traits using pearson correlation
[getMEtraitCor] Saving file as /quobyte/lasallegrp/projects/CHDS/WGBS/2025_intergen_BrCa_comethyl_George/comethyl_output/08_module_and_sample_diagnostics/cov3_75pct/covMin10_methSD0p07/v2_exclude_protected_pcs/Module_Correlation_Stats.tsv
[v2_exclude_protected_pcs] Saved module correlation stats
[getDendro] Clustering by euclidean distance
[plotDendro] Plotting dendrogram
[plotDendro] Saving plot as /quobyte/lasallegrp/projects/CHDS/WGBS/2025_intergen_BrCa_comethyl_George/comethyl_output/08_module_and_sample_diagnostics/cov3_75pct/covMin10_methSD0p07/v2_exclude_protected_pcs/Sample_ME_Dendrogram.pdf
[v2_exclude_protected_pcs] Saved sample ME dendrogram
[getCor] Transposing data
[getCor] Calculating correlations using pearson correlation
[plotHeatmap] Plotting heatmap with dendrograms
[plotHeatmap] Saving plot as /quobyte/lasallegrp/projects/CHDS/WGBS/2025_intergen_BrCa_comethyl_George/comethyl_output/08_module_and_sample_diagnostics/cov3_75pct/covMin10_methSD0p07/v2_exclude_protected_pcs/Sample_Correlation_Heatmap.pdf
[v2_exclude_protected_pcs] Saved sample correlation heatmap
[plotHeatmap] Plotting heatmap with dendrograms
[plotHeatmap] Using colors in column names for x-axis labels
[plotHeatmap] Saving plot as /quobyte/lasallegrp/projects/CHDS/WGBS/2025_intergen_BrCa_comethyl_George/comethyl_output/08_module_and_sample_diagnostics/cov3_75pct/covMin10_methSD0p07/v2_exclude_protected_pcs/Sample_ME_Heatmap.pdf
[v2_exclude_protected_pcs] Saved sample x module eigengene heatmap
Finished variant: v2_exclude_protected_pcs
  Outputs in: /quobyte/lasallegrp/projects/CHDS/WGBS/2025_intergen_BrCa_comethyl_George/comethyl_output/08_module_and_sample_diagnostics/cov3_75pct/covMin10_methSD0p07/v2_exclude_protected_pcs
Script 08 complete: module and sample diagnostics finished
Outputs saved under:
  /quobyte/lasallegrp/projects/CHDS/WGBS/2025_intergen_BrCa_comethyl_George/comethyl_output/08_module_and_sample_diagnostics/cov3_75pct/covMin10_methSD0p07
Starting Script 09a
Output directory: /quobyte/lasallegrp/projects/CHDS/WGBS/2025_intergen_BrCa_comethyl_George/comethyl_output/09a_me_trait_analysis/cov3_75pct/covMin10_methSD0p07
[readSampleInfo] Reading sample info: /quobyte/lasallegrp/projects/CHDS/WGBS/2025_intergen_BrCa_comethyl_George/data/metadata/Intergen173.xlsx
[readSampleInfo] No sample_id_col provided; using existing rownames.
[readSampleInfo] First 6 rownames used as sample IDs:

==============================
Running ME-trait analysis for variant: v1_all_pcs
==============================

[v1_all_pcs] MEs dimensions: 173 samples x 5 modules
[getDendro] Clustering with bicor correlation as the distance
[v1_all_pcs] Running bicor ME-trait correlations
[getMEtraitCor] Testing associations between module eigennodes and sample traits using bicor correlation
[getMEtraitCor] Saving file as /tmp/RtmplpUFUx/file3c2add4c29f7e4.tsv
[plotMEtraitCor] Plotting ME trait correlation heatmap
[plotMEtraitCor] Drawing module color bar with labels
[plotMEtraitCor] Saving plot as /quobyte/lasallegrp/projects/CHDS/WGBS/2025_intergen_BrCa_comethyl_George/comethyl_output/09a_me_trait_analysis/cov3_75pct/covMin10_methSD0p07/v1_all_pcs/ME_Trait_Correlation_Heatmap_Bicor_FULL.pdf
[plotMEtraitCor] Plotting ME trait correlation heatmap
[plotMEtraitCor] Drawing module color bar with labels
[plotMEtraitCor] Saving plot as /quobyte/lasallegrp/projects/CHDS/WGBS/2025_intergen_BrCa_comethyl_George/comethyl_output/09a_me_trait_analysis/cov3_75pct/covMin10_methSD0p07/v1_all_pcs/ME_Trait_Correlation_Heatmap_Bicor_TOP.pdf
✓ Finished variant: v1_all_pcs
  Outputs in: /quobyte/lasallegrp/projects/CHDS/WGBS/2025_intergen_BrCa_comethyl_George/comethyl_output/09a_me_trait_analysis/cov3_75pct/covMin10_methSD0p07/v1_all_pcs

==============================
Running ME-trait analysis for variant: v2_exclude_protected_pcs
==============================

[v2_exclude_protected_pcs] MEs dimensions: 173 samples x 62 modules
[getDendro] Clustering with bicor correlation as the distance
[v2_exclude_protected_pcs] Running bicor ME-trait correlations
[getMEtraitCor] Testing associations between module eigennodes and sample traits using bicor correlation
[getMEtraitCor] Saving file as /tmp/RtmplpUFUx/file3c2add4528cf8.tsv
[plotMEtraitCor] Plotting ME trait correlation heatmap
[plotMEtraitCor] Drawing module color bar with labels
[plotMEtraitCor] Saving plot as /quobyte/lasallegrp/projects/CHDS/WGBS/2025_intergen_BrCa_comethyl_George/comethyl_output/09a_me_trait_analysis/cov3_75pct/covMin10_methSD0p07/v2_exclude_protected_pcs/ME_Trait_Correlation_Heatmap_Bicor_FULL.pdf
[plotMEtraitCor] Plotting ME trait correlation heatmap
[plotMEtraitCor] Drawing module color bar with labels
[plotMEtraitCor] Saving plot as /quobyte/lasallegrp/projects/CHDS/WGBS/2025_intergen_BrCa_comethyl_George/comethyl_output/09a_me_trait_analysis/cov3_75pct/covMin10_methSD0p07/v2_exclude_protected_pcs/ME_Trait_Correlation_Heatmap_Bicor_TOP.pdf
✓ Finished variant: v2_exclude_protected_pcs
  Outputs in: /quobyte/lasallegrp/projects/CHDS/WGBS/2025_intergen_BrCa_comethyl_George/comethyl_output/09a_me_trait_analysis/cov3_75pct/covMin10_methSD0p07/v2_exclude_protected_pcs
Script 09a complete: core ME-trait finished
Outputs saved under:
  /quobyte/lasallegrp/projects/CHDS/WGBS/2025_intergen_BrCa_comethyl_George/comethyl_output/09a_me_trait_analysis/cov3_75pct/covMin10_methSD0p07
Starting Script 09b
Variants to process: 2

==============================
Running 09b for variant: v1_all_pcs
Output directory: /quobyte/lasallegrp/projects/CHDS/WGBS/2025_intergen_BrCa_comethyl_George/comethyl_output/09b_me_trait_presentation/cov3_75pct/covMin10_methSD0p07/v1_all_pcs
==============================

[getDendro] Clustering with bicor correlation as the distance
[plotMEtraitCor] Plotting ME trait correlation heatmap
[plotMEtraitCor] Drawing module color bar with labels
[plotMEtraitCor] Saving plot as /quobyte/lasallegrp/projects/CHDS/WGBS/2025_intergen_BrCa_comethyl_George/comethyl_output/09b_me_trait_presentation/cov3_75pct/covMin10_methSD0p07/v1_all_pcs/01_ids_and_batch_variables/ME_Trait_Heatmap_FULL.pdf
[plotMEtraitCor] Plotting ME trait correlation heatmap
[plotMEtraitCor] Drawing module color bar with labels
[plotMEtraitCor] Saving plot as /quobyte/lasallegrp/projects/CHDS/WGBS/2025_intergen_BrCa_comethyl_George/comethyl_output/09b_me_trait_presentation/cov3_75pct/covMin10_methSD0p07/v1_all_pcs/01_ids_and_batch_variables/ME_Trait_Heatmap_TOP.pdf
Done set '01_ids_and_batch_variables' for variant 'v1_all_pcs'
  Traits found: 2 / 4
  Output: /quobyte/lasallegrp/projects/CHDS/WGBS/2025_intergen_BrCa_comethyl_George/comethyl_output/09b_me_trait_presentation/cov3_75pct/covMin10_methSD0p07/v1_all_pcs/01_ids_and_batch_variables
[plotMEtraitCor] Plotting ME trait correlation heatmap
[plotMEtraitCor] Drawing module color bar with labels
[plotMEtraitCor] Saving plot as /quobyte/lasallegrp/projects/CHDS/WGBS/2025_intergen_BrCa_comethyl_George/comethyl_output/09b_me_trait_presentation/cov3_75pct/covMin10_methSD0p07/v1_all_pcs/03_body_size_outcomes_F1/ME_Trait_Heatmap_FULL.pdf
[plotMEtraitCor] Plotting ME trait correlation heatmap
[plotMEtraitCor] Drawing module color bar with labels
[plotMEtraitCor] Saving plot as /quobyte/lasallegrp/projects/CHDS/WGBS/2025_intergen_BrCa_comethyl_George/comethyl_output/09b_me_trait_presentation/cov3_75pct/covMin10_methSD0p07/v1_all_pcs/03_body_size_outcomes_F1/ME_Trait_Heatmap_TOP.pdf
Done set '03_body_size_outcomes_F1' for variant 'v1_all_pcs'
  Traits found: 7 / 9
  Output: /quobyte/lasallegrp/projects/CHDS/WGBS/2025_intergen_BrCa_comethyl_George/comethyl_output/09b_me_trait_presentation/cov3_75pct/covMin10_methSD0p07/v1_all_pcs/03_body_size_outcomes_F1
[plotMEtraitCor] Plotting ME trait correlation heatmap
[plotMEtraitCor] Drawing module color bar with labels
[plotMEtraitCor] Saving plot as /quobyte/lasallegrp/projects/CHDS/WGBS/2025_intergen_BrCa_comethyl_George/comethyl_output/09b_me_trait_presentation/cov3_75pct/covMin10_methSD0p07/v1_all_pcs/04_organochlorine_exposures_ddt_dde/ME_Trait_Heatmap_FULL.pdf
[plotMEtraitCor] Plotting ME trait correlation heatmap
[plotMEtraitCor] Drawing module color bar with labels
[plotMEtraitCor] Saving plot as /quobyte/lasallegrp/projects/CHDS/WGBS/2025_intergen_BrCa_comethyl_George/comethyl_output/09b_me_trait_presentation/cov3_75pct/covMin10_methSD0p07/v1_all_pcs/04_organochlorine_exposures_ddt_dde/ME_Trait_Heatmap_TOP.pdf
Done set '04_organochlorine_exposures_ddt_dde' for variant 'v1_all_pcs'
  Traits found: 24 / 24
  Output: /quobyte/lasallegrp/projects/CHDS/WGBS/2025_intergen_BrCa_comethyl_George/comethyl_output/09b_me_trait_presentation/cov3_75pct/covMin10_methSD0p07/v1_all_pcs/04_organochlorine_exposures_ddt_dde
[plotMEtraitCor] Plotting ME trait correlation heatmap
[plotMEtraitCor] Drawing module color bar with labels
[plotMEtraitCor] Saving plot as /quobyte/lasallegrp/projects/CHDS/WGBS/2025_intergen_BrCa_comethyl_George/comethyl_output/09b_me_trait_presentation/cov3_75pct/covMin10_methSD0p07/v1_all_pcs/05_neighborhood_context_ice_variables/ME_Trait_Heatmap_FULL.pdf
[plotMEtraitCor] Plotting ME trait correlation heatmap
[plotMEtraitCor] Drawing module color bar with labels
[plotMEtraitCor] Saving plot as /quobyte/lasallegrp/projects/CHDS/WGBS/2025_intergen_BrCa_comethyl_George/comethyl_output/09b_me_trait_presentation/cov3_75pct/covMin10_methSD0p07/v1_all_pcs/05_neighborhood_context_ice_variables/ME_Trait_Heatmap_TOP.pdf
Done set '05_neighborhood_context_ice_variables' for variant 'v1_all_pcs'
  Traits found: 23 / 23
  Output: /quobyte/lasallegrp/projects/CHDS/WGBS/2025_intergen_BrCa_comethyl_George/comethyl_output/09b_me_trait_presentation/cov3_75pct/covMin10_methSD0p07/v1_all_pcs/05_neighborhood_context_ice_variables
[plotMEtraitCor] Plotting ME trait correlation heatmap
[plotMEtraitCor] Drawing module color bar with labels
[plotMEtraitCor] Saving plot as /quobyte/lasallegrp/projects/CHDS/WGBS/2025_intergen_BrCa_comethyl_George/comethyl_output/09b_me_trait_presentation/cov3_75pct/covMin10_methSD0p07/v1_all_pcs/06_puberty_and_menarche_variables/ME_Trait_Heatmap_FULL.pdf
[plotMEtraitCor] Plotting ME trait correlation heatmap
[plotMEtraitCor] Drawing module color bar with labels
[plotMEtraitCor] Saving plot as /quobyte/lasallegrp/projects/CHDS/WGBS/2025_intergen_BrCa_comethyl_George/comethyl_output/09b_me_trait_presentation/cov3_75pct/covMin10_methSD0p07/v1_all_pcs/06_puberty_and_menarche_variables/ME_Trait_Heatmap_TOP.pdf
Done set '06_puberty_and_menarche_variables' for variant 'v1_all_pcs'
  Traits found: 5 / 5
  Output: /quobyte/lasallegrp/projects/CHDS/WGBS/2025_intergen_BrCa_comethyl_George/comethyl_output/09b_me_trait_presentation/cov3_75pct/covMin10_methSD0p07/v1_all_pcs/06_puberty_and_menarche_variables
[plotMEtraitCor] Plotting ME trait correlation heatmap
[plotMEtraitCor] Drawing module color bar with labels
[plotMEtraitCor] Saving plot as /quobyte/lasallegrp/projects/CHDS/WGBS/2025_intergen_BrCa_comethyl_George/comethyl_output/09b_me_trait_presentation/cov3_75pct/covMin10_methSD0p07/v1_all_pcs/07_breast_cancer_outcomes/ME_Trait_Heatmap_FULL.pdf
[plotMEtraitCor] Plotting ME trait correlation heatmap
[plotMEtraitCor] Drawing module color bar with labels
[plotMEtraitCor] Saving plot as /quobyte/lasallegrp/projects/CHDS/WGBS/2025_intergen_BrCa_comethyl_George/comethyl_output/09b_me_trait_presentation/cov3_75pct/covMin10_methSD0p07/v1_all_pcs/07_breast_cancer_outcomes/ME_Trait_Heatmap_TOP.pdf
Done set '07_breast_cancer_outcomes' for variant 'v1_all_pcs'
  Traits found: 2 / 2
  Output: /quobyte/lasallegrp/projects/CHDS/WGBS/2025_intergen_BrCa_comethyl_George/comethyl_output/09b_me_trait_presentation/cov3_75pct/covMin10_methSD0p07/v1_all_pcs/07_breast_cancer_outcomes
Finished variant: v1_all_pcs

==============================
Running 09b for variant: v2_exclude_protected_pcs
Output directory: /quobyte/lasallegrp/projects/CHDS/WGBS/2025_intergen_BrCa_comethyl_George/comethyl_output/09b_me_trait_presentation/cov3_75pct/covMin10_methSD0p07/v2_exclude_protected_pcs
==============================

[getDendro] Clustering with bicor correlation as the distance
[plotMEtraitCor] Plotting ME trait correlation heatmap
[plotMEtraitCor] Drawing module color bar with labels
[plotMEtraitCor] Saving plot as /quobyte/lasallegrp/projects/CHDS/WGBS/2025_intergen_BrCa_comethyl_George/comethyl_output/09b_me_trait_presentation/cov3_75pct/covMin10_methSD0p07/v2_exclude_protected_pcs/01_ids_and_batch_variables/ME_Trait_Heatmap_FULL.pdf
[plotMEtraitCor] Plotting ME trait correlation heatmap
[plotMEtraitCor] Drawing module color bar with labels
[plotMEtraitCor] Saving plot as /quobyte/lasallegrp/projects/CHDS/WGBS/2025_intergen_BrCa_comethyl_George/comethyl_output/09b_me_trait_presentation/cov3_75pct/covMin10_methSD0p07/v2_exclude_protected_pcs/01_ids_and_batch_variables/ME_Trait_Heatmap_TOP.pdf
Done set '01_ids_and_batch_variables' for variant 'v2_exclude_protected_pcs'
  Traits found: 2 / 4
  Output: /quobyte/lasallegrp/projects/CHDS/WGBS/2025_intergen_BrCa_comethyl_George/comethyl_output/09b_me_trait_presentation/cov3_75pct/covMin10_methSD0p07/v2_exclude_protected_pcs/01_ids_and_batch_variables
[plotMEtraitCor] Plotting ME trait correlation heatmap
[plotMEtraitCor] Drawing module color bar with labels
[plotMEtraitCor] Saving plot as /quobyte/lasallegrp/projects/CHDS/WGBS/2025_intergen_BrCa_comethyl_George/comethyl_output/09b_me_trait_presentation/cov3_75pct/covMin10_methSD0p07/v2_exclude_protected_pcs/03_body_size_outcomes_F1/ME_Trait_Heatmap_FULL.pdf
[plotMEtraitCor] Plotting ME trait correlation heatmap
[plotMEtraitCor] Drawing module color bar with labels
[plotMEtraitCor] Saving plot as /quobyte/lasallegrp/projects/CHDS/WGBS/2025_intergen_BrCa_comethyl_George/comethyl_output/09b_me_trait_presentation/cov3_75pct/covMin10_methSD0p07/v2_exclude_protected_pcs/03_body_size_outcomes_F1/ME_Trait_Heatmap_TOP.pdf
Done set '03_body_size_outcomes_F1' for variant 'v2_exclude_protected_pcs'
  Traits found: 7 / 9
  Output: /quobyte/lasallegrp/projects/CHDS/WGBS/2025_intergen_BrCa_comethyl_George/comethyl_output/09b_me_trait_presentation/cov3_75pct/covMin10_methSD0p07/v2_exclude_protected_pcs/03_body_size_outcomes_F1
[plotMEtraitCor] Plotting ME trait correlation heatmap
[plotMEtraitCor] Drawing module color bar with labels
[plotMEtraitCor] Saving plot as /quobyte/lasallegrp/projects/CHDS/WGBS/2025_intergen_BrCa_comethyl_George/comethyl_output/09b_me_trait_presentation/cov3_75pct/covMin10_methSD0p07/v2_exclude_protected_pcs/04_organochlorine_exposures_ddt_dde/ME_Trait_Heatmap_FULL.pdf
[plotMEtraitCor] Plotting ME trait correlation heatmap
[plotMEtraitCor] Drawing module color bar with labels
[plotMEtraitCor] Saving plot as /quobyte/lasallegrp/projects/CHDS/WGBS/2025_intergen_BrCa_comethyl_George/comethyl_output/09b_me_trait_presentation/cov3_75pct/covMin10_methSD0p07/v2_exclude_protected_pcs/04_organochlorine_exposures_ddt_dde/ME_Trait_Heatmap_TOP.pdf
Done set '04_organochlorine_exposures_ddt_dde' for variant 'v2_exclude_protected_pcs'
  Traits found: 24 / 24
  Output: /quobyte/lasallegrp/projects/CHDS/WGBS/2025_intergen_BrCa_comethyl_George/comethyl_output/09b_me_trait_presentation/cov3_75pct/covMin10_methSD0p07/v2_exclude_protected_pcs/04_organochlorine_exposures_ddt_dde
[plotMEtraitCor] Plotting ME trait correlation heatmap
[plotMEtraitCor] Drawing module color bar with labels
[plotMEtraitCor] Saving plot as /quobyte/lasallegrp/projects/CHDS/WGBS/2025_intergen_BrCa_comethyl_George/comethyl_output/09b_me_trait_presentation/cov3_75pct/covMin10_methSD0p07/v2_exclude_protected_pcs/05_neighborhood_context_ice_variables/ME_Trait_Heatmap_FULL.pdf
[plotMEtraitCor] Plotting ME trait correlation heatmap
[plotMEtraitCor] Drawing module color bar with labels
[plotMEtraitCor] Saving plot as /quobyte/lasallegrp/projects/CHDS/WGBS/2025_intergen_BrCa_comethyl_George/comethyl_output/09b_me_trait_presentation/cov3_75pct/covMin10_methSD0p07/v2_exclude_protected_pcs/05_neighborhood_context_ice_variables/ME_Trait_Heatmap_TOP.pdf
Done set '05_neighborhood_context_ice_variables' for variant 'v2_exclude_protected_pcs'
  Traits found: 23 / 23
  Output: /quobyte/lasallegrp/projects/CHDS/WGBS/2025_intergen_BrCa_comethyl_George/comethyl_output/09b_me_trait_presentation/cov3_75pct/covMin10_methSD0p07/v2_exclude_protected_pcs/05_neighborhood_context_ice_variables
[plotMEtraitCor] Plotting ME trait correlation heatmap
[plotMEtraitCor] Drawing module color bar with labels
[plotMEtraitCor] Saving plot as /quobyte/lasallegrp/projects/CHDS/WGBS/2025_intergen_BrCa_comethyl_George/comethyl_output/09b_me_trait_presentation/cov3_75pct/covMin10_methSD0p07/v2_exclude_protected_pcs/06_puberty_and_menarche_variables/ME_Trait_Heatmap_FULL.pdf
[plotMEtraitCor] Plotting ME trait correlation heatmap
[plotMEtraitCor] Drawing module color bar with labels
[plotMEtraitCor] Saving plot as /quobyte/lasallegrp/projects/CHDS/WGBS/2025_intergen_BrCa_comethyl_George/comethyl_output/09b_me_trait_presentation/cov3_75pct/covMin10_methSD0p07/v2_exclude_protected_pcs/06_puberty_and_menarche_variables/ME_Trait_Heatmap_TOP.pdf
Done set '06_puberty_and_menarche_variables' for variant 'v2_exclude_protected_pcs'
  Traits found: 5 / 5
  Output: /quobyte/lasallegrp/projects/CHDS/WGBS/2025_intergen_BrCa_comethyl_George/comethyl_output/09b_me_trait_presentation/cov3_75pct/covMin10_methSD0p07/v2_exclude_protected_pcs/06_puberty_and_menarche_variables
[plotMEtraitCor] Plotting ME trait correlation heatmap
[plotMEtraitCor] Drawing module color bar with labels
[plotMEtraitCor] Saving plot as /quobyte/lasallegrp/projects/CHDS/WGBS/2025_intergen_BrCa_comethyl_George/comethyl_output/09b_me_trait_presentation/cov3_75pct/covMin10_methSD0p07/v2_exclude_protected_pcs/07_breast_cancer_outcomes/ME_Trait_Heatmap_FULL.pdf
[plotMEtraitCor] Plotting ME trait correlation heatmap
[plotMEtraitCor] Drawing module color bar with labels
[plotMEtraitCor] Saving plot as /quobyte/lasallegrp/projects/CHDS/WGBS/2025_intergen_BrCa_comethyl_George/comethyl_output/09b_me_trait_presentation/cov3_75pct/covMin10_methSD0p07/v2_exclude_protected_pcs/07_breast_cancer_outcomes/ME_Trait_Heatmap_TOP.pdf
Done set '07_breast_cancer_outcomes' for variant 'v2_exclude_protected_pcs'
  Traits found: 2 / 2
  Output: /quobyte/lasallegrp/projects/CHDS/WGBS/2025_intergen_BrCa_comethyl_George/comethyl_output/09b_me_trait_presentation/cov3_75pct/covMin10_methSD0p07/v2_exclude_protected_pcs/07_breast_cancer_outcomes
Finished variant: v2_exclude_protected_pcs
Script 09a complete: Presentation ME-trait finished
Outputs saved under: /quobyte/lasallegrp/projects/CHDS/WGBS/2025_intergen_BrCa_comethyl_George/comethyl_output/09b_me_trait_presentation
Starting Script 10
Output directory: /quobyte/lasallegrp/projects/CHDS/WGBS/2025_intergen_BrCa_comethyl_George/comethyl_output/10_circos_and_module_summaries/cov3_75pct/covMin10_methSD0p07

==============================
Running circos/module summaries for variant: v1_all_pcs
==============================

✓ Finished variant: v1_all_pcs
  Outputs in: /quobyte/lasallegrp/projects/CHDS/WGBS/2025_intergen_BrCa_comethyl_George/comethyl_output/10_circos_and_module_summaries/cov3_75pct/covMin10_methSD0p07/v1_all_pcs

==============================
Running circos/module summaries for variant: v2_exclude_protected_pcs
==============================

✓ Finished variant: v2_exclude_protected_pcs
  Outputs in: /quobyte/lasallegrp/projects/CHDS/WGBS/2025_intergen_BrCa_comethyl_George/comethyl_output/10_circos_and_module_summaries/cov3_75pct/covMin10_methSD0p07/v2_exclude_protected_pcs
Warning messages:
1: Use of .data in tidyselect expressions was deprecated in tidyselect 1.2.0.
ℹ Please use `"chr"` instead of `.data$chr` 
2: Use of .data in tidyselect expressions was deprecated in tidyselect 1.2.0.
ℹ Please use `"start"` instead of `.data$start` 
3: Use of .data in tidyselect expressions was deprecated in tidyselect 1.2.0.
ℹ Please use `"end"` instead of `.data$end` 
4: Use of .data in tidyselect expressions was deprecated in tidyselect 1.2.0.
ℹ Please use `"module"` instead of `.data$module` 
Script 10 complete: Circos plots finished
Outputs saved under:
  /quobyte/lasallegrp/projects/CHDS/WGBS/2025_intergen_BrCa_comethyl_George/comethyl_output/10_circos_and_module_summaries/cov3_75pct/covMin10_methSD0p07
Starting Script 11
Output directory: /quobyte/lasallegrp/projects/CHDS/WGBS/2025_intergen_BrCa_comethyl_George/comethyl_output/11_me_trait_pair_plots/cov3_75pct/covMin10_methSD0p07/v1_all_pcs
[readSampleInfo] Reading sample info: /quobyte/lasallegrp/projects/CHDS/WGBS/2025_intergen_BrCa_comethyl_George/data/metadata/Intergen173.xlsx
[readSampleInfo] No sample_id_col provided; using existing rownames.
[readSampleInfo] First 6 rownames used as sample IDs:
Samples in common: 173
Modules available: 5
Traits available: 46
[01_ids_and_batch_variables] Pairs to plot: 1
✓ Done set: 01_ids_and_batch_variables
  Output: /quobyte/lasallegrp/projects/CHDS/WGBS/2025_intergen_BrCa_comethyl_George/comethyl_output/11_me_trait_pair_plots/cov3_75pct/covMin10_methSD0p07/v1_all_pcs/01_ids_and_batch_variables
[03_body_size_outcomes_F1] Pairs to plot: 3
✓ Done set: 03_body_size_outcomes_F1
  Output: /quobyte/lasallegrp/projects/CHDS/WGBS/2025_intergen_BrCa_comethyl_George/comethyl_output/11_me_trait_pair_plots/cov3_75pct/covMin10_methSD0p07/v1_all_pcs/03_body_size_outcomes_F1
[04_organochlorine_exposures_ddt_dde] Pairs to plot: 7
✓ Done set: 04_organochlorine_exposures_ddt_dde
  Output: /quobyte/lasallegrp/projects/CHDS/WGBS/2025_intergen_BrCa_comethyl_George/comethyl_output/11_me_trait_pair_plots/cov3_75pct/covMin10_methSD0p07/v1_all_pcs/04_organochlorine_exposures_ddt_dde
[05_neighborhood_context_ice_variables] Pairs to plot: 7
✓ Done set: 05_neighborhood_context_ice_variables
  Output: /quobyte/lasallegrp/projects/CHDS/WGBS/2025_intergen_BrCa_comethyl_George/comethyl_output/11_me_trait_pair_plots/cov3_75pct/covMin10_methSD0p07/v1_all_pcs/05_neighborhood_context_ice_variables
[06_puberty_and_menarche_variables] Pairs to plot: 2
✓ Done set: 06_puberty_and_menarche_variables
  Output: /quobyte/lasallegrp/projects/CHDS/WGBS/2025_intergen_BrCa_comethyl_George/comethyl_output/11_me_trait_pair_plots/cov3_75pct/covMin10_methSD0p07/v1_all_pcs/06_puberty_and_menarche_variables
Skipping set 07_breast_cancer_outcomes: no module-trait pairs left after filtering.
Script 10 complete: ME-trait pair plots finished
Outputs saved under:
  /quobyte/lasallegrp/projects/CHDS/WGBS/2025_intergen_BrCa_comethyl_George/comethyl_output/11_me_trait_pair_plots/cov3_75pct/covMin10_methSD0p07/v1_all_pcs
Starting Script 11
Output directory: /quobyte/lasallegrp/projects/CHDS/WGBS/2025_intergen_BrCa_comethyl_George/comethyl_output/11_me_trait_pair_plots/cov3_75pct/covMin10_methSD0p07/v2_exclude_protected_pcs
[readSampleInfo] Reading sample info: /quobyte/lasallegrp/projects/CHDS/WGBS/2025_intergen_BrCa_comethyl_George/data/metadata/Intergen173.xlsx
[readSampleInfo] No sample_id_col provided; using existing rownames.
[readSampleInfo] First 6 rownames used as sample IDs:
Samples in common: 173
Modules available: 62
Traits available: 46
[01_ids_and_batch_variables] Pairs to plot: 9
✓ Done set: 01_ids_and_batch_variables
  Output: /quobyte/lasallegrp/projects/CHDS/WGBS/2025_intergen_BrCa_comethyl_George/comethyl_output/11_me_trait_pair_plots/cov3_75pct/covMin10_methSD0p07/v2_exclude_protected_pcs/01_ids_and_batch_variables
[03_body_size_outcomes_F1] Pairs to plot: 31
✓ Done set: 03_body_size_outcomes_F1
  Output: /quobyte/lasallegrp/projects/CHDS/WGBS/2025_intergen_BrCa_comethyl_George/comethyl_output/11_me_trait_pair_plots/cov3_75pct/covMin10_methSD0p07/v2_exclude_protected_pcs/03_body_size_outcomes_F1
[04_organochlorine_exposures_ddt_dde] Pairs to plot: 50
✓ Done set: 04_organochlorine_exposures_ddt_dde
  Output: /quobyte/lasallegrp/projects/CHDS/WGBS/2025_intergen_BrCa_comethyl_George/comethyl_output/11_me_trait_pair_plots/cov3_75pct/covMin10_methSD0p07/v2_exclude_protected_pcs/04_organochlorine_exposures_ddt_dde
[05_neighborhood_context_ice_variables] Pairs to plot: 50
✓ Done set: 05_neighborhood_context_ice_variables
  Output: /quobyte/lasallegrp/projects/CHDS/WGBS/2025_intergen_BrCa_comethyl_George/comethyl_output/11_me_trait_pair_plots/cov3_75pct/covMin10_methSD0p07/v2_exclude_protected_pcs/05_neighborhood_context_ice_variables
[06_puberty_and_menarche_variables] Pairs to plot: 24
✓ Done set: 06_puberty_and_menarche_variables
  Output: /quobyte/lasallegrp/projects/CHDS/WGBS/2025_intergen_BrCa_comethyl_George/comethyl_output/11_me_trait_pair_plots/cov3_75pct/covMin10_methSD0p07/v2_exclude_protected_pcs/06_puberty_and_menarche_variables
[07_breast_cancer_outcomes] Pairs to plot: 4
✓ Done set: 07_breast_cancer_outcomes
  Output: /quobyte/lasallegrp/projects/CHDS/WGBS/2025_intergen_BrCa_comethyl_George/comethyl_output/11_me_trait_pair_plots/cov3_75pct/covMin10_methSD0p07/v2_exclude_protected_pcs/07_breast_cancer_outcomes
There were 50 or more warnings (use warnings() to see the first 50)
Script 10 complete: ME-trait pair plots finished
Outputs saved under:
  /quobyte/lasallegrp/projects/CHDS/WGBS/2025_intergen_BrCa_comethyl_George/comethyl_output/11_me_trait_pair_plots/cov3_75pct/covMin10_methSD0p07/v2_exclude_protected_pcs
Starting Script 12a
[annotate] Trying comethyl::annotateModule()
[annotateModule] Excluding regions in grey (unassigned) module
[annotateModule] Using the hg38 genome assembly for annotations
[annotateModule] Adding genes to regions using GREAT v4.0.4 with the basalPlusExt rule
[annotate] GREAT-based annotation failed: error in evaluating the argument 'y' in selecting a method for function 'merge': error in evaluating the argument 'x' in selecting a method for function 'as.data.frame': unused argument (type = 1)
[annotate] Falling back to offline nearest-gene annotation.
[offline] Using TxDb.Hsapiens.UCSC.hg38.knownGene
  2135 genes were dropped because they have exons located on both strands
  of the same reference sequence or on more than one reference sequence,
  so cannot be represented by a single genomic range.
  Use 'single.strand.genes.only=FALSE' to get all the genes in a
  GRangesList object, or use suppressMessages() to suppress this message.
'select()' returned 1:1 mapping between keys and columns
[annotate] Trying comethyl::annotateModule()
[annotateModule] Excluding regions in grey (unassigned) module
[annotateModule] Using the hg38 genome assembly for annotations
[annotateModule] Adding genes to regions using GREAT v4.0.4 with the basalPlusExt rule
[annotate] GREAT-based annotation failed: GREAT encountered a user error (message from GREAT web server):
Line 128497: The second field (chromStart) must be a non-negative
integer (not 1.3e+07). Input data: 'chr16 1.3e+07 13000205
/chr16:1.3e+07-13000205'
[annotate] Falling back to offline nearest-gene annotation.
[offline] Using TxDb.Hsapiens.UCSC.hg38.knownGene
  2135 genes were dropped because they have exons located on both strands
  of the same reference sequence or on more than one reference sequence,
  so cannot be represented by a single genomic range.
  Use 'single.strand.genes.only=FALSE' to get all the genes in a
  GRangesList object, or use suppressMessages() to suppress this message.
'select()' returned 1:1 mapping between keys and columns
Script 12a complete: Annotate Modules finished
Starting Script 12b
Error: trait_list_file not found: /quobyte/lasallegrp/projects/bgw_wgbs_comethyl/config/presentation_sets/heatmap_primary_traits.txt
Execution halted


Starting Script 07
Output directory: /quobyte/lasallegrp/projects/CHDS/WGBS/2025_intergen_BrCa_comethyl_George/comethyl_output/07_module_detection/cov3_75pct/covMin10_methSD0p07
Loaded regions: 465397 rows

==============================
Running module detection for variant: v1_all_pcs
==============================

[v1_all_pcs] methylation dimensions: 173 regions x 465397 samples
[v1_all_pcs] using powerEstimate = 19
[v1_all_pcs] module correlation = pearson
[getModules] Constructing network and detecting modules in blocks using pearson correlation
[getModules] Assigning modules and calculating module membership using pearson correlation
[getModules] Saving modules as /quobyte/lasallegrp/projects/CHDS/WGBS/2025_intergen_BrCa_comethyl_George/comethyl_output/07_module_detection/cov3_75pct/covMin10_methSD0p07/v1_all_pcs/Modules.rds
[plotRegionDendro] Plotting region dendrograms and modules for each block
[plotRegionDendro] Saving plot as /quobyte/lasallegrp/projects/CHDS/WGBS/2025_intergen_BrCa_comethyl_George/comethyl_output/07_module_detection/cov3_75pct/covMin10_methSD0p07/v1_all_pcs/Region_Dendrograms.pdf
[getModuleBED] Creating bed file of regions annotated with identified modules
[getModuleBED] Excluding regions in grey (unassigned) module
[getModuleBED] Saving file as /quobyte/lasallegrp/projects/CHDS/WGBS/2025_intergen_BrCa_comethyl_George/comethyl_output/07_module_detection/cov3_75pct/covMin10_methSD0p07/v1_all_pcs/Modules.bed
✓ Finished variant: v1_all_pcs
  Modules RDS: /quobyte/lasallegrp/projects/CHDS/WGBS/2025_intergen_BrCa_comethyl_George/comethyl_output/07_module_detection/cov3_75pct/covMin10_methSD0p07/v1_all_pcs/Modules.rds
  Dendrogram:  /quobyte/lasallegrp/projects/CHDS/WGBS/2025_intergen_BrCa_comethyl_George/comethyl_output/07_module_detection/cov3_75pct/covMin10_methSD0p07/v1_all_pcs/Region_Dendrograms.pdf
  BED:         /quobyte/lasallegrp/projects/CHDS/WGBS/2025_intergen_BrCa_comethyl_George/comethyl_output/07_module_detection/cov3_75pct/covMin10_methSD0p07/v1_all_pcs/Modules.bed

==============================
Running module detection for variant: v2_exclude_protected_pcs
==============================

[v2_exclude_protected_pcs] methylation dimensions: 173 regions x 465397 samples
[v2_exclude_protected_pcs] using powerEstimate = 6
[v2_exclude_protected_pcs] module correlation = pearson
[getModules] Constructing network and detecting modules in blocks using pearson correlation
[getModules] Assigning modules and calculating module membership using pearson correlation
[getModules] Saving modules as /quobyte/lasallegrp/projects/CHDS/WGBS/2025_intergen_BrCa_comethyl_George/comethyl_output/07_module_detection/cov3_75pct/covMin10_methSD0p07/v2_exclude_protected_pcs/Modules.rds
[plotRegionDendro] Plotting region dendrograms and modules for each block
[plotRegionDendro] Saving plot as /quobyte/lasallegrp/projects/CHDS/WGBS/2025_intergen_BrCa_comethyl_George/comethyl_output/07_module_detection/cov3_75pct/covMin10_methSD0p07/v2_exclude_protected_pcs/Region_Dendrograms.pdf
[getModuleBED] Creating bed file of regions annotated with identified modules
[getModuleBED] Excluding regions in grey (unassigned) module
[getModuleBED] Saving file as /quobyte/lasallegrp/projects/CHDS/WGBS/2025_intergen_BrCa_comethyl_George/comethyl_output/07_module_detection/cov3_75pct/covMin10_methSD0p07/v2_exclude_protected_pcs/Modules.bed
✓ Finished variant: v2_exclude_protected_pcs
  Modules RDS: /quobyte/lasallegrp/projects/CHDS/WGBS/2025_intergen_BrCa_comethyl_George/comethyl_output/07_module_detection/cov3_75pct/covMin10_methSD0p07/v2_exclude_protected_pcs/Modules.rds
  Dendrogram:  /quobyte/lasallegrp/projects/CHDS/WGBS/2025_intergen_BrCa_comethyl_George/comethyl_output/07_module_detection/cov3_75pct/covMin10_methSD0p07/v2_exclude_protected_pcs/Region_Dendrograms.pdf
  BED:         /quobyte/lasallegrp/projects/CHDS/WGBS/2025_intergen_BrCa_comethyl_George/comethyl_output/07_module_detection/cov3_75pct/covMin10_methSD0p07/v2_exclude_protected_pcs/Modules.bed
Script 07 complete: module detection finished
Outputs saved under:
  /quobyte/lasallegrp/projects/CHDS/WGBS/2025_intergen_BrCa_comethyl_George/comethyl_output/07_module_detection/cov3_75pct/covMin10_methSD0p07
Starting Script 08
Loaded sample_info: /quobyte/lasallegrp/projects/CHDS/WGBS/2025_intergen_BrCa_comethyl_George/data/metadata/Intergen173.xlsx
colData dimensions: 173 samples x 46 traits
colData_num dimensions: 173 samples x 46 numeric traits
Output directory: /quobyte/lasallegrp/projects/CHDS/WGBS/2025_intergen_BrCa_comethyl_George/comethyl_output/08_module_and_sample_diagnostics/cov3_75pct/covMin10_methSD0p07

==============================
Running module/sample diagnostics for variant: v1_all_pcs
==============================

[v1_all_pcs] No MEgrey column found (7 real MEs remaining)
[v1_all_pcs] Sample alignment to metadata: 173 overlapping samples retained from 173 ME samples and 173 metadata samples
[v1_all_pcs] MEs used: 173 samples x 7 modules
[getDendro] Clustering with pearson correlation as the distance
[plotDendro] Plotting dendrogram
[plotDendro] Saving plot as /quobyte/lasallegrp/projects/CHDS/WGBS/2025_intergen_BrCa_comethyl_George/comethyl_output/08_module_and_sample_diagnostics/cov3_75pct/covMin10_methSD0p07/v1_all_pcs/Module_ME_Dendrogram.pdf
[v1_all_pcs] Saved module ME dendrogram
[getCor] Calculating correlations using pearson correlation
[plotHeatmap] Plotting heatmap with dendrograms
[plotHeatmap] Using colors in row names for y-axis labels
[plotHeatmap] Using colors in column names for x-axis labels
[plotHeatmap] Saving plot as /quobyte/lasallegrp/projects/CHDS/WGBS/2025_intergen_BrCa_comethyl_George/comethyl_output/08_module_and_sample_diagnostics/cov3_75pct/covMin10_methSD0p07/v1_all_pcs/Module_Correlation_Heatmap.pdf
[v1_all_pcs] Saved module correlation heatmap
[getMEtraitCor] Testing associations between module eigennodes and sample traits using pearson correlation
[getMEtraitCor] Saving file as /quobyte/lasallegrp/projects/CHDS/WGBS/2025_intergen_BrCa_comethyl_George/comethyl_output/08_module_and_sample_diagnostics/cov3_75pct/covMin10_methSD0p07/v1_all_pcs/Module_Correlation_Stats.tsv
[v1_all_pcs] Saved module correlation stats
[getDendro] Clustering by euclidean distance
[plotDendro] Plotting dendrogram
[plotDendro] Saving plot as /quobyte/lasallegrp/projects/CHDS/WGBS/2025_intergen_BrCa_comethyl_George/comethyl_output/08_module_and_sample_diagnostics/cov3_75pct/covMin10_methSD0p07/v1_all_pcs/Sample_ME_Dendrogram.pdf
[v1_all_pcs] Saved sample ME dendrogram
[getCor] Transposing data
[getCor] Calculating correlations using pearson correlation
[plotHeatmap] Plotting heatmap with dendrograms
[plotHeatmap] Saving plot as /quobyte/lasallegrp/projects/CHDS/WGBS/2025_intergen_BrCa_comethyl_George/comethyl_output/08_module_and_sample_diagnostics/cov3_75pct/covMin10_methSD0p07/v1_all_pcs/Sample_Correlation_Heatmap.pdf
[v1_all_pcs] Saved sample correlation heatmap
[plotHeatmap] Plotting heatmap with dendrograms
[plotHeatmap] Using colors in column names for x-axis labels
[plotHeatmap] Saving plot as /quobyte/lasallegrp/projects/CHDS/WGBS/2025_intergen_BrCa_comethyl_George/comethyl_output/08_module_and_sample_diagnostics/cov3_75pct/covMin10_methSD0p07/v1_all_pcs/Sample_ME_Heatmap.pdf
[v1_all_pcs] Saved sample x module eigengene heatmap
Finished variant: v1_all_pcs
  Outputs in: /quobyte/lasallegrp/projects/CHDS/WGBS/2025_intergen_BrCa_comethyl_George/comethyl_output/08_module_and_sample_diagnostics/cov3_75pct/covMin10_methSD0p07/v1_all_pcs

==============================
Running module/sample diagnostics for variant: v2_exclude_protected_pcs
==============================

[v2_exclude_protected_pcs] No MEgrey column found (68 real MEs remaining)
[v2_exclude_protected_pcs] Sample alignment to metadata: 173 overlapping samples retained from 173 ME samples and 173 metadata samples
[v2_exclude_protected_pcs] MEs used: 173 samples x 68 modules
[getDendro] Clustering with pearson correlation as the distance
[plotDendro] Plotting dendrogram
[plotDendro] Saving plot as /quobyte/lasallegrp/projects/CHDS/WGBS/2025_intergen_BrCa_comethyl_George/comethyl_output/08_module_and_sample_diagnostics/cov3_75pct/covMin10_methSD0p07/v2_exclude_protected_pcs/Module_ME_Dendrogram.pdf
[v2_exclude_protected_pcs] Saved module ME dendrogram
[getCor] Calculating correlations using pearson correlation
[plotHeatmap] Plotting heatmap with dendrograms
[plotHeatmap] Using colors in row names for y-axis labels
[plotHeatmap] Using colors in column names for x-axis labels
[plotHeatmap] Saving plot as /quobyte/lasallegrp/projects/CHDS/WGBS/2025_intergen_BrCa_comethyl_George/comethyl_output/08_module_and_sample_diagnostics/cov3_75pct/covMin10_methSD0p07/v2_exclude_protected_pcs/Module_Correlation_Heatmap.pdf
[v2_exclude_protected_pcs] Saved module correlation heatmap
[getMEtraitCor] Testing associations between module eigennodes and sample traits using pearson correlation
[getMEtraitCor] Saving file as /quobyte/lasallegrp/projects/CHDS/WGBS/2025_intergen_BrCa_comethyl_George/comethyl_output/08_module_and_sample_diagnostics/cov3_75pct/covMin10_methSD0p07/v2_exclude_protected_pcs/Module_Correlation_Stats.tsv
[v2_exclude_protected_pcs] Saved module correlation stats
[getDendro] Clustering by euclidean distance
[plotDendro] Plotting dendrogram
[plotDendro] Saving plot as /quobyte/lasallegrp/projects/CHDS/WGBS/2025_intergen_BrCa_comethyl_George/comethyl_output/08_module_and_sample_diagnostics/cov3_75pct/covMin10_methSD0p07/v2_exclude_protected_pcs/Sample_ME_Dendrogram.pdf
[v2_exclude_protected_pcs] Saved sample ME dendrogram
[getCor] Transposing data
[getCor] Calculating correlations using pearson correlation
[plotHeatmap] Plotting heatmap with dendrograms
[plotHeatmap] Saving plot as /quobyte/lasallegrp/projects/CHDS/WGBS/2025_intergen_BrCa_comethyl_George/comethyl_output/08_module_and_sample_diagnostics/cov3_75pct/covMin10_methSD0p07/v2_exclude_protected_pcs/Sample_Correlation_Heatmap.pdf
[v2_exclude_protected_pcs] Saved sample correlation heatmap
[plotHeatmap] Plotting heatmap with dendrograms
[plotHeatmap] Using colors in column names for x-axis labels
[plotHeatmap] Saving plot as /quobyte/lasallegrp/projects/CHDS/WGBS/2025_intergen_BrCa_comethyl_George/comethyl_output/08_module_and_sample_diagnostics/cov3_75pct/covMin10_methSD0p07/v2_exclude_protected_pcs/Sample_ME_Heatmap.pdf
[v2_exclude_protected_pcs] Saved sample x module eigengene heatmap
Finished variant: v2_exclude_protected_pcs
  Outputs in: /quobyte/lasallegrp/projects/CHDS/WGBS/2025_intergen_BrCa_comethyl_George/comethyl_output/08_module_and_sample_diagnostics/cov3_75pct/covMin10_methSD0p07/v2_exclude_protected_pcs
Script 08 complete: module and sample diagnostics finished
Outputs saved under:
  /quobyte/lasallegrp/projects/CHDS/WGBS/2025_intergen_BrCa_comethyl_George/comethyl_output/08_module_and_sample_diagnostics/cov3_75pct/covMin10_methSD0p07
Starting Script 09a
Output directory: /quobyte/lasallegrp/projects/CHDS/WGBS/2025_intergen_BrCa_comethyl_George/comethyl_output/09a_me_trait_analysis/cov3_75pct/covMin10_methSD0p07
[readSampleInfo] Reading sample info: /quobyte/lasallegrp/projects/CHDS/WGBS/2025_intergen_BrCa_comethyl_George/data/metadata/Intergen173.xlsx
[readSampleInfo] No sample_id_col provided; using existing rownames.
[readSampleInfo] First 6 rownames used as sample IDs:

==============================
Running ME-trait analysis for variant: v1_all_pcs
==============================

[v1_all_pcs] MEs dimensions: 173 samples x 7 modules
[getDendro] Clustering with bicor correlation as the distance
[v1_all_pcs] Running bicor ME-trait correlations
[getMEtraitCor] Testing associations between module eigennodes and sample traits using bicor correlation
[getMEtraitCor] Saving file as /tmp/RtmpkvRtxY/file2d43b3186a2b99.tsv
[plotMEtraitCor] Plotting ME trait correlation heatmap
[plotMEtraitCor] Drawing module color bar with labels
[plotMEtraitCor] Saving plot as /quobyte/lasallegrp/projects/CHDS/WGBS/2025_intergen_BrCa_comethyl_George/comethyl_output/09a_me_trait_analysis/cov3_75pct/covMin10_methSD0p07/v1_all_pcs/ME_Trait_Correlation_Heatmap_Bicor_FULL.pdf
[plotMEtraitCor] Plotting ME trait correlation heatmap
[plotMEtraitCor] Drawing module color bar with labels
[plotMEtraitCor] Saving plot as /quobyte/lasallegrp/projects/CHDS/WGBS/2025_intergen_BrCa_comethyl_George/comethyl_output/09a_me_trait_analysis/cov3_75pct/covMin10_methSD0p07/v1_all_pcs/ME_Trait_Correlation_Heatmap_Bicor_TOP.pdf
✓ Finished variant: v1_all_pcs
  Outputs in: /quobyte/lasallegrp/projects/CHDS/WGBS/2025_intergen_BrCa_comethyl_George/comethyl_output/09a_me_trait_analysis/cov3_75pct/covMin10_methSD0p07/v1_all_pcs

==============================
Running ME-trait analysis for variant: v2_exclude_protected_pcs
==============================

[v2_exclude_protected_pcs] MEs dimensions: 173 samples x 68 modules
[getDendro] Clustering with bicor correlation as the distance
[v2_exclude_protected_pcs] Running bicor ME-trait correlations
[getMEtraitCor] Testing associations between module eigennodes and sample traits using bicor correlation
[getMEtraitCor] Saving file as /tmp/RtmpkvRtxY/file2d43b363da8443.tsv
[plotMEtraitCor] Plotting ME trait correlation heatmap
[plotMEtraitCor] Drawing module color bar with labels
[plotMEtraitCor] Saving plot as /quobyte/lasallegrp/projects/CHDS/WGBS/2025_intergen_BrCa_comethyl_George/comethyl_output/09a_me_trait_analysis/cov3_75pct/covMin10_methSD0p07/v2_exclude_protected_pcs/ME_Trait_Correlation_Heatmap_Bicor_FULL.pdf
[plotMEtraitCor] Plotting ME trait correlation heatmap
[plotMEtraitCor] Drawing module color bar with labels
[plotMEtraitCor] Saving plot as /quobyte/lasallegrp/projects/CHDS/WGBS/2025_intergen_BrCa_comethyl_George/comethyl_output/09a_me_trait_analysis/cov3_75pct/covMin10_methSD0p07/v2_exclude_protected_pcs/ME_Trait_Correlation_Heatmap_Bicor_TOP.pdf
✓ Finished variant: v2_exclude_protected_pcs
  Outputs in: /quobyte/lasallegrp/projects/CHDS/WGBS/2025_intergen_BrCa_comethyl_George/comethyl_output/09a_me_trait_analysis/cov3_75pct/covMin10_methSD0p07/v2_exclude_protected_pcs
Script 09a complete: core ME-trait finished
Outputs saved under:
  /quobyte/lasallegrp/projects/CHDS/WGBS/2025_intergen_BrCa_comethyl_George/comethyl_output/09a_me_trait_analysis/cov3_75pct/covMin10_methSD0p07
Starting Script 09b
Variants to process: 2

==============================
Running 09b for variant: v1_all_pcs
Output directory: /quobyte/lasallegrp/projects/CHDS/WGBS/2025_intergen_BrCa_comethyl_George/comethyl_output/09b_me_trait_presentation/cov3_75pct/covMin10_methSD0p07/v1_all_pcs
==============================

[getDendro] Clustering with bicor correlation as the distance
[plotMEtraitCor] Plotting ME trait correlation heatmap
[plotMEtraitCor] Drawing module color bar with labels
[plotMEtraitCor] Saving plot as /quobyte/lasallegrp/projects/CHDS/WGBS/2025_intergen_BrCa_comethyl_George/comethyl_output/09b_me_trait_presentation/cov3_75pct/covMin10_methSD0p07/v1_all_pcs/01_ids_and_batch_variables/ME_Trait_Heatmap_FULL.pdf
[plotMEtraitCor] Plotting ME trait correlation heatmap
[plotMEtraitCor] Drawing module color bar with labels
[plotMEtraitCor] Saving plot as /quobyte/lasallegrp/projects/CHDS/WGBS/2025_intergen_BrCa_comethyl_George/comethyl_output/09b_me_trait_presentation/cov3_75pct/covMin10_methSD0p07/v1_all_pcs/01_ids_and_batch_variables/ME_Trait_Heatmap_TOP.pdf
Done set '01_ids_and_batch_variables' for variant 'v1_all_pcs'
  Traits found: 2 / 4
  Output: /quobyte/lasallegrp/projects/CHDS/WGBS/2025_intergen_BrCa_comethyl_George/comethyl_output/09b_me_trait_presentation/cov3_75pct/covMin10_methSD0p07/v1_all_pcs/01_ids_and_batch_variables
[plotMEtraitCor] Plotting ME trait correlation heatmap
[plotMEtraitCor] Drawing module color bar with labels
[plotMEtraitCor] Saving plot as /quobyte/lasallegrp/projects/CHDS/WGBS/2025_intergen_BrCa_comethyl_George/comethyl_output/09b_me_trait_presentation/cov3_75pct/covMin10_methSD0p07/v1_all_pcs/03_body_size_outcomes_F1/ME_Trait_Heatmap_FULL.pdf
[plotMEtraitCor] Plotting ME trait correlation heatmap
[plotMEtraitCor] Drawing module color bar with labels
[plotMEtraitCor] Saving plot as /quobyte/lasallegrp/projects/CHDS/WGBS/2025_intergen_BrCa_comethyl_George/comethyl_output/09b_me_trait_presentation/cov3_75pct/covMin10_methSD0p07/v1_all_pcs/03_body_size_outcomes_F1/ME_Trait_Heatmap_TOP.pdf
Done set '03_body_size_outcomes_F1' for variant 'v1_all_pcs'
  Traits found: 7 / 9
  Output: /quobyte/lasallegrp/projects/CHDS/WGBS/2025_intergen_BrCa_comethyl_George/comethyl_output/09b_me_trait_presentation/cov3_75pct/covMin10_methSD0p07/v1_all_pcs/03_body_size_outcomes_F1
[plotMEtraitCor] Plotting ME trait correlation heatmap
[plotMEtraitCor] Drawing module color bar with labels
[plotMEtraitCor] Saving plot as /quobyte/lasallegrp/projects/CHDS/WGBS/2025_intergen_BrCa_comethyl_George/comethyl_output/09b_me_trait_presentation/cov3_75pct/covMin10_methSD0p07/v1_all_pcs/04_organochlorine_exposures_ddt_dde/ME_Trait_Heatmap_FULL.pdf
[plotMEtraitCor] Plotting ME trait correlation heatmap
[plotMEtraitCor] Drawing module color bar with labels
[plotMEtraitCor] Saving plot as /quobyte/lasallegrp/projects/CHDS/WGBS/2025_intergen_BrCa_comethyl_George/comethyl_output/09b_me_trait_presentation/cov3_75pct/covMin10_methSD0p07/v1_all_pcs/04_organochlorine_exposures_ddt_dde/ME_Trait_Heatmap_TOP.pdf
Done set '04_organochlorine_exposures_ddt_dde' for variant 'v1_all_pcs'
  Traits found: 24 / 24
  Output: /quobyte/lasallegrp/projects/CHDS/WGBS/2025_intergen_BrCa_comethyl_George/comethyl_output/09b_me_trait_presentation/cov3_75pct/covMin10_methSD0p07/v1_all_pcs/04_organochlorine_exposures_ddt_dde
[plotMEtraitCor] Plotting ME trait correlation heatmap
[plotMEtraitCor] Drawing module color bar with labels
[plotMEtraitCor] Saving plot as /quobyte/lasallegrp/projects/CHDS/WGBS/2025_intergen_BrCa_comethyl_George/comethyl_output/09b_me_trait_presentation/cov3_75pct/covMin10_methSD0p07/v1_all_pcs/05_neighborhood_context_ice_variables/ME_Trait_Heatmap_FULL.pdf
[plotMEtraitCor] Plotting ME trait correlation heatmap
[plotMEtraitCor] Drawing module color bar with labels
[plotMEtraitCor] Saving plot as /quobyte/lasallegrp/projects/CHDS/WGBS/2025_intergen_BrCa_comethyl_George/comethyl_output/09b_me_trait_presentation/cov3_75pct/covMin10_methSD0p07/v1_all_pcs/05_neighborhood_context_ice_variables/ME_Trait_Heatmap_TOP.pdf
Done set '05_neighborhood_context_ice_variables' for variant 'v1_all_pcs'
  Traits found: 23 / 23
  Output: /quobyte/lasallegrp/projects/CHDS/WGBS/2025_intergen_BrCa_comethyl_George/comethyl_output/09b_me_trait_presentation/cov3_75pct/covMin10_methSD0p07/v1_all_pcs/05_neighborhood_context_ice_variables
[plotMEtraitCor] Plotting ME trait correlation heatmap
[plotMEtraitCor] Drawing module color bar with labels
[plotMEtraitCor] Saving plot as /quobyte/lasallegrp/projects/CHDS/WGBS/2025_intergen_BrCa_comethyl_George/comethyl_output/09b_me_trait_presentation/cov3_75pct/covMin10_methSD0p07/v1_all_pcs/06_puberty_and_menarche_variables/ME_Trait_Heatmap_FULL.pdf
[plotMEtraitCor] Plotting ME trait correlation heatmap
[plotMEtraitCor] Drawing module color bar with labels
[plotMEtraitCor] Saving plot as /quobyte/lasallegrp/projects/CHDS/WGBS/2025_intergen_BrCa_comethyl_George/comethyl_output/09b_me_trait_presentation/cov3_75pct/covMin10_methSD0p07/v1_all_pcs/06_puberty_and_menarche_variables/ME_Trait_Heatmap_TOP.pdf
Done set '06_puberty_and_menarche_variables' for variant 'v1_all_pcs'
  Traits found: 5 / 5
  Output: /quobyte/lasallegrp/projects/CHDS/WGBS/2025_intergen_BrCa_comethyl_George/comethyl_output/09b_me_trait_presentation/cov3_75pct/covMin10_methSD0p07/v1_all_pcs/06_puberty_and_menarche_variables
[plotMEtraitCor] Plotting ME trait correlation heatmap
[plotMEtraitCor] Drawing module color bar with labels
[plotMEtraitCor] Saving plot as /quobyte/lasallegrp/projects/CHDS/WGBS/2025_intergen_BrCa_comethyl_George/comethyl_output/09b_me_trait_presentation/cov3_75pct/covMin10_methSD0p07/v1_all_pcs/07_breast_cancer_outcomes/ME_Trait_Heatmap_FULL.pdf
[plotMEtraitCor] Plotting ME trait correlation heatmap
[plotMEtraitCor] Drawing module color bar with labels
[plotMEtraitCor] Saving plot as /quobyte/lasallegrp/projects/CHDS/WGBS/2025_intergen_BrCa_comethyl_George/comethyl_output/09b_me_trait_presentation/cov3_75pct/covMin10_methSD0p07/v1_all_pcs/07_breast_cancer_outcomes/ME_Trait_Heatmap_TOP.pdf
Done set '07_breast_cancer_outcomes' for variant 'v1_all_pcs'
  Traits found: 2 / 2
  Output: /quobyte/lasallegrp/projects/CHDS/WGBS/2025_intergen_BrCa_comethyl_George/comethyl_output/09b_me_trait_presentation/cov3_75pct/covMin10_methSD0p07/v1_all_pcs/07_breast_cancer_outcomes
Finished variant: v1_all_pcs

==============================
Running 09b for variant: v2_exclude_protected_pcs
Output directory: /quobyte/lasallegrp/projects/CHDS/WGBS/2025_intergen_BrCa_comethyl_George/comethyl_output/09b_me_trait_presentation/cov3_75pct/covMin10_methSD0p07/v2_exclude_protected_pcs
==============================

[getDendro] Clustering with bicor correlation as the distance
[plotMEtraitCor] Plotting ME trait correlation heatmap
[plotMEtraitCor] Drawing module color bar with labels
[plotMEtraitCor] Saving plot as /quobyte/lasallegrp/projects/CHDS/WGBS/2025_intergen_BrCa_comethyl_George/comethyl_output/09b_me_trait_presentation/cov3_75pct/covMin10_methSD0p07/v2_exclude_protected_pcs/01_ids_and_batch_variables/ME_Trait_Heatmap_FULL.pdf
[plotMEtraitCor] Plotting ME trait correlation heatmap
[plotMEtraitCor] Drawing module color bar with labels
[plotMEtraitCor] Saving plot as /quobyte/lasallegrp/projects/CHDS/WGBS/2025_intergen_BrCa_comethyl_George/comethyl_output/09b_me_trait_presentation/cov3_75pct/covMin10_methSD0p07/v2_exclude_protected_pcs/01_ids_and_batch_variables/ME_Trait_Heatmap_TOP.pdf
Done set '01_ids_and_batch_variables' for variant 'v2_exclude_protected_pcs'
  Traits found: 2 / 4
  Output: /quobyte/lasallegrp/projects/CHDS/WGBS/2025_intergen_BrCa_comethyl_George/comethyl_output/09b_me_trait_presentation/cov3_75pct/covMin10_methSD0p07/v2_exclude_protected_pcs/01_ids_and_batch_variables
[plotMEtraitCor] Plotting ME trait correlation heatmap
[plotMEtraitCor] Drawing module color bar with labels
[plotMEtraitCor] Saving plot as /quobyte/lasallegrp/projects/CHDS/WGBS/2025_intergen_BrCa_comethyl_George/comethyl_output/09b_me_trait_presentation/cov3_75pct/covMin10_methSD0p07/v2_exclude_protected_pcs/03_body_size_outcomes_F1/ME_Trait_Heatmap_FULL.pdf
[plotMEtraitCor] Plotting ME trait correlation heatmap
[plotMEtraitCor] Drawing module color bar with labels
[plotMEtraitCor] Saving plot as /quobyte/lasallegrp/projects/CHDS/WGBS/2025_intergen_BrCa_comethyl_George/comethyl_output/09b_me_trait_presentation/cov3_75pct/covMin10_methSD0p07/v2_exclude_protected_pcs/03_body_size_outcomes_F1/ME_Trait_Heatmap_TOP.pdf
Done set '03_body_size_outcomes_F1' for variant 'v2_exclude_protected_pcs'
  Traits found: 7 / 9
  Output: /quobyte/lasallegrp/projects/CHDS/WGBS/2025_intergen_BrCa_comethyl_George/comethyl_output/09b_me_trait_presentation/cov3_75pct/covMin10_methSD0p07/v2_exclude_protected_pcs/03_body_size_outcomes_F1
[plotMEtraitCor] Plotting ME trait correlation heatmap
[plotMEtraitCor] Drawing module color bar with labels
[plotMEtraitCor] Saving plot as /quobyte/lasallegrp/projects/CHDS/WGBS/2025_intergen_BrCa_comethyl_George/comethyl_output/09b_me_trait_presentation/cov3_75pct/covMin10_methSD0p07/v2_exclude_protected_pcs/04_organochlorine_exposures_ddt_dde/ME_Trait_Heatmap_FULL.pdf
[plotMEtraitCor] Plotting ME trait correlation heatmap
[plotMEtraitCor] Drawing module color bar with labels
[plotMEtraitCor] Saving plot as /quobyte/lasallegrp/projects/CHDS/WGBS/2025_intergen_BrCa_comethyl_George/comethyl_output/09b_me_trait_presentation/cov3_75pct/covMin10_methSD0p07/v2_exclude_protected_pcs/04_organochlorine_exposures_ddt_dde/ME_Trait_Heatmap_TOP.pdf
Done set '04_organochlorine_exposures_ddt_dde' for variant 'v2_exclude_protected_pcs'
  Traits found: 24 / 24
  Output: /quobyte/lasallegrp/projects/CHDS/WGBS/2025_intergen_BrCa_comethyl_George/comethyl_output/09b_me_trait_presentation/cov3_75pct/covMin10_methSD0p07/v2_exclude_protected_pcs/04_organochlorine_exposures_ddt_dde
[plotMEtraitCor] Plotting ME trait correlation heatmap
[plotMEtraitCor] Drawing module color bar with labels
[plotMEtraitCor] Saving plot as /quobyte/lasallegrp/projects/CHDS/WGBS/2025_intergen_BrCa_comethyl_George/comethyl_output/09b_me_trait_presentation/cov3_75pct/covMin10_methSD0p07/v2_exclude_protected_pcs/05_neighborhood_context_ice_variables/ME_Trait_Heatmap_FULL.pdf
[plotMEtraitCor] Plotting ME trait correlation heatmap
[plotMEtraitCor] Drawing module color bar with labels
[plotMEtraitCor] Saving plot as /quobyte/lasallegrp/projects/CHDS/WGBS/2025_intergen_BrCa_comethyl_George/comethyl_output/09b_me_trait_presentation/cov3_75pct/covMin10_methSD0p07/v2_exclude_protected_pcs/05_neighborhood_context_ice_variables/ME_Trait_Heatmap_TOP.pdf
Done set '05_neighborhood_context_ice_variables' for variant 'v2_exclude_protected_pcs'
  Traits found: 23 / 23
  Output: /quobyte/lasallegrp/projects/CHDS/WGBS/2025_intergen_BrCa_comethyl_George/comethyl_output/09b_me_trait_presentation/cov3_75pct/covMin10_methSD0p07/v2_exclude_protected_pcs/05_neighborhood_context_ice_variables
[plotMEtraitCor] Plotting ME trait correlation heatmap
[plotMEtraitCor] Drawing module color bar with labels
[plotMEtraitCor] Saving plot as /quobyte/lasallegrp/projects/CHDS/WGBS/2025_intergen_BrCa_comethyl_George/comethyl_output/09b_me_trait_presentation/cov3_75pct/covMin10_methSD0p07/v2_exclude_protected_pcs/06_puberty_and_menarche_variables/ME_Trait_Heatmap_FULL.pdf
[plotMEtraitCor] Plotting ME trait correlation heatmap
[plotMEtraitCor] Drawing module color bar with labels
[plotMEtraitCor] Saving plot as /quobyte/lasallegrp/projects/CHDS/WGBS/2025_intergen_BrCa_comethyl_George/comethyl_output/09b_me_trait_presentation/cov3_75pct/covMin10_methSD0p07/v2_exclude_protected_pcs/06_puberty_and_menarche_variables/ME_Trait_Heatmap_TOP.pdf
Done set '06_puberty_and_menarche_variables' for variant 'v2_exclude_protected_pcs'
  Traits found: 5 / 5
  Output: /quobyte/lasallegrp/projects/CHDS/WGBS/2025_intergen_BrCa_comethyl_George/comethyl_output/09b_me_trait_presentation/cov3_75pct/covMin10_methSD0p07/v2_exclude_protected_pcs/06_puberty_and_menarche_variables
[plotMEtraitCor] Plotting ME trait correlation heatmap
[plotMEtraitCor] Drawing module color bar with labels
[plotMEtraitCor] Saving plot as /quobyte/lasallegrp/projects/CHDS/WGBS/2025_intergen_BrCa_comethyl_George/comethyl_output/09b_me_trait_presentation/cov3_75pct/covMin10_methSD0p07/v2_exclude_protected_pcs/07_breast_cancer_outcomes/ME_Trait_Heatmap_FULL.pdf
[plotMEtraitCor] Plotting ME trait correlation heatmap
[plotMEtraitCor] Drawing module color bar with labels
[plotMEtraitCor] Saving plot as /quobyte/lasallegrp/projects/CHDS/WGBS/2025_intergen_BrCa_comethyl_George/comethyl_output/09b_me_trait_presentation/cov3_75pct/covMin10_methSD0p07/v2_exclude_protected_pcs/07_breast_cancer_outcomes/ME_Trait_Heatmap_TOP.pdf
Done set '07_breast_cancer_outcomes' for variant 'v2_exclude_protected_pcs'
  Traits found: 2 / 2
  Output: /quobyte/lasallegrp/projects/CHDS/WGBS/2025_intergen_BrCa_comethyl_George/comethyl_output/09b_me_trait_presentation/cov3_75pct/covMin10_methSD0p07/v2_exclude_protected_pcs/07_breast_cancer_outcomes
Finished variant: v2_exclude_protected_pcs
Script 09a complete: Presentation ME-trait finished
Outputs saved under: /quobyte/lasallegrp/projects/CHDS/WGBS/2025_intergen_BrCa_comethyl_George/comethyl_output/09b_me_trait_presentation
Starting Script 10
Output directory: /quobyte/lasallegrp/projects/CHDS/WGBS/2025_intergen_BrCa_comethyl_George/comethyl_output/10_circos_and_module_summaries/cov3_75pct/covMin10_methSD0p07

==============================
Running circos/module summaries for variant: v1_all_pcs
==============================

✓ Finished variant: v1_all_pcs
  Outputs in: /quobyte/lasallegrp/projects/CHDS/WGBS/2025_intergen_BrCa_comethyl_George/comethyl_output/10_circos_and_module_summaries/cov3_75pct/covMin10_methSD0p07/v1_all_pcs

==============================
Running circos/module summaries for variant: v2_exclude_protected_pcs
==============================

✓ Finished variant: v2_exclude_protected_pcs
  Outputs in: /quobyte/lasallegrp/projects/CHDS/WGBS/2025_intergen_BrCa_comethyl_George/comethyl_output/10_circos_and_module_summaries/cov3_75pct/covMin10_methSD0p07/v2_exclude_protected_pcs
Warning messages:
1: Use of .data in tidyselect expressions was deprecated in tidyselect 1.2.0.
ℹ Please use `"chr"` instead of `.data$chr` 
2: Use of .data in tidyselect expressions was deprecated in tidyselect 1.2.0.
ℹ Please use `"start"` instead of `.data$start` 
3: Use of .data in tidyselect expressions was deprecated in tidyselect 1.2.0.
ℹ Please use `"end"` instead of `.data$end` 
4: Use of .data in tidyselect expressions was deprecated in tidyselect 1.2.0.
ℹ Please use `"module"` instead of `.data$module` 
Script 10 complete: Circos plots finished
Outputs saved under:
  /quobyte/lasallegrp/projects/CHDS/WGBS/2025_intergen_BrCa_comethyl_George/comethyl_output/10_circos_and_module_summaries/cov3_75pct/covMin10_methSD0p07
Starting Script 11
Output directory: /quobyte/lasallegrp/projects/CHDS/WGBS/2025_intergen_BrCa_comethyl_George/comethyl_output/11_me_trait_pair_plots/cov3_75pct/covMin10_methSD0p07/v1_all_pcs
[readSampleInfo] Reading sample info: /quobyte/lasallegrp/projects/CHDS/WGBS/2025_intergen_BrCa_comethyl_George/data/metadata/Intergen173.xlsx
[readSampleInfo] No sample_id_col provided; using existing rownames.
[readSampleInfo] First 6 rownames used as sample IDs:
Samples in common: 173
Modules available: 7
Traits available: 46
[01_ids_and_batch_variables] Pairs to plot: 1
✓ Done set: 01_ids_and_batch_variables
  Output: /quobyte/lasallegrp/projects/CHDS/WGBS/2025_intergen_BrCa_comethyl_George/comethyl_output/11_me_trait_pair_plots/cov3_75pct/covMin10_methSD0p07/v1_all_pcs/01_ids_and_batch_variables
[03_body_size_outcomes_F1] Pairs to plot: 3
✓ Done set: 03_body_size_outcomes_F1
  Output: /quobyte/lasallegrp/projects/CHDS/WGBS/2025_intergen_BrCa_comethyl_George/comethyl_output/11_me_trait_pair_plots/cov3_75pct/covMin10_methSD0p07/v1_all_pcs/03_body_size_outcomes_F1
[04_organochlorine_exposures_ddt_dde] Pairs to plot: 7
✓ Done set: 04_organochlorine_exposures_ddt_dde
  Output: /quobyte/lasallegrp/projects/CHDS/WGBS/2025_intergen_BrCa_comethyl_George/comethyl_output/11_me_trait_pair_plots/cov3_75pct/covMin10_methSD0p07/v1_all_pcs/04_organochlorine_exposures_ddt_dde
[05_neighborhood_context_ice_variables] Pairs to plot: 13
✓ Done set: 05_neighborhood_context_ice_variables
  Output: /quobyte/lasallegrp/projects/CHDS/WGBS/2025_intergen_BrCa_comethyl_George/comethyl_output/11_me_trait_pair_plots/cov3_75pct/covMin10_methSD0p07/v1_all_pcs/05_neighborhood_context_ice_variables
[06_puberty_and_menarche_variables] Pairs to plot: 2
✓ Done set: 06_puberty_and_menarche_variables
  Output: /quobyte/lasallegrp/projects/CHDS/WGBS/2025_intergen_BrCa_comethyl_George/comethyl_output/11_me_trait_pair_plots/cov3_75pct/covMin10_methSD0p07/v1_all_pcs/06_puberty_and_menarche_variables
Skipping set 07_breast_cancer_outcomes: no module-trait pairs left after filtering.
Script 10 complete: ME-trait pair plots finished
Outputs saved under:
  /quobyte/lasallegrp/projects/CHDS/WGBS/2025_intergen_BrCa_comethyl_George/comethyl_output/11_me_trait_pair_plots/cov3_75pct/covMin10_methSD0p07/v1_all_pcs
Starting Script 11
Output directory: /quobyte/lasallegrp/projects/CHDS/WGBS/2025_intergen_BrCa_comethyl_George/comethyl_output/11_me_trait_pair_plots/cov3_75pct/covMin10_methSD0p07/v2_exclude_protected_pcs
[readSampleInfo] Reading sample info: /quobyte/lasallegrp/projects/CHDS/WGBS/2025_intergen_BrCa_comethyl_George/data/metadata/Intergen173.xlsx
[readSampleInfo] No sample_id_col provided; using existing rownames.
[readSampleInfo] First 6 rownames used as sample IDs:
Samples in common: 173
Modules available: 68
Traits available: 46
[01_ids_and_batch_variables] Pairs to plot: 12
✓ Done set: 01_ids_and_batch_variables
  Output: /quobyte/lasallegrp/projects/CHDS/WGBS/2025_intergen_BrCa_comethyl_George/comethyl_output/11_me_trait_pair_plots/cov3_75pct/covMin10_methSD0p07/v2_exclude_protected_pcs/01_ids_and_batch_variables
[03_body_size_outcomes_F1] Pairs to plot: 33
✓ Done set: 03_body_size_outcomes_F1
  Output: /quobyte/lasallegrp/projects/CHDS/WGBS/2025_intergen_BrCa_comethyl_George/comethyl_output/11_me_trait_pair_plots/cov3_75pct/covMin10_methSD0p07/v2_exclude_protected_pcs/03_body_size_outcomes_F1
[04_organochlorine_exposures_ddt_dde] Pairs to plot: 50
✓ Done set: 04_organochlorine_exposures_ddt_dde
  Output: /quobyte/lasallegrp/projects/CHDS/WGBS/2025_intergen_BrCa_comethyl_George/comethyl_output/11_me_trait_pair_plots/cov3_75pct/covMin10_methSD0p07/v2_exclude_protected_pcs/04_organochlorine_exposures_ddt_dde
[05_neighborhood_context_ice_variables] Pairs to plot: 50
✓ Done set: 05_neighborhood_context_ice_variables
  Output: /quobyte/lasallegrp/projects/CHDS/WGBS/2025_intergen_BrCa_comethyl_George/comethyl_output/11_me_trait_pair_plots/cov3_75pct/covMin10_methSD0p07/v2_exclude_protected_pcs/05_neighborhood_context_ice_variables
[06_puberty_and_menarche_variables] Pairs to plot: 27
✓ Done set: 06_puberty_and_menarche_variables
  Output: /quobyte/lasallegrp/projects/CHDS/WGBS/2025_intergen_BrCa_comethyl_George/comethyl_output/11_me_trait_pair_plots/cov3_75pct/covMin10_methSD0p07/v2_exclude_protected_pcs/06_puberty_and_menarche_variables
[07_breast_cancer_outcomes] Pairs to plot: 5
✓ Done set: 07_breast_cancer_outcomes
  Output: /quobyte/lasallegrp/projects/CHDS/WGBS/2025_intergen_BrCa_comethyl_George/comethyl_output/11_me_trait_pair_plots/cov3_75pct/covMin10_methSD0p07/v2_exclude_protected_pcs/07_breast_cancer_outcomes
There were 50 or more warnings (use warnings() to see the first 50)
Script 10 complete: ME-trait pair plots finished
Outputs saved under:
  /quobyte/lasallegrp/projects/CHDS/WGBS/2025_intergen_BrCa_comethyl_George/comethyl_output/11_me_trait_pair_plots/cov3_75pct/covMin10_methSD0p07/v2_exclude_protected_pcs
Starting Script 12a
[annotate] Trying comethyl::annotateModule()
[annotateModule] Excluding regions in grey (unassigned) module
[annotateModule] Using the hg38 genome assembly for annotations
[annotateModule] Adding genes to regions using GREAT v4.0.4 with the basalPlusExt rule
[annotate] GREAT-based annotation failed: error in evaluating the argument 'y' in selecting a method for function 'merge': error in evaluating the argument 'x' in selecting a method for function 'as.data.frame': unused argument (type = 1)
[annotate] Falling back to offline nearest-gene annotation.
[offline] Using TxDb.Hsapiens.UCSC.hg38.knownGene
  2135 genes were dropped because they have exons located on both strands
  of the same reference sequence or on more than one reference sequence,
  so cannot be represented by a single genomic range.
  Use 'single.strand.genes.only=FALSE' to get all the genes in a
  GRangesList object, or use suppressMessages() to suppress this message.
'select()' returned 1:1 mapping between keys and columns
[annotate] Trying comethyl::annotateModule()
[annotateModule] Excluding regions in grey (unassigned) module
[annotateModule] Using the hg38 genome assembly for annotations
[annotateModule] Adding genes to regions using GREAT v4.0.4 with the basalPlusExt rule
[annotate] GREAT-based annotation failed: GREAT encountered a user error (message from GREAT web server):
Line 131890: The second field (chromStart) must be a non-negative
integer (not 1.3e+07). Input data: 'chr16 1.3e+07 13000205
/chr16:1.3e+07-13000205'
[annotate] Falling back to offline nearest-gene annotation.
[offline] Using TxDb.Hsapiens.UCSC.hg38.knownGene
  2135 genes were dropped because they have exons located on both strands
  of the same reference sequence or on more than one reference sequence,
  so cannot be represented by a single genomic range.
  Use 'single.strand.genes.only=FALSE' to get all the genes in a
  GRangesList object, or use suppressMessages() to suppress this message.
'select()' returned 1:1 mapping between keys and columns
Script 12a complete: Annotate Modules finished
Starting Script 12b
Warning message:
In value[[3L]](cond) :
  Could not validate Enrichr DBs; using requested list as-is. Reason: Could not resolve hostname [maayanlab.cloud]:
Could not resolve host: maayanlab.cloud

--- Enriching module: brown (6 genes) ---
[brown] KEGG...
[KEGG] Done: 5 pathways saved
[brown] GO...
[GO BP] Done: 8 terms saved
[GO MF] Done: 9 terms saved
[brown] Reactome...
[Reactome] ReactomePA not installed; skipping. Install with: BiocManager::install('ReactomePA')
[brown] Enrichr...
[foreground] input n=6 -> cleaned unique n=6
[foreground] invalid-format count=0
[Enrichr] Attempt 1 of 5 for: brown
[Enrichr] Failed attempt 1: invalid argument type — retrying in 2s
[Enrichr] Attempt 2 of 5 for: brown
[Enrichr] Failed attempt 2: invalid argument type — retrying in 2s
[Enrichr] Attempt 3 of 5 for: brown
[Enrichr] Failed attempt 3: invalid argument type — retrying in 2s
[Enrichr] Attempt 4 of 5 for: brown
[Enrichr] Failed attempt 4: invalid argument type — retrying in 2s
[Enrichr] Attempt 5 of 5 for: brown

--- Enriching module: green (2 genes) ---
[green] KEGG...
[green] GO...
[GO BP] Done: 49 terms saved
[GO MF] Done: 9 terms saved
[GO CC] Done: 5 terms saved
[green] Reactome...
[Reactome] ReactomePA not installed; skipping. Install with: BiocManager::install('ReactomePA')
[green] Enrichr...
[foreground] input n=2 -> cleaned unique n=2
[foreground] invalid-format count=0
[Enrichr] Attempt 1 of 5 for: green
[Enrichr] Failed attempt 1: invalid argument type — retrying in 2s
[Enrichr] Attempt 2 of 5 for: green
[Enrichr] Failed attempt 2: invalid argument type — retrying in 2s
[Enrichr] Attempt 3 of 5 for: green
[Enrichr] Failed attempt 3: invalid argument type — retrying in 2s
[Enrichr] Attempt 4 of 5 for: green
[Enrichr] Failed attempt 4: invalid argument type — retrying in 2s
[Enrichr] Attempt 5 of 5 for: green

--- Enriching module: turquoise (9 genes) ---
[turquoise] KEGG...
[turquoise] GO...
[turquoise] Reactome...
[Reactome] ReactomePA not installed; skipping. Install with: BiocManager::install('ReactomePA')
[turquoise] Enrichr...
[foreground] input n=9 -> cleaned unique n=9
[foreground] invalid-format count=0
[Enrichr] Attempt 1 of 5 for: turquoise
[Enrichr] Failed attempt 1: invalid argument type — retrying in 2s
[Enrichr] Attempt 2 of 5 for: turquoise
[Enrichr] Failed attempt 2: invalid argument type — retrying in 2s
[Enrichr] Attempt 3 of 5 for: turquoise
[Enrichr] Failed attempt 3: invalid argument type — retrying in 2s
[Enrichr] Attempt 4 of 5 for: turquoise
[Enrichr] Failed attempt 4: invalid argument type — retrying in 2s
[Enrichr] Attempt 5 of 5 for: turquoise

--- Enriching module: blue (2 genes) ---
[blue] KEGG...
[KEGG] Done: 1 pathways saved
[blue] GO...
[GO BP] Done: 54 terms saved
[GO MF] Done: 24 terms saved
[GO CC] Done: 12 terms saved
[blue] Reactome...
[Reactome] ReactomePA not installed; skipping. Install with: BiocManager::install('ReactomePA')
[blue] Enrichr...
[foreground] input n=2 -> cleaned unique n=2
[foreground] invalid-format count=0
[Enrichr] Attempt 1 of 5 for: blue
[Enrichr] Failed attempt 1: invalid argument type — retrying in 2s
[Enrichr] Attempt 2 of 5 for: blue
[Enrichr] Failed attempt 2: invalid argument type — retrying in 2s
[Enrichr] Attempt 3 of 5 for: blue
[Enrichr] Failed attempt 3: invalid argument type — retrying in 2s
[Enrichr] Attempt 4 of 5 for: blue
[Enrichr] Failed attempt 4: invalid argument type — retrying in 2s
[Enrichr] Attempt 5 of 5 for: blue

--- Enriching module: red (2 genes) ---
[red] KEGG...
[KEGG] Done: 3 pathways saved
[red] GO...
[GO BP] Done: 13 terms saved
[GO MF] Done: 3 terms saved
[GO CC] Done: 7 terms saved
[red] Reactome...
[Reactome] ReactomePA not installed; skipping. Install with: BiocManager::install('ReactomePA')
[red] Enrichr...
[foreground] input n=2 -> cleaned unique n=2
[foreground] invalid-format count=0
[Enrichr] Attempt 1 of 5 for: red
[Enrichr] Failed attempt 1: invalid argument type — retrying in 2s
[Enrichr] Attempt 2 of 5 for: red
[Enrichr] Failed attempt 2: invalid argument type — retrying in 2s
[Enrichr] Attempt 3 of 5 for: red
[Enrichr] Failed attempt 3: invalid argument type — retrying in 2s
[Enrichr] Attempt 4 of 5 for: red
[Enrichr] Failed attempt 4: invalid argument type — retrying in 2s
[Enrichr] Attempt 5 of 5 for: red

--- Summary plots (pvalue) ---
[plot] Saved: Summary_KEGG_top10_pvalue0.05.pdf
[plot] Saved: Summary_GO_BP_top10_pvalue0.05.pdf
[plot] Saved: Summary_GO_MF_top10_pvalue0.05.pdf
[plot] Saved: Summary_GO_CC_top10_pvalue0.05.pdf
[plot] No data to plot for: Top Reactome Pathways per Module
[plot_enrichr] No data for DB: GO_Biological_Process_2025
[plot_enrichr] No data for DB: GO_Molecular_Function_2025
[plot_enrichr] No data for DB: GO_Cellular_Component_2025
[plot_enrichr] No data for DB: KEGG_2021_Human
There were 41 warnings (use warnings() to see them)

--- Enriching module: lightgreen (40 genes) ---
[lightgreen] KEGG...
[KEGG] Done: 9 pathways saved
[lightgreen] GO...
[GO BP] Done: 84 terms saved
[GO MF] Done: 42 terms saved
[GO CC] Done: 19 terms saved
[lightgreen] Reactome...
[Reactome] ReactomePA not installed; skipping. Install with: BiocManager::install('ReactomePA')
[lightgreen] Enrichr...
[foreground] input n=40 -> cleaned unique n=40
[foreground] invalid-format count=0
[Enrichr] Attempt 1 of 5 for: lightgreen
[Enrichr] Failed attempt 1: invalid argument type — retrying in 2s
[Enrichr] Attempt 2 of 5 for: lightgreen
[Enrichr] Failed attempt 2: invalid argument type — retrying in 2s
[Enrichr] Attempt 3 of 5 for: lightgreen
[Enrichr] Failed attempt 3: invalid argument type — retrying in 2s
[Enrichr] Attempt 4 of 5 for: lightgreen
[Enrichr] Failed attempt 4: invalid argument type — retrying in 2s
[Enrichr] Attempt 5 of 5 for: lightgreen

--- Enriching module: lightpink4 (18 genes) ---
[lightpink4] KEGG...
[KEGG] Done: 109 pathways saved
[lightpink4] GO...
[GO BP] Done: 149 terms saved
[GO MF] Done: 11 terms saved
[GO CC] Done: 5 terms saved
[lightpink4] Reactome...
[Reactome] ReactomePA not installed; skipping. Install with: BiocManager::install('ReactomePA')
[lightpink4] Enrichr...
[foreground] input n=18 -> cleaned unique n=18
[foreground] invalid-format count=0
[Enrichr] Attempt 1 of 5 for: lightpink4
[Enrichr] Failed attempt 1: invalid argument type — retrying in 2s
[Enrichr] Attempt 2 of 5 for: lightpink4
[Enrichr] Failed attempt 2: invalid argument type — retrying in 2s
[Enrichr] Attempt 3 of 5 for: lightpink4
[Enrichr] Failed attempt 3: invalid argument type — retrying in 2s
[Enrichr] Attempt 4 of 5 for: lightpink4
[Enrichr] Failed attempt 4: invalid argument type — retrying in 2s
[Enrichr] Attempt 5 of 5 for: lightpink4

--- Enriching module: darkmagenta (24 genes) ---
[darkmagenta] KEGG...
[KEGG] Done: 13 pathways saved
[darkmagenta] GO...
[GO BP] Done: 295 terms saved
[GO MF] Done: 47 terms saved
[GO CC] Done: 38 terms saved
[darkmagenta] Reactome...
[Reactome] ReactomePA not installed; skipping. Install with: BiocManager::install('ReactomePA')
[darkmagenta] Enrichr...
[foreground] input n=24 -> cleaned unique n=24
[foreground] invalid-format count=0
[Enrichr] Attempt 1 of 5 for: darkmagenta
[Enrichr] Failed attempt 1: invalid argument type — retrying in 2s
[Enrichr] Attempt 2 of 5 for: darkmagenta
[Enrichr] Failed attempt 2: invalid argument type — retrying in 2s
[Enrichr] Attempt 3 of 5 for: darkmagenta
[Enrichr] Failed attempt 3: invalid argument type — retrying in 2s
[Enrichr] Attempt 4 of 5 for: darkmagenta
[Enrichr] Failed attempt 4: invalid argument type — retrying in 2s
[Enrichr] Attempt 5 of 5 for: darkmagenta

--- Enriching module: lightcyan (42 genes) ---
[lightcyan] KEGG...
[KEGG] Done: 15 pathways saved
[lightcyan] GO...
[GO BP] Done: 416 terms saved
[GO MF] Done: 72 terms saved
[GO CC] Done: 70 terms saved
[lightcyan] Reactome...
[Reactome] ReactomePA not installed; skipping. Install with: BiocManager::install('ReactomePA')
[lightcyan] Enrichr...
[foreground] input n=42 -> cleaned unique n=42
[foreground] invalid-format count=0
[Enrichr] Attempt 1 of 5 for: lightcyan
[Enrichr] Failed attempt 1: invalid argument type — retrying in 2s
[Enrichr] Attempt 2 of 5 for: lightcyan
[Enrichr] Failed attempt 2: invalid argument type — retrying in 2s
[Enrichr] Attempt 3 of 5 for: lightcyan
[Enrichr] Failed attempt 3: invalid argument type — retrying in 2s
[Enrichr] Attempt 4 of 5 for: lightcyan
[Enrichr] Failed attempt 4: invalid argument type — retrying in 2s
[Enrichr] Attempt 5 of 5 for: lightcyan

--- Enriching module: blue (9295 genes) ---
[blue] KEGG...
[KEGG] Done: 351 pathways saved
[blue] GO...
[GO BP] Done: 6369 terms saved
[GO MF] Done: 1250 terms saved
[GO CC] Done: 758 terms saved
[blue] Reactome...
[Reactome] ReactomePA not installed; skipping. Install with: BiocManager::install('ReactomePA')
[blue] Enrichr...
[foreground] input n=9295 -> cleaned unique n=9295
[foreground] invalid-format count=0
[Enrichr] Attempt 1 of 5 for: blue
[Enrichr] Failed attempt 1: invalid argument type — retrying in 2s
[Enrichr] Attempt 2 of 5 for: blue
[Enrichr] Failed attempt 2: invalid argument type — retrying in 2s
[Enrichr] Attempt 3 of 5 for: blue
[Enrichr] Failed attempt 3: invalid argument type — retrying in 2s
[Enrichr] Attempt 4 of 5 for: blue
[Enrichr] Failed attempt 4: invalid argument type — retrying in 2s
[Enrichr] Attempt 5 of 5 for: blue

--- Enriching module: purple (331 genes) ---
[purple] KEGG...
[KEGG] Done: 206 pathways saved
[purple] GO...
[GO BP] Done: 2542 terms saved
[GO MF] Done: 432 terms saved
[GO CC] Done: 265 terms saved
[purple] Reactome...
[Reactome] ReactomePA not installed; skipping. Install with: BiocManager::install('ReactomePA')
[purple] Enrichr...
[foreground] input n=331 -> cleaned unique n=331
[foreground] invalid-format count=0
[Enrichr] Attempt 1 of 5 for: purple
[Enrichr] Failed attempt 1: invalid argument type — retrying in 2s
[Enrichr] Attempt 2 of 5 for: purple
[Enrichr] Failed attempt 2: invalid argument type — retrying in 2s
[Enrichr] Attempt 3 of 5 for: purple
[Enrichr] Failed attempt 3: invalid argument type — retrying in 2s
[Enrichr] Attempt 4 of 5 for: purple
[Enrichr] Failed attempt 4: invalid argument type — retrying in 2s
[Enrichr] Attempt 5 of 5 for: purple

--- Enriching module: sienna3 (21 genes) ---
[sienna3] KEGG...
[KEGG] Done: 21 pathways saved
[sienna3] GO...
[GO BP] Done: 227 terms saved
[GO MF] Done: 37 terms saved
[GO CC] Done: 40 terms saved
[sienna3] Reactome...
[Reactome] ReactomePA not installed; skipping. Install with: BiocManager::install('ReactomePA')
[sienna3] Enrichr...
[foreground] input n=21 -> cleaned unique n=21
[foreground] invalid-format count=0
[Enrichr] Attempt 1 of 5 for: sienna3
[Enrichr] Failed attempt 1: invalid argument type — retrying in 2s
[Enrichr] Attempt 2 of 5 for: sienna3
[Enrichr] Failed attempt 2: invalid argument type — retrying in 2s
[Enrichr] Attempt 3 of 5 for: sienna3
[Enrichr] Failed attempt 3: invalid argument type — retrying in 2s
[Enrichr] Attempt 4 of 5 for: sienna3
[Enrichr] Failed attempt 4: invalid argument type — retrying in 2s
[Enrichr] Attempt 5 of 5 for: sienna3

--- Enriching module: darkgrey (21 genes) ---
[darkgrey] KEGG...
[KEGG] Done: 16 pathways saved
[darkgrey] GO...
[GO BP] Done: 268 terms saved
[GO MF] Done: 56 terms saved
[GO CC] Done: 24 terms saved
[darkgrey] Reactome...
[Reactome] ReactomePA not installed; skipping. Install with: BiocManager::install('ReactomePA')
[darkgrey] Enrichr...
[foreground] input n=21 -> cleaned unique n=21
[foreground] invalid-format count=0
[Enrichr] Attempt 1 of 5 for: darkgrey
[Enrichr] Failed attempt 1: invalid argument type — retrying in 2s
[Enrichr] Attempt 2 of 5 for: darkgrey
[Enrichr] Failed attempt 2: invalid argument type — retrying in 2s
[Enrichr] Attempt 3 of 5 for: darkgrey
[Enrichr] Failed attempt 3: invalid argument type — retrying in 2s
[Enrichr] Attempt 4 of 5 for: darkgrey
[Enrichr] Failed attempt 4: invalid argument type — retrying in 2s
[Enrichr] Attempt 5 of 5 for: darkgrey

--- Enriching module: royalblue (42 genes) ---
[royalblue] KEGG...
[KEGG] Done: 39 pathways saved
[royalblue] GO...
[GO BP] Done: 611 terms saved
[GO MF] Done: 70 terms saved
[GO CC] Done: 34 terms saved
[royalblue] Reactome...
[Reactome] ReactomePA not installed; skipping. Install with: BiocManager::install('ReactomePA')
[royalblue] Enrichr...
[foreground] input n=42 -> cleaned unique n=42
[foreground] invalid-format count=0
[Enrichr] Attempt 1 of 5 for: royalblue
[Enrichr] Failed attempt 1: invalid argument type — retrying in 2s
[Enrichr] Attempt 2 of 5 for: royalblue
[Enrichr] Failed attempt 2: invalid argument type — retrying in 2s
[Enrichr] Attempt 3 of 5 for: royalblue
[Enrichr] Failed attempt 3: invalid argument type — retrying in 2s
[Enrichr] Attempt 4 of 5 for: royalblue
[Enrichr] Failed attempt 4: invalid argument type — retrying in 2s
[Enrichr] Attempt 5 of 5 for: royalblue

--- Enriching module: skyblue3 (28 genes) ---
[skyblue3] KEGG...
[KEGG] Done: 29 pathways saved
[skyblue3] GO...
[GO BP] Done: 772 terms saved
[GO MF] Done: 59 terms saved
[GO CC] Done: 75 terms saved
[skyblue3] Reactome...
[Reactome] ReactomePA not installed; skipping. Install with: BiocManager::install('ReactomePA')
[skyblue3] Enrichr...
[foreground] input n=28 -> cleaned unique n=28
[foreground] invalid-format count=0
[Enrichr] Attempt 1 of 5 for: skyblue3
[Enrichr] Failed attempt 1: invalid argument type — retrying in 2s
[Enrichr] Attempt 2 of 5 for: skyblue3
[Enrichr] Failed attempt 2: invalid argument type — retrying in 2s
[Enrichr] Attempt 3 of 5 for: skyblue3
[Enrichr] Failed attempt 3: invalid argument type — retrying in 2s
[Enrichr] Attempt 4 of 5 for: skyblue3
[Enrichr] Failed attempt 4: invalid argument type — retrying in 2s
[Enrichr] Attempt 5 of 5 for: skyblue3

--- Enriching module: cyan (45 genes) ---
[cyan] KEGG...
[KEGG] Done: 49 pathways saved
[cyan] GO...
[GO BP] Done: 478 terms saved
[GO MF] Done: 93 terms saved
[GO CC] Done: 66 terms saved
[cyan] Reactome...
[Reactome] ReactomePA not installed; skipping. Install with: BiocManager::install('ReactomePA')
[cyan] Enrichr...
[foreground] input n=45 -> cleaned unique n=45
[foreground] invalid-format count=0
[Enrichr] Attempt 1 of 5 for: cyan
[Enrichr] Failed attempt 1: invalid argument type — retrying in 2s
[Enrichr] Attempt 2 of 5 for: cyan
[Enrichr] Failed attempt 2: invalid argument type — retrying in 2s
[Enrichr] Attempt 3 of 5 for: cyan
[Enrichr] Failed attempt 3: invalid argument type — retrying in 2s
[Enrichr] Attempt 4 of 5 for: cyan
[Enrichr] Failed attempt 4: invalid argument type — retrying in 2s
[Enrichr] Attempt 5 of 5 for: cyan

--- Enriching module: paleturquoise (27 genes) ---
[paleturquoise] KEGG...
[KEGG] Done: 37 pathways saved
[paleturquoise] GO...
[GO BP] Done: 510 terms saved
[GO MF] Done: 54 terms saved
[GO CC] Done: 51 terms saved
[paleturquoise] Reactome...
[Reactome] ReactomePA not installed; skipping. Install with: BiocManager::install('ReactomePA')
[paleturquoise] Enrichr...
[foreground] input n=27 -> cleaned unique n=27
[foreground] invalid-format count=0
[Enrichr] Attempt 1 of 5 for: paleturquoise
[Enrichr] Failed attempt 1: invalid argument type — retrying in 2s
[Enrichr] Attempt 2 of 5 for: paleturquoise
[Enrichr] Failed attempt 2: invalid argument type — retrying in 2s
[Enrichr] Attempt 3 of 5 for: paleturquoise
[Enrichr] Failed attempt 3: invalid argument type — retrying in 2s
[Enrichr] Attempt 4 of 5 for: paleturquoise
[Enrichr] Failed attempt 4: invalid argument type — retrying in 2s
[Enrichr] Attempt 5 of 5 for: paleturquoise

--- Enriching module: ivory (23 genes) ---
[ivory] KEGG...
[KEGG] Done: 14 pathways saved
[ivory] GO...
[GO BP] Done: 318 terms saved
[GO MF] Done: 49 terms saved
[GO CC] Done: 47 terms saved
[ivory] Reactome...
[Reactome] ReactomePA not installed; skipping. Install with: BiocManager::install('ReactomePA')
[ivory] Enrichr...
[foreground] input n=23 -> cleaned unique n=23
[foreground] invalid-format count=0
[Enrichr] Attempt 1 of 5 for: ivory
[Enrichr] Failed attempt 1: invalid argument type — retrying in 2s
[Enrichr] Attempt 2 of 5 for: ivory
[Enrichr] Failed attempt 2: invalid argument type — retrying in 2s
[Enrichr] Attempt 3 of 5 for: ivory
[Enrichr] Failed attempt 3: invalid argument type — retrying in 2s
[Enrichr] Attempt 4 of 5 for: ivory
[Enrichr] Failed attempt 4: invalid argument type — retrying in 2s
[Enrichr] Attempt 5 of 5 for: ivory

--- Enriching module: saddlebrown (26 genes) ---
[saddlebrown] KEGG...
[KEGG] Done: 24 pathways saved
[saddlebrown] GO...
[GO BP] Done: 387 terms saved
[GO MF] Done: 72 terms saved
[GO CC] Done: 60 terms saved
[saddlebrown] Reactome...
[Reactome] ReactomePA not installed; skipping. Install with: BiocManager::install('ReactomePA')
[saddlebrown] Enrichr...
[foreground] input n=26 -> cleaned unique n=26
[foreground] invalid-format count=0
[Enrichr] Attempt 1 of 5 for: saddlebrown
[Enrichr] Failed attempt 1: invalid argument type — retrying in 2s
[Enrichr] Attempt 2 of 5 for: saddlebrown
[Enrichr] Failed attempt 2: invalid argument type — retrying in 2s
[Enrichr] Attempt 3 of 5 for: saddlebrown
[Enrichr] Failed attempt 3: invalid argument type — retrying in 2s
[Enrichr] Attempt 4 of 5 for: saddlebrown
[Enrichr] Failed attempt 4: invalid argument type — retrying in 2s
[Enrichr] Attempt 5 of 5 for: saddlebrown

--- Enriching module: darkolivegreen (35 genes) ---
[darkolivegreen] KEGG...
[KEGG] Done: 63 pathways saved
[darkolivegreen] GO...
[GO BP] Done: 1110 terms saved
[GO MF] Done: 92 terms saved
[GO CC] Done: 58 terms saved
[darkolivegreen] Reactome...
[Reactome] ReactomePA not installed; skipping. Install with: BiocManager::install('ReactomePA')
[darkolivegreen] Enrichr...
[foreground] input n=35 -> cleaned unique n=35
[foreground] invalid-format count=0
[Enrichr] Attempt 1 of 5 for: darkolivegreen
[Enrichr] Failed attempt 1: invalid argument type — retrying in 2s
[Enrichr] Attempt 2 of 5 for: darkolivegreen
[Enrichr] Failed attempt 2: invalid argument type — retrying in 2s
[Enrichr] Attempt 3 of 5 for: darkolivegreen
[Enrichr] Failed attempt 3: invalid argument type — retrying in 2s
[Enrichr] Attempt 4 of 5 for: darkolivegreen
[Enrichr] Failed attempt 4: invalid argument type — retrying in 2s
[Enrichr] Attempt 5 of 5 for: darkolivegreen

--- Enriching module: yellow (6360 genes) ---
[yellow] KEGG...
[KEGG] Done: 350 pathways saved
[yellow] GO...
[GO BP] Done: 6256 terms saved
[GO MF] Done: 1220 terms saved
[GO CC] Done: 731 terms saved
[yellow] Reactome...
[Reactome] ReactomePA not installed; skipping. Install with: BiocManager::install('ReactomePA')
[yellow] Enrichr...
[foreground] input n=6360 -> cleaned unique n=6360
[foreground] invalid-format count=0
[Enrichr] Attempt 1 of 5 for: yellow
[Enrichr] Failed attempt 1: invalid argument type — retrying in 2s
[Enrichr] Attempt 2 of 5 for: yellow
[Enrichr] Failed attempt 2: invalid argument type — retrying in 2s
[Enrichr] Attempt 3 of 5 for: yellow
[Enrichr] Failed attempt 3: invalid argument type — retrying in 2s
[Enrichr] Attempt 4 of 5 for: yellow
[Enrichr] Failed attempt 4: invalid argument type — retrying in 2s
[Enrichr] Attempt 5 of 5 for: yellow

--- Enriching module: coral2 (15 genes) ---
[coral2] KEGG...
[KEGG] Done: 3 pathways saved
[coral2] GO...
[GO BP] Done: 55 terms saved
[GO MF] Done: 24 terms saved
[GO CC] Done: 4 terms saved
[coral2] Reactome...
[Reactome] ReactomePA not installed; skipping. Install with: BiocManager::install('ReactomePA')
[coral2] Enrichr...
[foreground] input n=15 -> cleaned unique n=15
[foreground] invalid-format count=0
[Enrichr] Attempt 1 of 5 for: coral2
[Enrichr] Failed attempt 1: invalid argument type — retrying in 2s
[Enrichr] Attempt 2 of 5 for: coral2
[Enrichr] Failed attempt 2: invalid argument type — retrying in 2s
[Enrichr] Attempt 3 of 5 for: coral2
[Enrichr] Failed attempt 3: invalid argument type — retrying in 2s
[Enrichr] Attempt 4 of 5 for: coral2
[Enrichr] Failed attempt 4: invalid argument type — retrying in 2s
[Enrichr] Attempt 5 of 5 for: coral2

--- Enriching module: bisque4 (10 genes) ---
[bisque4] KEGG...
[KEGG] Done: 14 pathways saved
[bisque4] GO...
[GO BP] Done: 251 terms saved
[GO MF] Done: 38 terms saved
[GO CC] Done: 64 terms saved
[bisque4] Reactome...
[Reactome] ReactomePA not installed; skipping. Install with: BiocManager::install('ReactomePA')
[bisque4] Enrichr...
[foreground] input n=10 -> cleaned unique n=10
[foreground] invalid-format count=0
[Enrichr] Attempt 1 of 5 for: bisque4
[Enrichr] Failed attempt 1: invalid argument type — retrying in 2s
[Enrichr] Attempt 2 of 5 for: bisque4
[Enrichr] Failed attempt 2: invalid argument type — retrying in 2s
[Enrichr] Attempt 3 of 5 for: bisque4
[Enrichr] Failed attempt 3: invalid argument type — retrying in 2s
[Enrichr] Attempt 4 of 5 for: bisque4
[Enrichr] Failed attempt 4: invalid argument type — retrying in 2s
[Enrichr] Attempt 5 of 5 for: bisque4

--- Enriching module: orangered4 (24 genes) ---
[orangered4] KEGG...
[KEGG] Done: 1 pathways saved
[orangered4] GO...
[GO BP] Done: 48 terms saved
[GO MF] Done: 15 terms saved
[GO CC] Done: 12 terms saved
[orangered4] Reactome...
[Reactome] ReactomePA not installed; skipping. Install with: BiocManager::install('ReactomePA')
[orangered4] Enrichr...
[foreground] input n=24 -> cleaned unique n=24
[foreground] invalid-format count=0
[Enrichr] Attempt 1 of 5 for: orangered4
[Enrichr] Failed attempt 1: invalid argument type — retrying in 2s
[Enrichr] Attempt 2 of 5 for: orangered4
[Enrichr] Failed attempt 2: invalid argument type — retrying in 2s
[Enrichr] Attempt 3 of 5 for: orangered4
[Enrichr] Failed attempt 3: invalid argument type — retrying in 2s
[Enrichr] Attempt 4 of 5 for: orangered4
[Enrichr] Failed attempt 4: invalid argument type — retrying in 2s
[Enrichr] Attempt 5 of 5 for: orangered4

--- Enriching module: thistle1 (24 genes) ---
[thistle1] KEGG...
[KEGG] Done: 18 pathways saved
[thistle1] GO...
[GO BP] Done: 338 terms saved
[GO MF] Done: 33 terms saved
[GO CC] Done: 50 terms saved
[thistle1] Reactome...
[Reactome] ReactomePA not installed; skipping. Install with: BiocManager::install('ReactomePA')
[thistle1] Enrichr...
[foreground] input n=24 -> cleaned unique n=24
[foreground] invalid-format count=0
[Enrichr] Attempt 1 of 5 for: thistle1
[Enrichr] Failed attempt 1: invalid argument type — retrying in 2s
[Enrichr] Attempt 2 of 5 for: thistle1
[Enrichr] Failed attempt 2: invalid argument type — retrying in 2s
[Enrichr] Attempt 3 of 5 for: thistle1
[Enrichr] Failed attempt 3: invalid argument type — retrying in 2s
[Enrichr] Attempt 4 of 5 for: thistle1
[Enrichr] Failed attempt 4: invalid argument type — retrying in 2s
[Enrichr] Attempt 5 of 5 for: thistle1

--- Enriching module: skyblue2 (11 genes) ---
[skyblue2] KEGG...
[KEGG] Done: 8 pathways saved
[skyblue2] GO...
[GO BP] Done: 67 terms saved
[GO MF] Done: 13 terms saved
[GO CC] Done: 27 terms saved
[skyblue2] Reactome...
[Reactome] ReactomePA not installed; skipping. Install with: BiocManager::install('ReactomePA')
[skyblue2] Enrichr...
[foreground] input n=11 -> cleaned unique n=11
[foreground] invalid-format count=0
[Enrichr] Attempt 1 of 5 for: skyblue2
[Enrichr] Failed attempt 1: invalid argument type — retrying in 2s
[Enrichr] Attempt 2 of 5 for: skyblue2
[Enrichr] Failed attempt 2: invalid argument type — retrying in 2s
[Enrichr] Attempt 3 of 5 for: skyblue2
[Enrichr] Failed attempt 3: invalid argument type — retrying in 2s
[Enrichr] Attempt 4 of 5 for: skyblue2
[Enrichr] Failed attempt 4: invalid argument type — retrying in 2s
[Enrichr] Attempt 5 of 5 for: skyblue2

--- Enriching module: yellowgreen (17 genes) ---
[yellowgreen] KEGG...
[KEGG] Done: 3 pathways saved
[yellowgreen] GO...
[GO BP] Done: 185 terms saved
[GO MF] Done: 20 terms saved
[GO CC] Done: 5 terms saved
[yellowgreen] Reactome...
[Reactome] ReactomePA not installed; skipping. Install with: BiocManager::install('ReactomePA')
[yellowgreen] Enrichr...
[foreground] input n=17 -> cleaned unique n=17
[foreground] invalid-format count=0
[Enrichr] Attempt 1 of 5 for: yellowgreen
[Enrichr] Failed attempt 1: invalid argument type — retrying in 2s
[Enrichr] Attempt 2 of 5 for: yellowgreen
[Enrichr] Failed attempt 2: invalid argument type — retrying in 2s
[Enrichr] Attempt 3 of 5 for: yellowgreen
[Enrichr] Failed attempt 3: invalid argument type — retrying in 2s
[Enrichr] Attempt 4 of 5 for: yellowgreen
[Enrichr] Failed attempt 4: invalid argument type — retrying in 2s
[Enrichr] Attempt 5 of 5 for: yellowgreen

--- Enriching module: skyblue (8 genes) ---
[skyblue] KEGG...
[KEGG] Done: 2 pathways saved
[skyblue] GO...
[GO BP] Done: 107 terms saved
[GO MF] Done: 31 terms saved
[GO CC] Done: 11 terms saved
[skyblue] Reactome...
[Reactome] ReactomePA not installed; skipping. Install with: BiocManager::install('ReactomePA')
[skyblue] Enrichr...
[foreground] input n=8 -> cleaned unique n=8
[foreground] invalid-format count=0
[Enrichr] Attempt 1 of 5 for: skyblue
[Enrichr] Failed attempt 1: invalid argument type — retrying in 2s
[Enrichr] Attempt 2 of 5 for: skyblue
[Enrichr] Failed attempt 2: invalid argument type — retrying in 2s
[Enrichr] Attempt 3 of 5 for: skyblue
[Enrichr] Failed attempt 3: invalid argument type — retrying in 2s
[Enrichr] Attempt 4 of 5 for: skyblue
[Enrichr] Failed attempt 4: invalid argument type — retrying in 2s
[Enrichr] Attempt 5 of 5 for: skyblue

--- Enriching module: honeydew1 (11 genes) ---
[honeydew1] KEGG...
[2026-04-07T17:43:18.176] error: *** JOB 11612948 ON hive-dc-7-6-46 CANCELLED AT 2026-04-07T17:43:18 DUE to SIGNAL Terminated ***


Starting Script 07
Output directory: /quobyte/lasallegrp/projects/CHDS/WGBS/2025_intergen_BrCa_comethyl_George/comethyl_output/07_module_detection/cov3_75pct/covMin10_methSD0p07
Loaded regions: 465397 rows

==============================
Running module detection for variant: v1_all_pcs
==============================

[v1_all_pcs] methylation dimensions: 173 regions x 465397 samples
[v1_all_pcs] using powerEstimate = 19
[v1_all_pcs] module correlation = pearson
[getModules] Constructing network and detecting modules in blocks using pearson correlation
[getModules] Assigning modules and calculating module membership using pearson correlation
[getModules] Saving modules as /quobyte/lasallegrp/projects/CHDS/WGBS/2025_intergen_BrCa_comethyl_George/comethyl_output/07_module_detection/cov3_75pct/covMin10_methSD0p07/v1_all_pcs/Modules.rds
[plotRegionDendro] Plotting region dendrograms and modules for each block
[plotRegionDendro] Saving plot as /quobyte/lasallegrp/projects/CHDS/WGBS/2025_intergen_BrCa_comethyl_George/comethyl_output/07_module_detection/cov3_75pct/covMin10_methSD0p07/v1_all_pcs/Region_Dendrograms.pdf
[getModuleBED] Creating bed file of regions annotated with identified modules
[getModuleBED] Excluding regions in grey (unassigned) module
[getModuleBED] Saving file as /quobyte/lasallegrp/projects/CHDS/WGBS/2025_intergen_BrCa_comethyl_George/comethyl_output/07_module_detection/cov3_75pct/covMin10_methSD0p07/v1_all_pcs/Modules.bed
✓ Finished variant: v1_all_pcs
  Modules RDS: /quobyte/lasallegrp/projects/CHDS/WGBS/2025_intergen_BrCa_comethyl_George/comethyl_output/07_module_detection/cov3_75pct/covMin10_methSD0p07/v1_all_pcs/Modules.rds
  Dendrogram:  /quobyte/lasallegrp/projects/CHDS/WGBS/2025_intergen_BrCa_comethyl_George/comethyl_output/07_module_detection/cov3_75pct/covMin10_methSD0p07/v1_all_pcs/Region_Dendrograms.pdf
  BED:         /quobyte/lasallegrp/projects/CHDS/WGBS/2025_intergen_BrCa_comethyl_George/comethyl_output/07_module_detection/cov3_75pct/covMin10_methSD0p07/v1_all_pcs/Modules.bed

==============================
Running module detection for variant: v2_exclude_protected_pcs
==============================

[v2_exclude_protected_pcs] methylation dimensions: 173 regions x 465397 samples
[v2_exclude_protected_pcs] using powerEstimate = 6
[v2_exclude_protected_pcs] module correlation = pearson
[getModules] Constructing network and detecting modules in blocks using pearson correlation
[getModules] Assigning modules and calculating module membership using pearson correlation
[getModules] Saving modules as /quobyte/lasallegrp/projects/CHDS/WGBS/2025_intergen_BrCa_comethyl_George/comethyl_output/07_module_detection/cov3_75pct/covMin10_methSD0p07/v2_exclude_protected_pcs/Modules.rds
[plotRegionDendro] Plotting region dendrograms and modules for each block
[plotRegionDendro] Saving plot as /quobyte/lasallegrp/projects/CHDS/WGBS/2025_intergen_BrCa_comethyl_George/comethyl_output/07_module_detection/cov3_75pct/covMin10_methSD0p07/v2_exclude_protected_pcs/Region_Dendrograms.pdf
[getModuleBED] Creating bed file of regions annotated with identified modules
[getModuleBED] Excluding regions in grey (unassigned) module
[getModuleBED] Saving file as /quobyte/lasallegrp/projects/CHDS/WGBS/2025_intergen_BrCa_comethyl_George/comethyl_output/07_module_detection/cov3_75pct/covMin10_methSD0p07/v2_exclude_protected_pcs/Modules.bed
✓ Finished variant: v2_exclude_protected_pcs
  Modules RDS: /quobyte/lasallegrp/projects/CHDS/WGBS/2025_intergen_BrCa_comethyl_George/comethyl_output/07_module_detection/cov3_75pct/covMin10_methSD0p07/v2_exclude_protected_pcs/Modules.rds
  Dendrogram:  /quobyte/lasallegrp/projects/CHDS/WGBS/2025_intergen_BrCa_comethyl_George/comethyl_output/07_module_detection/cov3_75pct/covMin10_methSD0p07/v2_exclude_protected_pcs/Region_Dendrograms.pdf
  BED:         /quobyte/lasallegrp/projects/CHDS/WGBS/2025_intergen_BrCa_comethyl_George/comethyl_output/07_module_detection/cov3_75pct/covMin10_methSD0p07/v2_exclude_protected_pcs/Modules.bed
Script 07 complete: module detection finished
Outputs saved under:
  /quobyte/lasallegrp/projects/CHDS/WGBS/2025_intergen_BrCa_comethyl_George/comethyl_output/07_module_detection/cov3_75pct/covMin10_methSD0p07
Starting Script 08
Loaded sample_info: /quobyte/lasallegrp/projects/CHDS/WGBS/2025_intergen_BrCa_comethyl_George/data/metadata/Intergen173.xlsx
colData dimensions: 173 samples x 46 traits
colData_num dimensions: 173 samples x 46 numeric traits
Output directory: /quobyte/lasallegrp/projects/CHDS/WGBS/2025_intergen_BrCa_comethyl_George/comethyl_output/08_module_and_sample_diagnostics/cov3_75pct/covMin10_methSD0p07

==============================
Running module/sample diagnostics for variant: v1_all_pcs
==============================

[v1_all_pcs] No MEgrey column found (3 real MEs remaining)
[v1_all_pcs] Sample alignment to metadata: 173 overlapping samples retained from 173 ME samples and 173 metadata samples
[v1_all_pcs] MEs used: 173 samples x 3 modules
[getDendro] Clustering with pearson correlation as the distance
[plotDendro] Plotting dendrogram
[plotDendro] Saving plot as /quobyte/lasallegrp/projects/CHDS/WGBS/2025_intergen_BrCa_comethyl_George/comethyl_output/08_module_and_sample_diagnostics/cov3_75pct/covMin10_methSD0p07/v1_all_pcs/Module_ME_Dendrogram.pdf
[v1_all_pcs] Saved module ME dendrogram
[getCor] Calculating correlations using pearson correlation
[plotHeatmap] Plotting heatmap with dendrograms
[plotHeatmap] Using colors in row names for y-axis labels
[plotHeatmap] Using colors in column names for x-axis labels
[plotHeatmap] Saving plot as /quobyte/lasallegrp/projects/CHDS/WGBS/2025_intergen_BrCa_comethyl_George/comethyl_output/08_module_and_sample_diagnostics/cov3_75pct/covMin10_methSD0p07/v1_all_pcs/Module_Correlation_Heatmap.pdf
[v1_all_pcs] Saved module correlation heatmap
[getMEtraitCor] Testing associations between module eigennodes and sample traits using pearson correlation
[getMEtraitCor] Saving file as /quobyte/lasallegrp/projects/CHDS/WGBS/2025_intergen_BrCa_comethyl_George/comethyl_output/08_module_and_sample_diagnostics/cov3_75pct/covMin10_methSD0p07/v1_all_pcs/Module_Correlation_Stats.tsv
[v1_all_pcs] Saved module correlation stats
[getDendro] Clustering by euclidean distance
[plotDendro] Plotting dendrogram
[plotDendro] Saving plot as /quobyte/lasallegrp/projects/CHDS/WGBS/2025_intergen_BrCa_comethyl_George/comethyl_output/08_module_and_sample_diagnostics/cov3_75pct/covMin10_methSD0p07/v1_all_pcs/Sample_ME_Dendrogram.pdf
[v1_all_pcs] Saved sample ME dendrogram
[getCor] Transposing data
[getCor] Calculating correlations using pearson correlation
[plotHeatmap] Plotting heatmap with dendrograms
[plotHeatmap] Saving plot as /quobyte/lasallegrp/projects/CHDS/WGBS/2025_intergen_BrCa_comethyl_George/comethyl_output/08_module_and_sample_diagnostics/cov3_75pct/covMin10_methSD0p07/v1_all_pcs/Sample_Correlation_Heatmap.pdf
[v1_all_pcs] Saved sample correlation heatmap
[plotHeatmap] Plotting heatmap with dendrograms
[plotHeatmap] Using colors in column names for x-axis labels
[plotHeatmap] Saving plot as /quobyte/lasallegrp/projects/CHDS/WGBS/2025_intergen_BrCa_comethyl_George/comethyl_output/08_module_and_sample_diagnostics/cov3_75pct/covMin10_methSD0p07/v1_all_pcs/Sample_ME_Heatmap.pdf
[v1_all_pcs] Saved sample x module eigengene heatmap
Finished variant: v1_all_pcs
  Outputs in: /quobyte/lasallegrp/projects/CHDS/WGBS/2025_intergen_BrCa_comethyl_George/comethyl_output/08_module_and_sample_diagnostics/cov3_75pct/covMin10_methSD0p07/v1_all_pcs

==============================
Running module/sample diagnostics for variant: v2_exclude_protected_pcs
==============================

[v2_exclude_protected_pcs] No MEgrey column found (35 real MEs remaining)
[v2_exclude_protected_pcs] Sample alignment to metadata: 173 overlapping samples retained from 173 ME samples and 173 metadata samples
[v2_exclude_protected_pcs] MEs used: 173 samples x 35 modules
[getDendro] Clustering with pearson correlation as the distance
[plotDendro] Plotting dendrogram
[plotDendro] Saving plot as /quobyte/lasallegrp/projects/CHDS/WGBS/2025_intergen_BrCa_comethyl_George/comethyl_output/08_module_and_sample_diagnostics/cov3_75pct/covMin10_methSD0p07/v2_exclude_protected_pcs/Module_ME_Dendrogram.pdf
[v2_exclude_protected_pcs] Saved module ME dendrogram
[getCor] Calculating correlations using pearson correlation
[plotHeatmap] Plotting heatmap with dendrograms
[plotHeatmap] Using colors in row names for y-axis labels
[plotHeatmap] Using colors in column names for x-axis labels
[plotHeatmap] Saving plot as /quobyte/lasallegrp/projects/CHDS/WGBS/2025_intergen_BrCa_comethyl_George/comethyl_output/08_module_and_sample_diagnostics/cov3_75pct/covMin10_methSD0p07/v2_exclude_protected_pcs/Module_Correlation_Heatmap.pdf
[v2_exclude_protected_pcs] Saved module correlation heatmap
[getMEtraitCor] Testing associations between module eigennodes and sample traits using pearson correlation
[getMEtraitCor] Saving file as /quobyte/lasallegrp/projects/CHDS/WGBS/2025_intergen_BrCa_comethyl_George/comethyl_output/08_module_and_sample_diagnostics/cov3_75pct/covMin10_methSD0p07/v2_exclude_protected_pcs/Module_Correlation_Stats.tsv
[v2_exclude_protected_pcs] Saved module correlation stats
[getDendro] Clustering by euclidean distance
[plotDendro] Plotting dendrogram
[plotDendro] Saving plot as /quobyte/lasallegrp/projects/CHDS/WGBS/2025_intergen_BrCa_comethyl_George/comethyl_output/08_module_and_sample_diagnostics/cov3_75pct/covMin10_methSD0p07/v2_exclude_protected_pcs/Sample_ME_Dendrogram.pdf
[v2_exclude_protected_pcs] Saved sample ME dendrogram
[getCor] Transposing data
[getCor] Calculating correlations using pearson correlation
[plotHeatmap] Plotting heatmap with dendrograms
[plotHeatmap] Saving plot as /quobyte/lasallegrp/projects/CHDS/WGBS/2025_intergen_BrCa_comethyl_George/comethyl_output/08_module_and_sample_diagnostics/cov3_75pct/covMin10_methSD0p07/v2_exclude_protected_pcs/Sample_Correlation_Heatmap.pdf
[v2_exclude_protected_pcs] Saved sample correlation heatmap
[plotHeatmap] Plotting heatmap with dendrograms
[plotHeatmap] Using colors in column names for x-axis labels
[plotHeatmap] Saving plot as /quobyte/lasallegrp/projects/CHDS/WGBS/2025_intergen_BrCa_comethyl_George/comethyl_output/08_module_and_sample_diagnostics/cov3_75pct/covMin10_methSD0p07/v2_exclude_protected_pcs/Sample_ME_Heatmap.pdf
[v2_exclude_protected_pcs] Saved sample x module eigengene heatmap
Finished variant: v2_exclude_protected_pcs
  Outputs in: /quobyte/lasallegrp/projects/CHDS/WGBS/2025_intergen_BrCa_comethyl_George/comethyl_output/08_module_and_sample_diagnostics/cov3_75pct/covMin10_methSD0p07/v2_exclude_protected_pcs
Script 08 complete: module and sample diagnostics finished
Outputs saved under:
  /quobyte/lasallegrp/projects/CHDS/WGBS/2025_intergen_BrCa_comethyl_George/comethyl_output/08_module_and_sample_diagnostics/cov3_75pct/covMin10_methSD0p07
Starting Script 09a
Output directory: /quobyte/lasallegrp/projects/CHDS/WGBS/2025_intergen_BrCa_comethyl_George/comethyl_output/09a_me_trait_analysis/cov3_75pct/covMin10_methSD0p07
[readSampleInfo] Reading sample info: /quobyte/lasallegrp/projects/CHDS/WGBS/2025_intergen_BrCa_comethyl_George/data/metadata/Intergen173.xlsx
[readSampleInfo] No sample_id_col provided; using existing rownames.
[readSampleInfo] First 6 rownames used as sample IDs:

==============================
Running ME-trait analysis for variant: v1_all_pcs
==============================

[v1_all_pcs] MEs dimensions: 173 samples x 3 modules
[getDendro] Clustering with bicor correlation as the distance
[v1_all_pcs] Running bicor ME-trait correlations
[getMEtraitCor] Testing associations between module eigennodes and sample traits using bicor correlation
[getMEtraitCor] Saving file as /tmp/Rtmpa0XY3E/file3804da23f2b101.tsv
[plotMEtraitCor] Plotting ME trait correlation heatmap
[plotMEtraitCor] Drawing module color bar with labels
[plotMEtraitCor] Saving plot as /quobyte/lasallegrp/projects/CHDS/WGBS/2025_intergen_BrCa_comethyl_George/comethyl_output/09a_me_trait_analysis/cov3_75pct/covMin10_methSD0p07/v1_all_pcs/ME_Trait_Correlation_Heatmap_Bicor_FULL.pdf
[plotMEtraitCor] Plotting ME trait correlation heatmap
[plotMEtraitCor] Drawing module color bar with labels
[plotMEtraitCor] Saving plot as /quobyte/lasallegrp/projects/CHDS/WGBS/2025_intergen_BrCa_comethyl_George/comethyl_output/09a_me_trait_analysis/cov3_75pct/covMin10_methSD0p07/v1_all_pcs/ME_Trait_Correlation_Heatmap_Bicor_TOP.pdf
✓ Finished variant: v1_all_pcs
  Outputs in: /quobyte/lasallegrp/projects/CHDS/WGBS/2025_intergen_BrCa_comethyl_George/comethyl_output/09a_me_trait_analysis/cov3_75pct/covMin10_methSD0p07/v1_all_pcs

==============================
Running ME-trait analysis for variant: v2_exclude_protected_pcs
==============================

[v2_exclude_protected_pcs] MEs dimensions: 173 samples x 35 modules
[getDendro] Clustering with bicor correlation as the distance
[v2_exclude_protected_pcs] Running bicor ME-trait correlations
[getMEtraitCor] Testing associations between module eigennodes and sample traits using bicor correlation
[getMEtraitCor] Saving file as /tmp/Rtmpa0XY3E/file3804da32120eb.tsv
[plotMEtraitCor] Plotting ME trait correlation heatmap
[plotMEtraitCor] Drawing module color bar with labels
[plotMEtraitCor] Saving plot as /quobyte/lasallegrp/projects/CHDS/WGBS/2025_intergen_BrCa_comethyl_George/comethyl_output/09a_me_trait_analysis/cov3_75pct/covMin10_methSD0p07/v2_exclude_protected_pcs/ME_Trait_Correlation_Heatmap_Bicor_FULL.pdf
[plotMEtraitCor] Plotting ME trait correlation heatmap
[plotMEtraitCor] Drawing module color bar with labels
[plotMEtraitCor] Saving plot as /quobyte/lasallegrp/projects/CHDS/WGBS/2025_intergen_BrCa_comethyl_George/comethyl_output/09a_me_trait_analysis/cov3_75pct/covMin10_methSD0p07/v2_exclude_protected_pcs/ME_Trait_Correlation_Heatmap_Bicor_TOP.pdf
✓ Finished variant: v2_exclude_protected_pcs
  Outputs in: /quobyte/lasallegrp/projects/CHDS/WGBS/2025_intergen_BrCa_comethyl_George/comethyl_output/09a_me_trait_analysis/cov3_75pct/covMin10_methSD0p07/v2_exclude_protected_pcs
Script 09a complete: core ME-trait finished
Outputs saved under:
  /quobyte/lasallegrp/projects/CHDS/WGBS/2025_intergen_BrCa_comethyl_George/comethyl_output/09a_me_trait_analysis/cov3_75pct/covMin10_methSD0p07
Starting Script 09b
Variants to process: 2

==============================
Running 09b for variant: v1_all_pcs
Output directory: /quobyte/lasallegrp/projects/CHDS/WGBS/2025_intergen_BrCa_comethyl_George/comethyl_output/09b_me_trait_presentation/cov3_75pct/covMin10_methSD0p07/v1_all_pcs
==============================

[getDendro] Clustering with bicor correlation as the distance
[plotMEtraitCor] Plotting ME trait correlation heatmap
[plotMEtraitCor] Drawing module color bar with labels
[plotMEtraitCor] Saving plot as /quobyte/lasallegrp/projects/CHDS/WGBS/2025_intergen_BrCa_comethyl_George/comethyl_output/09b_me_trait_presentation/cov3_75pct/covMin10_methSD0p07/v1_all_pcs/01_ids_and_batch_variables/ME_Trait_Heatmap_FULL.pdf
[plotMEtraitCor] Plotting ME trait correlation heatmap
[plotMEtraitCor] Drawing module color bar with labels
[plotMEtraitCor] Saving plot as /quobyte/lasallegrp/projects/CHDS/WGBS/2025_intergen_BrCa_comethyl_George/comethyl_output/09b_me_trait_presentation/cov3_75pct/covMin10_methSD0p07/v1_all_pcs/01_ids_and_batch_variables/ME_Trait_Heatmap_TOP.pdf
Done set '01_ids_and_batch_variables' for variant 'v1_all_pcs'
  Traits found: 2 / 4
  Output: /quobyte/lasallegrp/projects/CHDS/WGBS/2025_intergen_BrCa_comethyl_George/comethyl_output/09b_me_trait_presentation/cov3_75pct/covMin10_methSD0p07/v1_all_pcs/01_ids_and_batch_variables
[plotMEtraitCor] Plotting ME trait correlation heatmap
[plotMEtraitCor] Drawing module color bar with labels
[plotMEtraitCor] Saving plot as /quobyte/lasallegrp/projects/CHDS/WGBS/2025_intergen_BrCa_comethyl_George/comethyl_output/09b_me_trait_presentation/cov3_75pct/covMin10_methSD0p07/v1_all_pcs/03_body_size_outcomes_F1/ME_Trait_Heatmap_FULL.pdf
[plotMEtraitCor] Plotting ME trait correlation heatmap
[plotMEtraitCor] Drawing module color bar with labels
[plotMEtraitCor] Saving plot as /quobyte/lasallegrp/projects/CHDS/WGBS/2025_intergen_BrCa_comethyl_George/comethyl_output/09b_me_trait_presentation/cov3_75pct/covMin10_methSD0p07/v1_all_pcs/03_body_size_outcomes_F1/ME_Trait_Heatmap_TOP.pdf
Done set '03_body_size_outcomes_F1' for variant 'v1_all_pcs'
  Traits found: 7 / 9
  Output: /quobyte/lasallegrp/projects/CHDS/WGBS/2025_intergen_BrCa_comethyl_George/comethyl_output/09b_me_trait_presentation/cov3_75pct/covMin10_methSD0p07/v1_all_pcs/03_body_size_outcomes_F1
[plotMEtraitCor] Plotting ME trait correlation heatmap
[plotMEtraitCor] Drawing module color bar with labels
[plotMEtraitCor] Saving plot as /quobyte/lasallegrp/projects/CHDS/WGBS/2025_intergen_BrCa_comethyl_George/comethyl_output/09b_me_trait_presentation/cov3_75pct/covMin10_methSD0p07/v1_all_pcs/04_organochlorine_exposures_ddt_dde/ME_Trait_Heatmap_FULL.pdf
[plotMEtraitCor] Plotting ME trait correlation heatmap
[plotMEtraitCor] Drawing module color bar with labels
[plotMEtraitCor] Saving plot as /quobyte/lasallegrp/projects/CHDS/WGBS/2025_intergen_BrCa_comethyl_George/comethyl_output/09b_me_trait_presentation/cov3_75pct/covMin10_methSD0p07/v1_all_pcs/04_organochlorine_exposures_ddt_dde/ME_Trait_Heatmap_TOP.pdf
Done set '04_organochlorine_exposures_ddt_dde' for variant 'v1_all_pcs'
  Traits found: 24 / 24
  Output: /quobyte/lasallegrp/projects/CHDS/WGBS/2025_intergen_BrCa_comethyl_George/comethyl_output/09b_me_trait_presentation/cov3_75pct/covMin10_methSD0p07/v1_all_pcs/04_organochlorine_exposures_ddt_dde
[plotMEtraitCor] Plotting ME trait correlation heatmap
[plotMEtraitCor] Drawing module color bar with labels
[plotMEtraitCor] Saving plot as /quobyte/lasallegrp/projects/CHDS/WGBS/2025_intergen_BrCa_comethyl_George/comethyl_output/09b_me_trait_presentation/cov3_75pct/covMin10_methSD0p07/v1_all_pcs/05_neighborhood_context_ice_variables/ME_Trait_Heatmap_FULL.pdf
[plotMEtraitCor] Plotting ME trait correlation heatmap
[plotMEtraitCor] Drawing module color bar with labels
[plotMEtraitCor] Saving plot as /quobyte/lasallegrp/projects/CHDS/WGBS/2025_intergen_BrCa_comethyl_George/comethyl_output/09b_me_trait_presentation/cov3_75pct/covMin10_methSD0p07/v1_all_pcs/05_neighborhood_context_ice_variables/ME_Trait_Heatmap_TOP.pdf
Done set '05_neighborhood_context_ice_variables' for variant 'v1_all_pcs'
  Traits found: 23 / 23
  Output: /quobyte/lasallegrp/projects/CHDS/WGBS/2025_intergen_BrCa_comethyl_George/comethyl_output/09b_me_trait_presentation/cov3_75pct/covMin10_methSD0p07/v1_all_pcs/05_neighborhood_context_ice_variables
[plotMEtraitCor] Plotting ME trait correlation heatmap
[plotMEtraitCor] Drawing module color bar with labels
[plotMEtraitCor] Saving plot as /quobyte/lasallegrp/projects/CHDS/WGBS/2025_intergen_BrCa_comethyl_George/comethyl_output/09b_me_trait_presentation/cov3_75pct/covMin10_methSD0p07/v1_all_pcs/06_puberty_and_menarche_variables/ME_Trait_Heatmap_FULL.pdf
[plotMEtraitCor] Plotting ME trait correlation heatmap
[plotMEtraitCor] Drawing module color bar with labels
[plotMEtraitCor] Saving plot as /quobyte/lasallegrp/projects/CHDS/WGBS/2025_intergen_BrCa_comethyl_George/comethyl_output/09b_me_trait_presentation/cov3_75pct/covMin10_methSD0p07/v1_all_pcs/06_puberty_and_menarche_variables/ME_Trait_Heatmap_TOP.pdf
Done set '06_puberty_and_menarche_variables' for variant 'v1_all_pcs'
  Traits found: 5 / 5
  Output: /quobyte/lasallegrp/projects/CHDS/WGBS/2025_intergen_BrCa_comethyl_George/comethyl_output/09b_me_trait_presentation/cov3_75pct/covMin10_methSD0p07/v1_all_pcs/06_puberty_and_menarche_variables
[plotMEtraitCor] Plotting ME trait correlation heatmap
[plotMEtraitCor] Drawing module color bar with labels
[plotMEtraitCor] Saving plot as /quobyte/lasallegrp/projects/CHDS/WGBS/2025_intergen_BrCa_comethyl_George/comethyl_output/09b_me_trait_presentation/cov3_75pct/covMin10_methSD0p07/v1_all_pcs/07_breast_cancer_outcomes/ME_Trait_Heatmap_FULL.pdf
[plotMEtraitCor] Plotting ME trait correlation heatmap
[plotMEtraitCor] Drawing module color bar with labels
[plotMEtraitCor] Saving plot as /quobyte/lasallegrp/projects/CHDS/WGBS/2025_intergen_BrCa_comethyl_George/comethyl_output/09b_me_trait_presentation/cov3_75pct/covMin10_methSD0p07/v1_all_pcs/07_breast_cancer_outcomes/ME_Trait_Heatmap_TOP.pdf
Done set '07_breast_cancer_outcomes' for variant 'v1_all_pcs'
  Traits found: 2 / 2
  Output: /quobyte/lasallegrp/projects/CHDS/WGBS/2025_intergen_BrCa_comethyl_George/comethyl_output/09b_me_trait_presentation/cov3_75pct/covMin10_methSD0p07/v1_all_pcs/07_breast_cancer_outcomes
Finished variant: v1_all_pcs

==============================
Running 09b for variant: v2_exclude_protected_pcs
Output directory: /quobyte/lasallegrp/projects/CHDS/WGBS/2025_intergen_BrCa_comethyl_George/comethyl_output/09b_me_trait_presentation/cov3_75pct/covMin10_methSD0p07/v2_exclude_protected_pcs
==============================

[getDendro] Clustering with bicor correlation as the distance
[plotMEtraitCor] Plotting ME trait correlation heatmap
[plotMEtraitCor] Drawing module color bar with labels
[plotMEtraitCor] Saving plot as /quobyte/lasallegrp/projects/CHDS/WGBS/2025_intergen_BrCa_comethyl_George/comethyl_output/09b_me_trait_presentation/cov3_75pct/covMin10_methSD0p07/v2_exclude_protected_pcs/01_ids_and_batch_variables/ME_Trait_Heatmap_FULL.pdf
[plotMEtraitCor] Plotting ME trait correlation heatmap
[plotMEtraitCor] Drawing module color bar with labels
[plotMEtraitCor] Saving plot as /quobyte/lasallegrp/projects/CHDS/WGBS/2025_intergen_BrCa_comethyl_George/comethyl_output/09b_me_trait_presentation/cov3_75pct/covMin10_methSD0p07/v2_exclude_protected_pcs/01_ids_and_batch_variables/ME_Trait_Heatmap_TOP.pdf
Done set '01_ids_and_batch_variables' for variant 'v2_exclude_protected_pcs'
  Traits found: 2 / 4
  Output: /quobyte/lasallegrp/projects/CHDS/WGBS/2025_intergen_BrCa_comethyl_George/comethyl_output/09b_me_trait_presentation/cov3_75pct/covMin10_methSD0p07/v2_exclude_protected_pcs/01_ids_and_batch_variables
[plotMEtraitCor] Plotting ME trait correlation heatmap
[plotMEtraitCor] Drawing module color bar with labels
[plotMEtraitCor] Saving plot as /quobyte/lasallegrp/projects/CHDS/WGBS/2025_intergen_BrCa_comethyl_George/comethyl_output/09b_me_trait_presentation/cov3_75pct/covMin10_methSD0p07/v2_exclude_protected_pcs/03_body_size_outcomes_F1/ME_Trait_Heatmap_FULL.pdf
[plotMEtraitCor] Plotting ME trait correlation heatmap
[plotMEtraitCor] Drawing module color bar with labels
[plotMEtraitCor] Saving plot as /quobyte/lasallegrp/projects/CHDS/WGBS/2025_intergen_BrCa_comethyl_George/comethyl_output/09b_me_trait_presentation/cov3_75pct/covMin10_methSD0p07/v2_exclude_protected_pcs/03_body_size_outcomes_F1/ME_Trait_Heatmap_TOP.pdf
Done set '03_body_size_outcomes_F1' for variant 'v2_exclude_protected_pcs'
  Traits found: 7 / 9
  Output: /quobyte/lasallegrp/projects/CHDS/WGBS/2025_intergen_BrCa_comethyl_George/comethyl_output/09b_me_trait_presentation/cov3_75pct/covMin10_methSD0p07/v2_exclude_protected_pcs/03_body_size_outcomes_F1
[plotMEtraitCor] Plotting ME trait correlation heatmap
[plotMEtraitCor] Drawing module color bar with labels
[plotMEtraitCor] Saving plot as /quobyte/lasallegrp/projects/CHDS/WGBS/2025_intergen_BrCa_comethyl_George/comethyl_output/09b_me_trait_presentation/cov3_75pct/covMin10_methSD0p07/v2_exclude_protected_pcs/04_organochlorine_exposures_ddt_dde/ME_Trait_Heatmap_FULL.pdf
[plotMEtraitCor] Plotting ME trait correlation heatmap
[plotMEtraitCor] Drawing module color bar with labels
[plotMEtraitCor] Saving plot as /quobyte/lasallegrp/projects/CHDS/WGBS/2025_intergen_BrCa_comethyl_George/comethyl_output/09b_me_trait_presentation/cov3_75pct/covMin10_methSD0p07/v2_exclude_protected_pcs/04_organochlorine_exposures_ddt_dde/ME_Trait_Heatmap_TOP.pdf
Done set '04_organochlorine_exposures_ddt_dde' for variant 'v2_exclude_protected_pcs'
  Traits found: 24 / 24
  Output: /quobyte/lasallegrp/projects/CHDS/WGBS/2025_intergen_BrCa_comethyl_George/comethyl_output/09b_me_trait_presentation/cov3_75pct/covMin10_methSD0p07/v2_exclude_protected_pcs/04_organochlorine_exposures_ddt_dde
[plotMEtraitCor] Plotting ME trait correlation heatmap
[plotMEtraitCor] Drawing module color bar with labels
[plotMEtraitCor] Saving plot as /quobyte/lasallegrp/projects/CHDS/WGBS/2025_intergen_BrCa_comethyl_George/comethyl_output/09b_me_trait_presentation/cov3_75pct/covMin10_methSD0p07/v2_exclude_protected_pcs/05_neighborhood_context_ice_variables/ME_Trait_Heatmap_FULL.pdf
[plotMEtraitCor] Plotting ME trait correlation heatmap
[plotMEtraitCor] Drawing module color bar with labels
[plotMEtraitCor] Saving plot as /quobyte/lasallegrp/projects/CHDS/WGBS/2025_intergen_BrCa_comethyl_George/comethyl_output/09b_me_trait_presentation/cov3_75pct/covMin10_methSD0p07/v2_exclude_protected_pcs/05_neighborhood_context_ice_variables/ME_Trait_Heatmap_TOP.pdf
Done set '05_neighborhood_context_ice_variables' for variant 'v2_exclude_protected_pcs'
  Traits found: 23 / 23
  Output: /quobyte/lasallegrp/projects/CHDS/WGBS/2025_intergen_BrCa_comethyl_George/comethyl_output/09b_me_trait_presentation/cov3_75pct/covMin10_methSD0p07/v2_exclude_protected_pcs/05_neighborhood_context_ice_variables
[plotMEtraitCor] Plotting ME trait correlation heatmap
[plotMEtraitCor] Drawing module color bar with labels
[plotMEtraitCor] Saving plot as /quobyte/lasallegrp/projects/CHDS/WGBS/2025_intergen_BrCa_comethyl_George/comethyl_output/09b_me_trait_presentation/cov3_75pct/covMin10_methSD0p07/v2_exclude_protected_pcs/06_puberty_and_menarche_variables/ME_Trait_Heatmap_FULL.pdf
[plotMEtraitCor] Plotting ME trait correlation heatmap
[plotMEtraitCor] Drawing module color bar with labels
[plotMEtraitCor] Saving plot as /quobyte/lasallegrp/projects/CHDS/WGBS/2025_intergen_BrCa_comethyl_George/comethyl_output/09b_me_trait_presentation/cov3_75pct/covMin10_methSD0p07/v2_exclude_protected_pcs/06_puberty_and_menarche_variables/ME_Trait_Heatmap_TOP.pdf
Done set '06_puberty_and_menarche_variables' for variant 'v2_exclude_protected_pcs'
  Traits found: 5 / 5
  Output: /quobyte/lasallegrp/projects/CHDS/WGBS/2025_intergen_BrCa_comethyl_George/comethyl_output/09b_me_trait_presentation/cov3_75pct/covMin10_methSD0p07/v2_exclude_protected_pcs/06_puberty_and_menarche_variables
[plotMEtraitCor] Plotting ME trait correlation heatmap
[plotMEtraitCor] Drawing module color bar with labels
[plotMEtraitCor] Saving plot as /quobyte/lasallegrp/projects/CHDS/WGBS/2025_intergen_BrCa_comethyl_George/comethyl_output/09b_me_trait_presentation/cov3_75pct/covMin10_methSD0p07/v2_exclude_protected_pcs/07_breast_cancer_outcomes/ME_Trait_Heatmap_FULL.pdf
[plotMEtraitCor] Plotting ME trait correlation heatmap
[plotMEtraitCor] Drawing module color bar with labels
[plotMEtraitCor] Saving plot as /quobyte/lasallegrp/projects/CHDS/WGBS/2025_intergen_BrCa_comethyl_George/comethyl_output/09b_me_trait_presentation/cov3_75pct/covMin10_methSD0p07/v2_exclude_protected_pcs/07_breast_cancer_outcomes/ME_Trait_Heatmap_TOP.pdf
Done set '07_breast_cancer_outcomes' for variant 'v2_exclude_protected_pcs'
  Traits found: 2 / 2
  Output: /quobyte/lasallegrp/projects/CHDS/WGBS/2025_intergen_BrCa_comethyl_George/comethyl_output/09b_me_trait_presentation/cov3_75pct/covMin10_methSD0p07/v2_exclude_protected_pcs/07_breast_cancer_outcomes
Finished variant: v2_exclude_protected_pcs
Script 09a complete: Presentation ME-trait finished
Outputs saved under: /quobyte/lasallegrp/projects/CHDS/WGBS/2025_intergen_BrCa_comethyl_George/comethyl_output/09b_me_trait_presentation
Starting Script 10
Output directory: /quobyte/lasallegrp/projects/CHDS/WGBS/2025_intergen_BrCa_comethyl_George/comethyl_output/10_circos_and_module_summaries/cov3_75pct/covMin10_methSD0p07

==============================
Running circos/module summaries for variant: v1_all_pcs
==============================

✓ Finished variant: v1_all_pcs
  Outputs in: /quobyte/lasallegrp/projects/CHDS/WGBS/2025_intergen_BrCa_comethyl_George/comethyl_output/10_circos_and_module_summaries/cov3_75pct/covMin10_methSD0p07/v1_all_pcs

==============================
Running circos/module summaries for variant: v2_exclude_protected_pcs
==============================

✓ Finished variant: v2_exclude_protected_pcs
  Outputs in: /quobyte/lasallegrp/projects/CHDS/WGBS/2025_intergen_BrCa_comethyl_George/comethyl_output/10_circos_and_module_summaries/cov3_75pct/covMin10_methSD0p07/v2_exclude_protected_pcs
Warning messages:
1: Use of .data in tidyselect expressions was deprecated in tidyselect 1.2.0.
ℹ Please use `"chr"` instead of `.data$chr` 
2: Use of .data in tidyselect expressions was deprecated in tidyselect 1.2.0.
ℹ Please use `"start"` instead of `.data$start` 
3: Use of .data in tidyselect expressions was deprecated in tidyselect 1.2.0.
ℹ Please use `"end"` instead of `.data$end` 
4: Use of .data in tidyselect expressions was deprecated in tidyselect 1.2.0.
ℹ Please use `"module"` instead of `.data$module` 
Script 10 complete: Circos plots finished
Outputs saved under:
  /quobyte/lasallegrp/projects/CHDS/WGBS/2025_intergen_BrCa_comethyl_George/comethyl_output/10_circos_and_module_summaries/cov3_75pct/covMin10_methSD0p07
Starting Script 11
Output directory: /quobyte/lasallegrp/projects/CHDS/WGBS/2025_intergen_BrCa_comethyl_George/comethyl_output/11_me_trait_pair_plots/cov3_75pct/covMin10_methSD0p07/v1_all_pcs
[readSampleInfo] Reading sample info: /quobyte/lasallegrp/projects/CHDS/WGBS/2025_intergen_BrCa_comethyl_George/data/metadata/Intergen173.xlsx
[readSampleInfo] No sample_id_col provided; using existing rownames.
[readSampleInfo] First 6 rownames used as sample IDs:
Samples in common: 173
Modules available: 3
Traits available: 46
[01_ids_and_batch_variables] Pairs to plot: 1
✓ Done set: 01_ids_and_batch_variables
  Output: /quobyte/lasallegrp/projects/CHDS/WGBS/2025_intergen_BrCa_comethyl_George/comethyl_output/11_me_trait_pair_plots/cov3_75pct/covMin10_methSD0p07/v1_all_pcs/01_ids_and_batch_variables
[03_body_size_outcomes_F1] Pairs to plot: 3
✓ Done set: 03_body_size_outcomes_F1
  Output: /quobyte/lasallegrp/projects/CHDS/WGBS/2025_intergen_BrCa_comethyl_George/comethyl_output/11_me_trait_pair_plots/cov3_75pct/covMin10_methSD0p07/v1_all_pcs/03_body_size_outcomes_F1
[04_organochlorine_exposures_ddt_dde] Pairs to plot: 7
✓ Done set: 04_organochlorine_exposures_ddt_dde
  Output: /quobyte/lasallegrp/projects/CHDS/WGBS/2025_intergen_BrCa_comethyl_George/comethyl_output/11_me_trait_pair_plots/cov3_75pct/covMin10_methSD0p07/v1_all_pcs/04_organochlorine_exposures_ddt_dde
[05_neighborhood_context_ice_variables] Pairs to plot: 6
✓ Done set: 05_neighborhood_context_ice_variables
  Output: /quobyte/lasallegrp/projects/CHDS/WGBS/2025_intergen_BrCa_comethyl_George/comethyl_output/11_me_trait_pair_plots/cov3_75pct/covMin10_methSD0p07/v1_all_pcs/05_neighborhood_context_ice_variables
[06_puberty_and_menarche_variables] Pairs to plot: 2
✓ Done set: 06_puberty_and_menarche_variables
  Output: /quobyte/lasallegrp/projects/CHDS/WGBS/2025_intergen_BrCa_comethyl_George/comethyl_output/11_me_trait_pair_plots/cov3_75pct/covMin10_methSD0p07/v1_all_pcs/06_puberty_and_menarche_variables
Skipping set 07_breast_cancer_outcomes: no module-trait pairs left after filtering.
Script 10 complete: ME-trait pair plots finished
Outputs saved under:
  /quobyte/lasallegrp/projects/CHDS/WGBS/2025_intergen_BrCa_comethyl_George/comethyl_output/11_me_trait_pair_plots/cov3_75pct/covMin10_methSD0p07/v1_all_pcs
Starting Script 11
Output directory: /quobyte/lasallegrp/projects/CHDS/WGBS/2025_intergen_BrCa_comethyl_George/comethyl_output/11_me_trait_pair_plots/cov3_75pct/covMin10_methSD0p07/v2_exclude_protected_pcs
[readSampleInfo] Reading sample info: /quobyte/lasallegrp/projects/CHDS/WGBS/2025_intergen_BrCa_comethyl_George/data/metadata/Intergen173.xlsx
[readSampleInfo] No sample_id_col provided; using existing rownames.
[readSampleInfo] First 6 rownames used as sample IDs:
Samples in common: 173
Modules available: 35
Traits available: 46
[01_ids_and_batch_variables] Pairs to plot: 4
✓ Done set: 01_ids_and_batch_variables
  Output: /quobyte/lasallegrp/projects/CHDS/WGBS/2025_intergen_BrCa_comethyl_George/comethyl_output/11_me_trait_pair_plots/cov3_75pct/covMin10_methSD0p07/v2_exclude_protected_pcs/01_ids_and_batch_variables
[03_body_size_outcomes_F1] Pairs to plot: 25
✓ Done set: 03_body_size_outcomes_F1
  Output: /quobyte/lasallegrp/projects/CHDS/WGBS/2025_intergen_BrCa_comethyl_George/comethyl_output/11_me_trait_pair_plots/cov3_75pct/covMin10_methSD0p07/v2_exclude_protected_pcs/03_body_size_outcomes_F1
[04_organochlorine_exposures_ddt_dde] Pairs to plot: 50
✓ Done set: 04_organochlorine_exposures_ddt_dde
  Output: /quobyte/lasallegrp/projects/CHDS/WGBS/2025_intergen_BrCa_comethyl_George/comethyl_output/11_me_trait_pair_plots/cov3_75pct/covMin10_methSD0p07/v2_exclude_protected_pcs/04_organochlorine_exposures_ddt_dde
[05_neighborhood_context_ice_variables] Pairs to plot: 50
✓ Done set: 05_neighborhood_context_ice_variables
  Output: /quobyte/lasallegrp/projects/CHDS/WGBS/2025_intergen_BrCa_comethyl_George/comethyl_output/11_me_trait_pair_plots/cov3_75pct/covMin10_methSD0p07/v2_exclude_protected_pcs/05_neighborhood_context_ice_variables
[06_puberty_and_menarche_variables] Pairs to plot: 20
✓ Done set: 06_puberty_and_menarche_variables
  Output: /quobyte/lasallegrp/projects/CHDS/WGBS/2025_intergen_BrCa_comethyl_George/comethyl_output/11_me_trait_pair_plots/cov3_75pct/covMin10_methSD0p07/v2_exclude_protected_pcs/06_puberty_and_menarche_variables
[07_breast_cancer_outcomes] Pairs to plot: 3
✓ Done set: 07_breast_cancer_outcomes
  Output: /quobyte/lasallegrp/projects/CHDS/WGBS/2025_intergen_BrCa_comethyl_George/comethyl_output/11_me_trait_pair_plots/cov3_75pct/covMin10_methSD0p07/v2_exclude_protected_pcs/07_breast_cancer_outcomes
There were 50 or more warnings (use warnings() to see the first 50)
Script 10 complete: ME-trait pair plots finished
Outputs saved under:
  /quobyte/lasallegrp/projects/CHDS/WGBS/2025_intergen_BrCa_comethyl_George/comethyl_output/11_me_trait_pair_plots/cov3_75pct/covMin10_methSD0p07/v2_exclude_protected_pcs
Starting Script 12a
[annotate] Trying comethyl::annotateModule()
[annotateModule] Excluding regions in grey (unassigned) module
[annotateModule] Using the hg38 genome assembly for annotations
[annotateModule] Adding genes to regions using GREAT v4.0.4 with the basalPlusExt rule
[annotate] GREAT-based annotation failed: error in evaluating the argument 'y' in selecting a method for function 'merge': error in evaluating the argument 'x' in selecting a method for function 'as.data.frame': unused argument (type = 1)
[annotate] Falling back to offline nearest-gene annotation.
[offline] Using TxDb.Hsapiens.UCSC.hg38.knownGene
  2135 genes were dropped because they have exons located on both strands
  of the same reference sequence or on more than one reference sequence,
  so cannot be represented by a single genomic range.
  Use 'single.strand.genes.only=FALSE' to get all the genes in a
  GRangesList object, or use suppressMessages() to suppress this message.
'select()' returned 1:1 mapping between keys and columns
[annotate] Trying comethyl::annotateModule()
[annotateModule] Excluding regions in grey (unassigned) module
[annotateModule] Using the hg38 genome assembly for annotations
[annotateModule] Adding genes to regions using GREAT v4.0.4 with the basalPlusExt rule
[annotate] GREAT-based annotation failed: GREAT encountered a user error (message from GREAT web server):
Line 127453: The second field (chromStart) must be a non-negative
integer (not 1.3e+07). Input data: 'chr16 1.3e+07 13000205
/chr16:1.3e+07-13000205'
[annotate] Falling back to offline nearest-gene annotation.
[offline] Using TxDb.Hsapiens.UCSC.hg38.knownGene
  2135 genes were dropped because they have exons located on both strands
  of the same reference sequence or on more than one reference sequence,
  so cannot be represented by a single genomic range.
  Use 'single.strand.genes.only=FALSE' to get all the genes in a
  GRangesList object, or use suppressMessages() to suppress this message.
'select()' returned 1:1 mapping between keys and columns
Script 12a complete: Annotate Modules finished
Starting Script 12b

--- Enriching module: blue (2 genes) ---
[blue] KEGG...
[KEGG] Done: 1 pathways saved
[blue] GO...
[GO BP] Done: 54 terms saved
[GO MF] Done: 24 terms saved
[GO CC] Done: 12 terms saved
[blue] Reactome...
[Reactome] ReactomePA not installed; skipping. Install with: BiocManager::install('ReactomePA')
[blue] Enrichr...
[foreground] input n=2 -> cleaned unique n=2
[foreground] invalid-format count=0
[Enrichr] Attempt 1 of 5 for: blue
[Enrichr] Failed attempt 1: invalid argument type — retrying in 2s
[Enrichr] Attempt 2 of 5 for: blue
[Enrichr] Failed attempt 2: invalid argument type — retrying in 2s
[Enrichr] Attempt 3 of 5 for: blue
[Enrichr] Failed attempt 3: invalid argument type — retrying in 2s
[Enrichr] Attempt 4 of 5 for: blue
[Enrichr] Failed attempt 4: invalid argument type — retrying in 2s
[Enrichr] Attempt 5 of 5 for: blue

--- Enriching module: turquoise (9 genes) ---
[turquoise] KEGG...
[turquoise] GO...
[turquoise] Reactome...
[Reactome] ReactomePA not installed; skipping. Install with: BiocManager::install('ReactomePA')
[turquoise] Enrichr...
[foreground] input n=9 -> cleaned unique n=9
[foreground] invalid-format count=0
[Enrichr] Attempt 1 of 5 for: turquoise
[Enrichr] Failed attempt 1: invalid argument type — retrying in 2s
[Enrichr] Attempt 2 of 5 for: turquoise
[Enrichr] Failed attempt 2: invalid argument type — retrying in 2s
[Enrichr] Attempt 3 of 5 for: turquoise
[Enrichr] Failed attempt 3: invalid argument type — retrying in 2s
[Enrichr] Attempt 4 of 5 for: turquoise
[Enrichr] Failed attempt 4: invalid argument type — retrying in 2s
[Enrichr] Attempt 5 of 5 for: turquoise

--- Summary plots (pvalue) ---
[plot] Saved: Summary_KEGG_top10_pvalue0.05.pdf
[plot] Saved: Summary_GO_BP_top10_pvalue0.05.pdf
[plot] Saved: Summary_GO_MF_top10_pvalue0.05.pdf
[plot] Saved: Summary_GO_CC_top10_pvalue0.05.pdf
[plot] No data to plot for: Top Reactome Pathways per Module
[plot] Saved: Summary_Enrichr_GO_Biological_Process_2025_top10_pvalue0.05.pdf
[plot] Saved: Summary_Enrichr_GO_Molecular_Function_2025_top10_pvalue0.05.pdf
[plot] Saved: Summary_Enrichr_GO_Cellular_Component_2025_top10_pvalue0.05.pdf
[plot] Saved: Summary_Enrichr_KEGG_2021_Human_top10_pvalue0.05.pdf
There were 50 or more warnings (use warnings() to see the first 50)

--- Enriching module: red (337 genes) ---
[red] KEGG...
[KEGG] Done: 209 pathways saved
[red] GO...
[GO BP] Done: 2569 terms saved
[GO MF] Done: 438 terms saved
[GO CC] Done: 266 terms saved
[red] Reactome...
[Reactome] ReactomePA not installed; skipping. Install with: BiocManager::install('ReactomePA')
[red] Enrichr...
[foreground] input n=337 -> cleaned unique n=337
[foreground] invalid-format count=0
[Enrichr] Attempt 1 of 5 for: red
[Enrichr] Failed attempt 1: invalid argument type — retrying in 2s
[Enrichr] Attempt 2 of 5 for: red
[Enrichr] Failed attempt 2: invalid argument type — retrying in 2s
[Enrichr] Attempt 3 of 5 for: red
[Enrichr] Failed attempt 3: invalid argument type — retrying in 2s
[Enrichr] Attempt 4 of 5 for: red
[Enrichr] Failed attempt 4: invalid argument type — retrying in 2s
[Enrichr] Attempt 5 of 5 for: red

--- Enriching module: darkred (26 genes) ---
[darkred] KEGG...
[KEGG] Done: 24 pathways saved
[darkred] GO...
[GO BP] Done: 387 terms saved
[GO MF] Done: 72 terms saved
[GO CC] Done: 60 terms saved
[darkred] Reactome...
[Reactome] ReactomePA not installed; skipping. Install with: BiocManager::install('ReactomePA')
[darkred] Enrichr...
[foreground] input n=26 -> cleaned unique n=26
[foreground] invalid-format count=0
[Enrichr] Attempt 1 of 5 for: darkred
[Enrichr] Failed attempt 1: invalid argument type — retrying in 2s
[Enrichr] Attempt 2 of 5 for: darkred
[Enrichr] Failed attempt 2: invalid argument type — retrying in 2s
[Enrichr] Attempt 3 of 5 for: darkred
[Enrichr] Failed attempt 3: invalid argument type — retrying in 2s
[Enrichr] Attempt 4 of 5 for: darkred
[Enrichr] Failed attempt 4: invalid argument type — retrying in 2s
[Enrichr] Attempt 5 of 5 for: darkred

--- Enriching module: darkturquoise (23 genes) ---
[darkturquoise] KEGG...
[KEGG] Done: 22 pathways saved
[darkturquoise] GO...
[GO BP] Done: 240 terms saved
[GO MF] Done: 43 terms saved
[GO CC] Done: 45 terms saved
[darkturquoise] Reactome...
[Reactome] ReactomePA not installed; skipping. Install with: BiocManager::install('ReactomePA')
[darkturquoise] Enrichr...
[foreground] input n=23 -> cleaned unique n=23
[foreground] invalid-format count=0
[Enrichr] Attempt 1 of 5 for: darkturquoise
[Enrichr] Failed attempt 1: invalid argument type — retrying in 2s
[Enrichr] Attempt 2 of 5 for: darkturquoise
[Enrichr] Failed attempt 2: invalid argument type — retrying in 2s
[Enrichr] Attempt 3 of 5 for: darkturquoise
[Enrichr] Failed attempt 3: invalid argument type — retrying in 2s
[Enrichr] Attempt 4 of 5 for: darkturquoise
[Enrichr] Failed attempt 4: invalid argument type — retrying in 2s
[Enrichr] Attempt 5 of 5 for: darkturquoise

--- Enriching module: green (1594 genes) ---
[green] KEGG...
[KEGG] Done: 314 pathways saved
[green] GO...
[GO BP] Done: 4789 terms saved
[GO MF] Done: 829 terms saved
[GO CC] Done: 532 terms saved
[green] Reactome...
[Reactome] ReactomePA not installed; skipping. Install with: BiocManager::install('ReactomePA')
[green] Enrichr...
[foreground] input n=1594 -> cleaned unique n=1594
[foreground] invalid-format count=0
[Enrichr] Attempt 1 of 5 for: green
[Enrichr] Failed attempt 1: invalid argument type — retrying in 2s
[Enrichr] Attempt 2 of 5 for: green
[Enrichr] Failed attempt 2: invalid argument type — retrying in 2s
[Enrichr] Attempt 3 of 5 for: green
[Enrichr] Failed attempt 3: invalid argument type — retrying in 2s
[Enrichr] Attempt 4 of 5 for: green
[Enrichr] Failed attempt 4: invalid argument type — retrying in 2s
[Enrichr] Attempt 5 of 5 for: green

--- Enriching module: tan (38 genes) ---
[tan] KEGG...
[KEGG] Done: 8 pathways saved
[tan] GO...
[GO BP] Done: 53 terms saved
[GO MF] Done: 22 terms saved
[GO CC] Done: 19 terms saved
[tan] Reactome...
[Reactome] ReactomePA not installed; skipping. Install with: BiocManager::install('ReactomePA')
[tan] Enrichr...
[foreground] input n=38 -> cleaned unique n=38
[foreground] invalid-format count=0
[Enrichr] Attempt 1 of 5 for: tan
[Enrichr] Failed attempt 1: invalid argument type — retrying in 2s
[Enrichr] Attempt 2 of 5 for: tan
[Enrichr] Failed attempt 2: invalid argument type — retrying in 2s
[Enrichr] Attempt 3 of 5 for: tan
[Enrichr] Failed attempt 3: invalid argument type — retrying in 2s
[Enrichr] Attempt 4 of 5 for: tan
[Enrichr] Failed attempt 4: invalid argument type — retrying in 2s
[Enrichr] Attempt 5 of 5 for: tan

--- Enriching module: blue (9294 genes) ---
[blue] KEGG...
[KEGG] Done: 351 pathways saved
[blue] GO...
[GO BP] Done: 6369 terms saved
[GO MF] Done: 1250 terms saved
[GO CC] Done: 758 terms saved
[blue] Reactome...
[Reactome] ReactomePA not installed; skipping. Install with: BiocManager::install('ReactomePA')
[blue] Enrichr...
[foreground] input n=9294 -> cleaned unique n=9294
[foreground] invalid-format count=0
[Enrichr] Attempt 1 of 5 for: blue
[Enrichr] Failed attempt 1: invalid argument type — retrying in 2s
[Enrichr] Attempt 2 of 5 for: blue
[Enrichr] Failed attempt 2: invalid argument type — retrying in 2s
[Enrichr] Attempt 3 of 5 for: blue
[Enrichr] Failed attempt 3: invalid argument type — retrying in 2s
[Enrichr] Attempt 4 of 5 for: blue
[Enrichr] Failed attempt 4: invalid argument type — retrying in 2s
[Enrichr] Attempt 5 of 5 for: blue

--- Enriching module: darkolivegreen (2 genes) ---
[darkolivegreen] KEGG...
[KEGG] Done: 1 pathways saved
[darkolivegreen] GO...
[GO BP] Done: 31 terms saved
[GO MF] Done: 20 terms saved
[darkolivegreen] Reactome...
[Reactome] ReactomePA not installed; skipping. Install with: BiocManager::install('ReactomePA')
[darkolivegreen] Enrichr...
[foreground] input n=2 -> cleaned unique n=2
[foreground] invalid-format count=0
[Enrichr] Attempt 1 of 5 for: darkolivegreen
[Enrichr] Failed attempt 1: invalid argument type — retrying in 2s
[Enrichr] Attempt 2 of 5 for: darkolivegreen
[Enrichr] Failed attempt 2: invalid argument type — retrying in 2s
[Enrichr] Attempt 3 of 5 for: darkolivegreen
[Enrichr] Failed attempt 3: invalid argument type — retrying in 2s
[Enrichr] Attempt 4 of 5 for: darkolivegreen
[Enrichr] Failed attempt 4: invalid argument type — retrying in 2s
[Enrichr] Attempt 5 of 5 for: darkolivegreen

--- Enriching module: grey60 (21 genes) ---
[grey60] KEGG...
[KEGG] Done: 16 pathways saved
[grey60] GO...
[GO BP] Done: 268 terms saved
[GO MF] Done: 56 terms saved
[GO CC] Done: 24 terms saved
[grey60] Reactome...
[Reactome] ReactomePA not installed; skipping. Install with: BiocManager::install('ReactomePA')
[grey60] Enrichr...
[foreground] input n=21 -> cleaned unique n=21
[foreground] invalid-format count=0
[Enrichr] Attempt 1 of 5 for: grey60
[Enrichr] Failed attempt 1: invalid argument type — retrying in 2s
[Enrichr] Attempt 2 of 5 for: grey60
[Enrichr] Failed attempt 2: invalid argument type — retrying in 2s
[Enrichr] Attempt 3 of 5 for: grey60
[Enrichr] Failed attempt 3: invalid argument type — retrying in 2s
[Enrichr] Attempt 4 of 5 for: grey60
[Enrichr] Failed attempt 4: invalid argument type — retrying in 2s
[Enrichr] Attempt 5 of 5 for: grey60

--- Enriching module: darkorange (29 genes) ---
[darkorange] KEGG...
[KEGG] Done: 17 pathways saved
[darkorange] GO...
[GO BP] Done: 368 terms saved
[GO MF] Done: 58 terms saved
[GO CC] Done: 53 terms saved
[darkorange] Reactome...
[Reactome] ReactomePA not installed; skipping. Install with: BiocManager::install('ReactomePA')
[darkorange] Enrichr...
[foreground] input n=29 -> cleaned unique n=29
[foreground] invalid-format count=0
[Enrichr] Attempt 1 of 5 for: darkorange
[Enrichr] Failed attempt 1: invalid argument type — retrying in 2s
[Enrichr] Attempt 2 of 5 for: darkorange
[Enrichr] Failed attempt 2: invalid argument type — retrying in 2s
[Enrichr] Attempt 3 of 5 for: darkorange
[Enrichr] Failed attempt 3: invalid argument type — retrying in 2s
[Enrichr] Attempt 4 of 5 for: darkorange
[Enrichr] Failed attempt 4: invalid argument type — retrying in 2s
[Enrichr] Attempt 5 of 5 for: darkorange

--- Enriching module: lightcyan (42 genes) ---
[lightcyan] KEGG...
[KEGG] Done: 39 pathways saved
[lightcyan] GO...
[GO BP] Done: 611 terms saved
[GO MF] Done: 70 terms saved
[GO CC] Done: 34 terms saved
[lightcyan] Reactome...
[Reactome] ReactomePA not installed; skipping. Install with: BiocManager::install('ReactomePA')
[lightcyan] Enrichr...
[foreground] input n=42 -> cleaned unique n=42
[foreground] invalid-format count=0
[Enrichr] Attempt 1 of 5 for: lightcyan
[Enrichr] Failed attempt 1: invalid argument type — retrying in 2s
[Enrichr] Attempt 2 of 5 for: lightcyan
[Enrichr] Failed attempt 2: invalid argument type — retrying in 2s
[Enrichr] Attempt 3 of 5 for: lightcyan
[Enrichr] Failed attempt 3: invalid argument type — retrying in 2s
[Enrichr] Attempt 4 of 5 for: lightcyan
[Enrichr] Failed attempt 4: invalid argument type — retrying in 2s
[Enrichr] Attempt 5 of 5 for: lightcyan

--- Enriching module: lightyellow (34 genes) ---
[lightyellow] KEGG...
[KEGG] Done: 42 pathways saved
[lightyellow] GO...
[GO BP] Done: 540 terms saved
[GO MF] Done: 57 terms saved
[GO CC] Done: 56 terms saved
[lightyellow] Reactome...
[Reactome] ReactomePA not installed; skipping. Install with: BiocManager::install('ReactomePA')
[lightyellow] Enrichr...
[foreground] input n=34 -> cleaned unique n=34
[foreground] invalid-format count=0
[Enrichr] Attempt 1 of 5 for: lightyellow
[Enrichr] Failed attempt 1: invalid argument type — retrying in 2s
[Enrichr] Attempt 2 of 5 for: lightyellow
[Enrichr] Failed attempt 2: invalid argument type — retrying in 2s
[Enrichr] Attempt 3 of 5 for: lightyellow
[Enrichr] Failed attempt 3: invalid argument type — retrying in 2s
[Enrichr] Attempt 4 of 5 for: lightyellow
[Enrichr] Failed attempt 4: invalid argument type — retrying in 2s
[Enrichr] Attempt 5 of 5 for: lightyellow

--- Enriching module: pink (49 genes) ---
[pink] KEGG...
[KEGG] Done: 51 pathways saved
[pink] GO...
[GO BP] Done: 729 terms saved
[GO MF] Done: 105 terms saved
[GO CC] Done: 78 terms saved
[pink] Reactome...
[Reactome] ReactomePA not installed; skipping. Install with: BiocManager::install('ReactomePA')
[pink] Enrichr...
[foreground] input n=49 -> cleaned unique n=49
[foreground] invalid-format count=0
[Enrichr] Attempt 1 of 5 for: pink
[Enrichr] Failed attempt 1: invalid argument type — retrying in 2s
[Enrichr] Attempt 2 of 5 for: pink
[Enrichr] Failed attempt 2: invalid argument type — retrying in 2s
[Enrichr] Attempt 3 of 5 for: pink
[Enrichr] Failed attempt 3: invalid argument type — retrying in 2s
[Enrichr] Attempt 4 of 5 for: pink
[Enrichr] Failed attempt 4: invalid argument type — retrying in 2s
[Enrichr] Attempt 5 of 5 for: pink

--- Enriching module: yellow (6360 genes) ---
[yellow] KEGG...
[KEGG] Done: 350 pathways saved
[yellow] GO...
[GO BP] Done: 6256 terms saved
[GO MF] Done: 1220 terms saved
[GO CC] Done: 731 terms saved
[yellow] Reactome...
[Reactome] ReactomePA not installed; skipping. Install with: BiocManager::install('ReactomePA')
[yellow] Enrichr...
[foreground] input n=6360 -> cleaned unique n=6360
[foreground] invalid-format count=0
[Enrichr] Attempt 1 of 5 for: yellow
[Enrichr] Failed attempt 1: invalid argument type — retrying in 2s
[Enrichr] Attempt 2 of 5 for: yellow
[Enrichr] Failed attempt 2: invalid argument type — retrying in 2s
[Enrichr] Attempt 3 of 5 for: yellow
[Enrichr] Failed attempt 3: invalid argument type — retrying in 2s
[Enrichr] Attempt 4 of 5 for: yellow
[Enrichr] Failed attempt 4: invalid argument type — retrying in 2s
[Enrichr] Attempt 5 of 5 for: yellow

--- Enriching module: darkgreen (25 genes) ---
[darkgreen] KEGG...
[KEGG] Done: 13 pathways saved
[darkgreen] GO...
[GO BP] Done: 295 terms saved
[GO MF] Done: 47 terms saved
[GO CC] Done: 38 terms saved
[darkgreen] Reactome...
[Reactome] ReactomePA not installed; skipping. Install with: BiocManager::install('ReactomePA')
[darkgreen] Enrichr...
[foreground] input n=25 -> cleaned unique n=25
[foreground] invalid-format count=0
[Enrichr] Attempt 1 of 5 for: darkgreen
[Enrichr] Failed attempt 1: invalid argument type — retrying in 2s
[Enrichr] Attempt 2 of 5 for: darkgreen
[Enrichr] Failed attempt 2: invalid argument type — retrying in 2s
[Enrichr] Attempt 3 of 5 for: darkgreen
[Enrichr] Failed attempt 3: invalid argument type — retrying in 2s
[Enrichr] Attempt 4 of 5 for: darkgreen
[Enrichr] Failed attempt 4: invalid argument type — retrying in 2s
[Enrichr] Attempt 5 of 5 for: darkgreen

--- Enriching module: magenta (42 genes) ---
[magenta] KEGG...
[KEGG] Done: 18 pathways saved
[magenta] GO...
[GO BP] Done: 444 terms saved
[GO MF] Done: 63 terms saved
[GO CC] Done: 74 terms saved
[magenta] Reactome...
[Reactome] ReactomePA not installed; skipping. Install with: BiocManager::install('ReactomePA')
[magenta] Enrichr...
[foreground] input n=42 -> cleaned unique n=42
[foreground] invalid-format count=0
[Enrichr] Attempt 1 of 5 for: magenta
[Enrichr] Failed attempt 1: invalid argument type — retrying in 2s
[Enrichr] Attempt 2 of 5 for: magenta
[Enrichr] Failed attempt 2: invalid argument type — retrying in 2s
[Enrichr] Attempt 3 of 5 for: magenta
[Enrichr] Failed attempt 3: invalid argument type — retrying in 2s
[Enrichr] Attempt 4 of 5 for: magenta
[Enrichr] Failed attempt 4: invalid argument type — retrying in 2s
[Enrichr] Attempt 5 of 5 for: magenta

--- Enriching module: paleturquoise (20 genes) ---
[paleturquoise] KEGG...
[KEGG] Done: 12 pathways saved
[paleturquoise] GO...
[GO BP] Done: 267 terms saved
[GO MF] Done: 37 terms saved
[GO CC] Done: 20 terms saved
[paleturquoise] Reactome...
[Reactome] ReactomePA not installed; skipping. Install with: BiocManager::install('ReactomePA')
[paleturquoise] Enrichr...
[foreground] input n=20 -> cleaned unique n=20
[foreground] invalid-format count=0
[Enrichr] Attempt 1 of 5 for: paleturquoise
[Enrichr] Failed attempt 1: invalid argument type — retrying in 2s
[Enrichr] Attempt 2 of 5 for: paleturquoise
[Enrichr] Failed attempt 2: invalid argument type — retrying in 2s
[Enrichr] Attempt 3 of 5 for: paleturquoise
[Enrichr] Failed attempt 3: invalid argument type — retrying in 2s
[Enrichr] Attempt 4 of 5 for: paleturquoise
[Enrichr] Failed attempt 4: invalid argument type — retrying in 2s
[Enrichr] Attempt 5 of 5 for: paleturquoise

--- Enriching module: skyblue (18 genes) ---
[skyblue] KEGG...
[KEGG] Done: 18 pathways saved
[skyblue] GO...
[GO BP] Done: 123 terms saved
[GO MF] Done: 31 terms saved
[GO CC] Done: 28 terms saved
[skyblue] Reactome...
[Reactome] ReactomePA not installed; skipping. Install with: BiocManager::install('ReactomePA')
[skyblue] Enrichr...
[foreground] input n=18 -> cleaned unique n=18
[foreground] invalid-format count=0
[Enrichr] Attempt 1 of 5 for: skyblue
[Enrichr] Failed attempt 1: invalid argument type — retrying in 2s
[Enrichr] Attempt 2 of 5 for: skyblue
[Enrichr] Failed attempt 2: invalid argument type — retrying in 2s
[Enrichr] Attempt 3 of 5 for: skyblue
[Enrichr] Failed attempt 3: invalid argument type — retrying in 2s
[Enrichr] Attempt 4 of 5 for: skyblue
[Enrichr] Failed attempt 4: invalid argument type — retrying in 2s
[Enrichr] Attempt 5 of 5 for: skyblue

--- Enriching module: darkgrey (17 genes) ---
[darkgrey] KEGG...
[KEGG] Done: 3 pathways saved
[darkgrey] GO...
[GO BP] Done: 185 terms saved
[GO MF] Done: 20 terms saved
[GO CC] Done: 5 terms saved
[darkgrey] Reactome...
[Reactome] ReactomePA not installed; skipping. Install with: BiocManager::install('ReactomePA')
[darkgrey] Enrichr...
[foreground] input n=17 -> cleaned unique n=17
[foreground] invalid-format count=0
[Enrichr] Attempt 1 of 5 for: darkgrey
[Enrichr] Failed attempt 1: invalid argument type — retrying in 2s
[Enrichr] Attempt 2 of 5 for: darkgrey
[Enrichr] Failed attempt 2: invalid argument type — retrying in 2s
[Enrichr] Attempt 3 of 5 for: darkgrey
[Enrichr] Failed attempt 3: invalid argument type — retrying in 2s
[Enrichr] Attempt 4 of 5 for: darkgrey
[Enrichr] Failed attempt 4: invalid argument type — retrying in 2s
[Enrichr] Attempt 5 of 5 for: darkgrey

--- Enriching module: lightgreen (20 genes) ---
[lightgreen] KEGG...
[KEGG] Done: 10 pathways saved
[lightgreen] GO...
[GO BP] Done: 263 terms saved
[GO MF] Done: 65 terms saved
[GO CC] Done: 22 terms saved
[lightgreen] Reactome...
[Reactome] ReactomePA not installed; skipping. Install with: BiocManager::install('ReactomePA')
[lightgreen] Enrichr...
[foreground] input n=20 -> cleaned unique n=20
[foreground] invalid-format count=0
[Enrichr] Attempt 1 of 5 for: lightgreen
[Enrichr] Failed attempt 1: invalid argument type — retrying in 2s
[Enrichr] Attempt 2 of 5 for: lightgreen
[Enrichr] Failed attempt 2: invalid argument type — retrying in 2s
[Enrichr] Attempt 3 of 5 for: lightgreen
[Enrichr] Failed attempt 3: invalid argument type — retrying in 2s
[Enrichr] Attempt 4 of 5 for: lightgreen
[Enrichr] Failed attempt 4: invalid argument type — retrying in 2s
[Enrichr] Attempt 5 of 5 for: lightgreen

--- Enriching module: salmon (20 genes) ---
[salmon] KEGG...
[KEGG] Done: 3 pathways saved
[salmon] GO...
[GO BP] Done: 167 terms saved
[GO MF] Done: 16 terms saved
[GO CC] Done: 25 terms saved
[salmon] Reactome...
[Reactome] ReactomePA not installed; skipping. Install with: BiocManager::install('ReactomePA')
[salmon] Enrichr...
[foreground] input n=20 -> cleaned unique n=20
[foreground] invalid-format count=0
[Enrichr] Attempt 1 of 5 for: salmon
[Enrichr] Failed attempt 1: invalid argument type — retrying in 2s
[Enrichr] Attempt 2 of 5 for: salmon
[Enrichr] Failed attempt 2: invalid argument type — retrying in 2s
[Enrichr] Attempt 3 of 5 for: salmon
[Enrichr] Failed attempt 3: invalid argument type — retrying in 2s
[Enrichr] Attempt 4 of 5 for: salmon
[Enrichr] Failed attempt 4: invalid argument type — retrying in 2s
[Enrichr] Attempt 5 of 5 for: salmon

--- Enriching module: midnightblue (36 genes) ---
[midnightblue] KEGG...
[KEGG] Done: 13 pathways saved
[midnightblue] GO...
[GO BP] Done: 410 terms saved
[GO MF] Done: 62 terms saved
[GO CC] Done: 38 terms saved
[midnightblue] Reactome...
[Reactome] ReactomePA not installed; skipping. Install with: BiocManager::install('ReactomePA')
[midnightblue] Enrichr...
[foreground] input n=36 -> cleaned unique n=36
[foreground] invalid-format count=0
[Enrichr] Attempt 1 of 5 for: midnightblue
[Enrichr] Failed attempt 1: invalid argument type — retrying in 2s
[Enrichr] Attempt 2 of 5 for: midnightblue
[Enrichr] Failed attempt 2: invalid argument type — retrying in 2s
[Enrichr] Attempt 3 of 5 for: midnightblue
[Enrichr] Failed attempt 3: invalid argument type — retrying in 2s
[Enrichr] Attempt 4 of 5 for: midnightblue
[Enrichr] Failed attempt 4: invalid argument type — retrying in 2s
[Enrichr] Attempt 5 of 5 for: midnightblue

--- Enriching module: darkmagenta (1 genes) ---
[darkmagenta] KEGG...
[darkmagenta] GO...
[darkmagenta] Reactome...
[Reactome] ReactomePA not installed; skipping. Install with: BiocManager::install('ReactomePA')
[darkmagenta] Enrichr...
[foreground] input n=1 -> cleaned unique n=1
[foreground] invalid-format count=0
[Enrichr] Attempt 1 of 5 for: darkmagenta
[Enrichr] Failed attempt 1: invalid argument type — retrying in 2s
[Enrichr] Attempt 2 of 5 for: darkmagenta
[Enrichr] Failed attempt 2: invalid argument type — retrying in 2s
[Enrichr] Attempt 3 of 5 for: darkmagenta
[Enrichr] Failed attempt 3: invalid argument type — retrying in 2s
[Enrichr] Attempt 4 of 5 for: darkmagenta
[Enrichr] Failed attempt 4: invalid argument type — retrying in 2s
[Enrichr] Attempt 5 of 5 for: darkmagenta

--- Enriching module: black (365 genes) ---
[black] KEGG...
[KEGG] Done: 205 pathways saved
[black] GO...
[GO BP] Done: 2678 terms saved
[GO MF] Done: 413 terms saved
[GO CC] Done: 288 terms saved
[black] Reactome...
[Reactome] ReactomePA not installed; skipping. Install with: BiocManager::install('ReactomePA')
[black] Enrichr...
[foreground] input n=365 -> cleaned unique n=365
[foreground] invalid-format count=0
[Enrichr] Attempt 1 of 5 for: black
[Enrichr] Failed attempt 1: invalid argument type — retrying in 2s
[Enrichr] Attempt 2 of 5 for: black
[Enrichr] Failed attempt 2: invalid argument type — retrying in 2s
[Enrichr] Attempt 3 of 5 for: black
[Enrichr] Failed attempt 3: invalid argument type — retrying in 2s
[Enrichr] Attempt 4 of 5 for: black
[Enrichr] Failed attempt 4: invalid argument type — retrying in 2s
[Enrichr] Attempt 5 of 5 for: black

--- Enriching module: orange (30 genes) ---
[orange] KEGG...
[KEGG] Done: 12 pathways saved
[orange] GO...
[GO BP] Done: 356 terms saved
[GO MF] Done: 59 terms saved
[GO CC] Done: 79 terms saved
[orange] Reactome...
[Reactome] ReactomePA not installed; skipping. Install with: BiocManager::install('ReactomePA')
[orange] Enrichr...
[foreground] input n=30 -> cleaned unique n=30
[foreground] invalid-format count=0
[Enrichr] Attempt 1 of 5 for: orange
[Enrichr] Failed attempt 1: invalid argument type — retrying in 2s
[Enrichr] Attempt 2 of 5 for: orange
[Enrichr] Failed attempt 2: invalid argument type — retrying in 2s
[Enrichr] Attempt 3 of 5 for: orange
[Enrichr] Failed attempt 3: invalid argument type — retrying in 2s
[Enrichr] Attempt 4 of 5 for: orange
[Enrichr] Failed attempt 4: invalid argument type — retrying in 2s
[Enrichr] Attempt 5 of 5 for: orange

--- Enriching module: cyan (49 genes) ---
[cyan] KEGG...
[KEGG] Done: 62 pathways saved
[cyan] GO...
[GO BP] Done: 532 terms saved
[GO MF] Done: 141 terms saved
[GO CC] Done: 96 terms saved
[cyan] Reactome...
[Reactome] ReactomePA not installed; skipping. Install with: BiocManager::install('ReactomePA')
[cyan] Enrichr...
[foreground] input n=49 -> cleaned unique n=49
[foreground] invalid-format count=0
[Enrichr] Attempt 1 of 5 for: cyan
[Enrichr] Failed attempt 1: invalid argument type — retrying in 2s
[Enrichr] Attempt 2 of 5 for: cyan
[Enrichr] Failed attempt 2: invalid argument type — retrying in 2s
[Enrichr] Attempt 3 of 5 for: cyan
[Enrichr] Failed attempt 3: invalid argument type — retrying in 2s
[Enrichr] Attempt 4 of 5 for: cyan
[Enrichr] Failed attempt 4: invalid argument type — retrying in 2s
[Enrichr] Attempt 5 of 5 for: cyan

--- Enriching module: brown (8241 genes) ---
[brown] KEGG...
[KEGG] Done: 351 pathways saved
[brown] GO...
[GO BP] Done: 6324 terms saved
[GO MF] Done: 1236 terms saved
[GO CC] Done: 736 terms saved
[brown] Reactome...
[Reactome] ReactomePA not installed; skipping. Install with: BiocManager::install('ReactomePA')
[brown] Enrichr...
[foreground] input n=8241 -> cleaned unique n=8241
[foreground] invalid-format count=0
[Enrichr] Attempt 1 of 5 for: brown
[Enrichr] Failed attempt 1: invalid argument type — retrying in 2s
[Enrichr] Attempt 2 of 5 for: brown
[Enrichr] Failed attempt 2: invalid argument type — retrying in 2s
[Enrichr] Attempt 3 of 5 for: brown
[Enrichr] Failed attempt 3: invalid argument type — retrying in 2s
[Enrichr] Attempt 4 of 5 for: brown
[Enrichr] Failed attempt 4: invalid argument type — retrying in 2s
[Enrichr] Attempt 5 of 5 for: brown

--- Enriching module: turquoise (13151 genes) ---
[turquoise] KEGG...
[KEGG] Done: 351 pathways saved
[turquoise] GO...
[GO BP] Done: 6370 terms saved
[GO MF] Done: 1254 terms saved
[GO CC] Done: 755 terms saved
[turquoise] Reactome...
[Reactome] ReactomePA not installed; skipping. Install with: BiocManager::install('ReactomePA')
[turquoise] Enrichr...
[foreground] input n=13151 -> cleaned unique n=13151
[foreground] invalid-format count=0
[Enrichr] Attempt 1 of 5 for: turquoise
[Enrichr] Failed attempt 1: invalid argument type — retrying in 2s
[Enrichr] Attempt 2 of 5 for: turquoise
[Enrichr] Failed attempt 2: invalid argument type — retrying in 2s
[Enrichr] Attempt 3 of 5 for: turquoise
[Enrichr] Failed attempt 3: invalid argument type — retrying in 2s
[Enrichr] Attempt 4 of 5 for: turquoise
[Enrichr] Failed attempt 4: invalid argument type — retrying in 2s
[Enrichr] Attempt 5 of 5 for: turquoise

--- Enriching module: violet (5 genes) ---
[violet] KEGG...
[KEGG] Done: 9 pathways saved
[violet] GO...
[GO BP] Done: 90 terms saved
[GO MF] Done: 16 terms saved
[GO CC] Done: 28 terms saved
[violet] Reactome...
[Reactome] ReactomePA not installed; skipping. Install with: BiocManager::install('ReactomePA')
[violet] Enrichr...
[foreground] input n=5 -> cleaned unique n=5
[foreground] invalid-format count=0
[Enrichr] Attempt 1 of 5 for: violet
[Enrichr] Failed attempt 1: invalid argument type — retrying in 2s
[Enrichr] Attempt 2 of 5 for: violet
[Enrichr] Failed attempt 2: invalid argument type — retrying in 2s
[Enrichr] Attempt 3 of 5 for: violet
[Enrichr] Failed attempt 3: invalid argument type — retrying in 2s
[Enrichr] Attempt 4 of 5 for: violet
[Enrichr] Failed attempt 4: invalid argument type — retrying in 2s
[Enrichr] Attempt 5 of 5 for: violet

--- Enriching module: purple (59 genes) ---
[purple] KEGG...
[KEGG] Done: 61 pathways saved
[purple] GO...
[GO BP] Done: 636 terms saved
[GO MF] Done: 102 terms saved
[GO CC] Done: 85 terms saved
[purple] Reactome...
[Reactome] ReactomePA not installed; skipping. Install with: BiocManager::install('ReactomePA')
[purple] Enrichr...
[foreground] input n=59 -> cleaned unique n=59
[foreground] invalid-format count=0
[Enrichr] Attempt 1 of 5 for: purple
[Enrichr] Failed attempt 1: invalid argument type — retrying in 2s
[Enrichr] Attempt 2 of 5 for: purple
[Enrichr] Failed attempt 2: invalid argument type — retrying in 2s
[Enrichr] Attempt 3 of 5 for: purple
[Enrichr] Failed attempt 3: invalid argument type — retrying in 2s
[Enrichr] Attempt 4 of 5 for: purple
[Enrichr] Failed attempt 4: invalid argument type — retrying in 2s
[Enrichr] Attempt 5 of 5 for: purple

--- Enriching module: royalblue (10 genes) ---
[royalblue] KEGG...
[KEGG] Done: 3 pathways saved
[royalblue] GO...
[GO BP] Done: 123 terms saved
[GO MF] Done: 33 terms saved
[GO CC] Done: 25 terms saved
[royalblue] Reactome...
[Reactome] ReactomePA not installed; skipping. Install with: BiocManager::install('ReactomePA')
[royalblue] Enrichr...
[foreground] input n=10 -> cleaned unique n=10
[foreground] invalid-format count=0
[Enrichr] Attempt 1 of 5 for: royalblue
[Enrichr] Failed attempt 1: invalid argument type — retrying in 2s
[Enrichr] Attempt 2 of 5 for: royalblue
[Enrichr] Failed attempt 2: invalid argument type — retrying in 2s
[Enrichr] Attempt 3 of 5 for: royalblue
[Enrichr] Failed attempt 3: invalid argument type — retrying in 2s
[Enrichr] Attempt 4 of 5 for: royalblue
[Enrichr] Failed attempt 4: invalid argument type — retrying in 2s
[Enrichr] Attempt 5 of 5 for: royalblue

--- Enriching module: white (24 genes) ---
[white] KEGG...
[KEGG] Done: 1 pathways saved
[white] GO...
[GO BP] Done: 48 terms saved
[GO MF] Done: 15 terms saved
[GO CC] Done: 12 terms saved
[white] Reactome...
[Reactome] ReactomePA not installed; skipping. Install with: BiocManager::install('ReactomePA')
[white] Enrichr...
[foreground] input n=24 -> cleaned unique n=24
[foreground] invalid-format count=0
[Enrichr] Attempt 1 of 5 for: white
[Enrichr] Failed attempt 1: invalid argument type — retrying in 2s
[Enrichr] Attempt 2 of 5 for: white
[Enrichr] Failed attempt 2: invalid argument type — retrying in 2s
[Enrichr] Attempt 3 of 5 for: white
[Enrichr] Failed attempt 3: invalid argument type — retrying in 2s
[Enrichr] Attempt 4 of 5 for: white
[Enrichr] Failed attempt 4: invalid argument type — retrying in 2s
[Enrichr] Attempt 5 of 5 for: white

--- Summary plots (pvalue) ---
[plot] Saved: Summary_KEGG_top10_pvalue0.05.pdf
[plot] Saved: Summary_GO_BP_top10_pvalue0.05.pdf
[plot] Saved: Summary_GO_MF_top10_pvalue0.05.pdf
[plot] Saved: Summary_GO_CC_top10_pvalue0.05.pdf
[plot] No data to plot for: Top Reactome Pathways per Module
[plot] Saved: Summary_Enrichr_GO_Biological_Process_2025_top10_pvalue0.05.pdf
[plot] Saved: Summary_Enrichr_GO_Molecular_Function_2025_top10_pvalue0.05.pdf
[plot] Saved: Summary_Enrichr_GO_Cellular_Component_2025_top10_pvalue0.05.pdf
[plot] Saved: Summary_Enrichr_KEGG_2021_Human_top10_pvalue0.05.pdf
There were 50 or more warnings (use warnings() to see the first 50)
/home/gekuodza/.bashrc: line 34: syntax error near unexpected token `else'
/home/gekuodza/.bashrc: line 34: syntax error near unexpected token `else'


Starting Script 07
Output directory: /quobyte/lasallegrp/projects/CHDS/WGBS/2025_intergen_BrCa_comethyl_George/comethyl_output/07_module_detection/cov3_75pct/covMin10_methSD0p07
Loaded regions: 465397 rows

==============================
Running module detection for variant: v1_all_pcs
==============================

[v1_all_pcs] methylation dimensions: 173 regions x 465397 samples
[v1_all_pcs] using powerEstimate = 19
[v1_all_pcs] module correlation = pearson
[getModules] Constructing network and detecting modules in blocks using pearson correlation
[getModules] Assigning modules and calculating module membership using pearson correlation
[getModules] Saving modules as /quobyte/lasallegrp/projects/CHDS/WGBS/2025_intergen_BrCa_comethyl_George/comethyl_output/07_module_detection/cov3_75pct/covMin10_methSD0p07/v1_all_pcs/Modules.rds
[plotRegionDendro] Plotting region dendrograms and modules for each block
[plotRegionDendro] Saving plot as /quobyte/lasallegrp/projects/CHDS/WGBS/2025_intergen_BrCa_comethyl_George/comethyl_output/07_module_detection/cov3_75pct/covMin10_methSD0p07/v1_all_pcs/Region_Dendrograms.pdf
[getModuleBED] Creating bed file of regions annotated with identified modules
[getModuleBED] Excluding regions in grey (unassigned) module
[getModuleBED] Saving file as /quobyte/lasallegrp/projects/CHDS/WGBS/2025_intergen_BrCa_comethyl_George/comethyl_output/07_module_detection/cov3_75pct/covMin10_methSD0p07/v1_all_pcs/Modules.bed
✓ Finished variant: v1_all_pcs
  Modules RDS: /quobyte/lasallegrp/projects/CHDS/WGBS/2025_intergen_BrCa_comethyl_George/comethyl_output/07_module_detection/cov3_75pct/covMin10_methSD0p07/v1_all_pcs/Modules.rds
  Dendrogram:  /quobyte/lasallegrp/projects/CHDS/WGBS/2025_intergen_BrCa_comethyl_George/comethyl_output/07_module_detection/cov3_75pct/covMin10_methSD0p07/v1_all_pcs/Region_Dendrograms.pdf
  BED:         /quobyte/lasallegrp/projects/CHDS/WGBS/2025_intergen_BrCa_comethyl_George/comethyl_output/07_module_detection/cov3_75pct/covMin10_methSD0p07/v1_all_pcs/Modules.bed

==============================
Running module detection for variant: v2_exclude_protected_pcs
==============================

[v2_exclude_protected_pcs] methylation dimensions: 173 regions x 465397 samples
[v2_exclude_protected_pcs] using powerEstimate = 6
[v2_exclude_protected_pcs] module correlation = pearson
[getModules] Constructing network and detecting modules in blocks using pearson correlation
[getModules] Assigning modules and calculating module membership using pearson correlation
[getModules] Saving modules as /quobyte/lasallegrp/projects/CHDS/WGBS/2025_intergen_BrCa_comethyl_George/comethyl_output/07_module_detection/cov3_75pct/covMin10_methSD0p07/v2_exclude_protected_pcs/Modules.rds
[plotRegionDendro] Plotting region dendrograms and modules for each block
[plotRegionDendro] Saving plot as /quobyte/lasallegrp/projects/CHDS/WGBS/2025_intergen_BrCa_comethyl_George/comethyl_output/07_module_detection/cov3_75pct/covMin10_methSD0p07/v2_exclude_protected_pcs/Region_Dendrograms.pdf
[getModuleBED] Creating bed file of regions annotated with identified modules
[getModuleBED] Excluding regions in grey (unassigned) module
[getModuleBED] Saving file as /quobyte/lasallegrp/projects/CHDS/WGBS/2025_intergen_BrCa_comethyl_George/comethyl_output/07_module_detection/cov3_75pct/covMin10_methSD0p07/v2_exclude_protected_pcs/Modules.bed
✓ Finished variant: v2_exclude_protected_pcs
  Modules RDS: /quobyte/lasallegrp/projects/CHDS/WGBS/2025_intergen_BrCa_comethyl_George/comethyl_output/07_module_detection/cov3_75pct/covMin10_methSD0p07/v2_exclude_protected_pcs/Modules.rds
  Dendrogram:  /quobyte/lasallegrp/projects/CHDS/WGBS/2025_intergen_BrCa_comethyl_George/comethyl_output/07_module_detection/cov3_75pct/covMin10_methSD0p07/v2_exclude_protected_pcs/Region_Dendrograms.pdf
  BED:         /quobyte/lasallegrp/projects/CHDS/WGBS/2025_intergen_BrCa_comethyl_George/comethyl_output/07_module_detection/cov3_75pct/covMin10_methSD0p07/v2_exclude_protected_pcs/Modules.bed
Script 07 complete: module detection finished
Outputs saved under:
  /quobyte/lasallegrp/projects/CHDS/WGBS/2025_intergen_BrCa_comethyl_George/comethyl_output/07_module_detection/cov3_75pct/covMin10_methSD0p07
Starting Script 08
Loaded sample_info: /quobyte/lasallegrp/projects/CHDS/WGBS/2025_intergen_BrCa_comethyl_George/data/metadata/Intergen173.xlsx
colData dimensions: 173 samples x 46 traits
colData_num dimensions: 173 samples x 46 numeric traits
Output directory: /quobyte/lasallegrp/projects/CHDS/WGBS/2025_intergen_BrCa_comethyl_George/comethyl_output/08_module_and_sample_diagnostics/cov3_75pct/covMin10_methSD0p07

==============================
Running module/sample diagnostics for variant: v1_all_pcs
==============================

[v1_all_pcs] No MEgrey column found (5 real MEs remaining)
[v1_all_pcs] Sample alignment to metadata: 173 overlapping samples retained from 173 ME samples and 173 metadata samples
[v1_all_pcs] MEs used: 173 samples x 5 modules
[getDendro] Clustering with pearson correlation as the distance
[plotDendro] Plotting dendrogram
[plotDendro] Saving plot as /quobyte/lasallegrp/projects/CHDS/WGBS/2025_intergen_BrCa_comethyl_George/comethyl_output/08_module_and_sample_diagnostics/cov3_75pct/covMin10_methSD0p07/v1_all_pcs/Module_ME_Dendrogram.pdf
[v1_all_pcs] Saved module ME dendrogram
[getCor] Calculating correlations using pearson correlation
[plotHeatmap] Plotting heatmap with dendrograms
[plotHeatmap] Using colors in row names for y-axis labels
[plotHeatmap] Using colors in column names for x-axis labels
[plotHeatmap] Saving plot as /quobyte/lasallegrp/projects/CHDS/WGBS/2025_intergen_BrCa_comethyl_George/comethyl_output/08_module_and_sample_diagnostics/cov3_75pct/covMin10_methSD0p07/v1_all_pcs/Module_Correlation_Heatmap.pdf
[v1_all_pcs] Saved module correlation heatmap
[getMEtraitCor] Testing associations between module eigennodes and sample traits using pearson correlation
[getMEtraitCor] Saving file as /quobyte/lasallegrp/projects/CHDS/WGBS/2025_intergen_BrCa_comethyl_George/comethyl_output/08_module_and_sample_diagnostics/cov3_75pct/covMin10_methSD0p07/v1_all_pcs/Module_Correlation_Stats.tsv
[v1_all_pcs] Saved module correlation stats
[getDendro] Clustering by euclidean distance
[plotDendro] Plotting dendrogram
[plotDendro] Saving plot as /quobyte/lasallegrp/projects/CHDS/WGBS/2025_intergen_BrCa_comethyl_George/comethyl_output/08_module_and_sample_diagnostics/cov3_75pct/covMin10_methSD0p07/v1_all_pcs/Sample_ME_Dendrogram.pdf
[v1_all_pcs] Saved sample ME dendrogram
[getCor] Transposing data
[getCor] Calculating correlations using pearson correlation
[plotHeatmap] Plotting heatmap with dendrograms
[plotHeatmap] Saving plot as /quobyte/lasallegrp/projects/CHDS/WGBS/2025_intergen_BrCa_comethyl_George/comethyl_output/08_module_and_sample_diagnostics/cov3_75pct/covMin10_methSD0p07/v1_all_pcs/Sample_Correlation_Heatmap.pdf
[v1_all_pcs] Saved sample correlation heatmap
[plotHeatmap] Plotting heatmap with dendrograms
[plotHeatmap] Using colors in column names for x-axis labels
[plotHeatmap] Saving plot as /quobyte/lasallegrp/projects/CHDS/WGBS/2025_intergen_BrCa_comethyl_George/comethyl_output/08_module_and_sample_diagnostics/cov3_75pct/covMin10_methSD0p07/v1_all_pcs/Sample_ME_Heatmap.pdf
[v1_all_pcs] Saved sample x module eigengene heatmap
Finished variant: v1_all_pcs
  Outputs in: /quobyte/lasallegrp/projects/CHDS/WGBS/2025_intergen_BrCa_comethyl_George/comethyl_output/08_module_and_sample_diagnostics/cov3_75pct/covMin10_methSD0p07/v1_all_pcs

==============================
Running module/sample diagnostics for variant: v2_exclude_protected_pcs
==============================

[v2_exclude_protected_pcs] No MEgrey column found (45 real MEs remaining)
[v2_exclude_protected_pcs] Sample alignment to metadata: 173 overlapping samples retained from 173 ME samples and 173 metadata samples
[v2_exclude_protected_pcs] MEs used: 173 samples x 45 modules
[getDendro] Clustering with pearson correlation as the distance
[plotDendro] Plotting dendrogram
[plotDendro] Saving plot as /quobyte/lasallegrp/projects/CHDS/WGBS/2025_intergen_BrCa_comethyl_George/comethyl_output/08_module_and_sample_diagnostics/cov3_75pct/covMin10_methSD0p07/v2_exclude_protected_pcs/Module_ME_Dendrogram.pdf
[v2_exclude_protected_pcs] Saved module ME dendrogram
[getCor] Calculating correlations using pearson correlation
[plotHeatmap] Plotting heatmap with dendrograms
[plotHeatmap] Using colors in row names for y-axis labels
[plotHeatmap] Using colors in column names for x-axis labels
[plotHeatmap] Saving plot as /quobyte/lasallegrp/projects/CHDS/WGBS/2025_intergen_BrCa_comethyl_George/comethyl_output/08_module_and_sample_diagnostics/cov3_75pct/covMin10_methSD0p07/v2_exclude_protected_pcs/Module_Correlation_Heatmap.pdf
[v2_exclude_protected_pcs] Saved module correlation heatmap
[getMEtraitCor] Testing associations between module eigennodes and sample traits using pearson correlation
[getMEtraitCor] Saving file as /quobyte/lasallegrp/projects/CHDS/WGBS/2025_intergen_BrCa_comethyl_George/comethyl_output/08_module_and_sample_diagnostics/cov3_75pct/covMin10_methSD0p07/v2_exclude_protected_pcs/Module_Correlation_Stats.tsv
[v2_exclude_protected_pcs] Saved module correlation stats
[getDendro] Clustering by euclidean distance
[plotDendro] Plotting dendrogram
[plotDendro] Saving plot as /quobyte/lasallegrp/projects/CHDS/WGBS/2025_intergen_BrCa_comethyl_George/comethyl_output/08_module_and_sample_diagnostics/cov3_75pct/covMin10_methSD0p07/v2_exclude_protected_pcs/Sample_ME_Dendrogram.pdf
[v2_exclude_protected_pcs] Saved sample ME dendrogram
[getCor] Transposing data
[getCor] Calculating correlations using pearson correlation
[plotHeatmap] Plotting heatmap with dendrograms
[plotHeatmap] Saving plot as /quobyte/lasallegrp/projects/CHDS/WGBS/2025_intergen_BrCa_comethyl_George/comethyl_output/08_module_and_sample_diagnostics/cov3_75pct/covMin10_methSD0p07/v2_exclude_protected_pcs/Sample_Correlation_Heatmap.pdf
[v2_exclude_protected_pcs] Saved sample correlation heatmap
[plotHeatmap] Plotting heatmap with dendrograms
[plotHeatmap] Using colors in column names for x-axis labels
[plotHeatmap] Saving plot as /quobyte/lasallegrp/projects/CHDS/WGBS/2025_intergen_BrCa_comethyl_George/comethyl_output/08_module_and_sample_diagnostics/cov3_75pct/covMin10_methSD0p07/v2_exclude_protected_pcs/Sample_ME_Heatmap.pdf
[v2_exclude_protected_pcs] Saved sample x module eigengene heatmap
Finished variant: v2_exclude_protected_pcs
  Outputs in: /quobyte/lasallegrp/projects/CHDS/WGBS/2025_intergen_BrCa_comethyl_George/comethyl_output/08_module_and_sample_diagnostics/cov3_75pct/covMin10_methSD0p07/v2_exclude_protected_pcs
Script 08 complete: module and sample diagnostics finished
Outputs saved under:
  /quobyte/lasallegrp/projects/CHDS/WGBS/2025_intergen_BrCa_comethyl_George/comethyl_output/08_module_and_sample_diagnostics/cov3_75pct/covMin10_methSD0p07
Starting Script 09a
Output directory: /quobyte/lasallegrp/projects/CHDS/WGBS/2025_intergen_BrCa_comethyl_George/comethyl_output/09a_me_trait_analysis/cov3_75pct/covMin10_methSD0p07
[readSampleInfo] Reading sample info: /quobyte/lasallegrp/projects/CHDS/WGBS/2025_intergen_BrCa_comethyl_George/data/metadata/Intergen173.xlsx
[readSampleInfo] No sample_id_col provided; using existing rownames.
[readSampleInfo] First 6 rownames used as sample IDs:

==============================
Running ME-trait analysis for variant: v1_all_pcs
==============================

[v1_all_pcs] MEs dimensions: 173 samples x 5 modules
[getDendro] Clustering with bicor correlation as the distance
[v1_all_pcs] Running bicor ME-trait correlations
[getMEtraitCor] Testing associations between module eigennodes and sample traits using bicor correlation
[getMEtraitCor] Saving file as /tmp/RtmpKwI0um/file31adb310aecd58.tsv
[plotMEtraitCor] Plotting ME trait correlation heatmap
[plotMEtraitCor] Drawing module color bar with labels
[plotMEtraitCor] Saving plot as /quobyte/lasallegrp/projects/CHDS/WGBS/2025_intergen_BrCa_comethyl_George/comethyl_output/09a_me_trait_analysis/cov3_75pct/covMin10_methSD0p07/v1_all_pcs/ME_Trait_Correlation_Heatmap_Bicor_FULL.pdf
[plotMEtraitCor] Plotting ME trait correlation heatmap
[plotMEtraitCor] Drawing module color bar with labels
[plotMEtraitCor] Saving plot as /quobyte/lasallegrp/projects/CHDS/WGBS/2025_intergen_BrCa_comethyl_George/comethyl_output/09a_me_trait_analysis/cov3_75pct/covMin10_methSD0p07/v1_all_pcs/ME_Trait_Correlation_Heatmap_Bicor_TOP.pdf
✓ Finished variant: v1_all_pcs
  Outputs in: /quobyte/lasallegrp/projects/CHDS/WGBS/2025_intergen_BrCa_comethyl_George/comethyl_output/09a_me_trait_analysis/cov3_75pct/covMin10_methSD0p07/v1_all_pcs

==============================
Running ME-trait analysis for variant: v2_exclude_protected_pcs
==============================

[v2_exclude_protected_pcs] MEs dimensions: 173 samples x 45 modules
[getDendro] Clustering with bicor correlation as the distance
[v2_exclude_protected_pcs] Running bicor ME-trait correlations
[getMEtraitCor] Testing associations between module eigennodes and sample traits using bicor correlation
[getMEtraitCor] Saving file as /tmp/RtmpKwI0um/file31adb319c2abc5.tsv
[plotMEtraitCor] Plotting ME trait correlation heatmap
[plotMEtraitCor] Drawing module color bar with labels
[plotMEtraitCor] Saving plot as /quobyte/lasallegrp/projects/CHDS/WGBS/2025_intergen_BrCa_comethyl_George/comethyl_output/09a_me_trait_analysis/cov3_75pct/covMin10_methSD0p07/v2_exclude_protected_pcs/ME_Trait_Correlation_Heatmap_Bicor_FULL.pdf
[plotMEtraitCor] Plotting ME trait correlation heatmap
[plotMEtraitCor] Drawing module color bar with labels
[plotMEtraitCor] Saving plot as /quobyte/lasallegrp/projects/CHDS/WGBS/2025_intergen_BrCa_comethyl_George/comethyl_output/09a_me_trait_analysis/cov3_75pct/covMin10_methSD0p07/v2_exclude_protected_pcs/ME_Trait_Correlation_Heatmap_Bicor_TOP.pdf
✓ Finished variant: v2_exclude_protected_pcs
  Outputs in: /quobyte/lasallegrp/projects/CHDS/WGBS/2025_intergen_BrCa_comethyl_George/comethyl_output/09a_me_trait_analysis/cov3_75pct/covMin10_methSD0p07/v2_exclude_protected_pcs
Script 09a complete: core ME-trait finished
Outputs saved under:
  /quobyte/lasallegrp/projects/CHDS/WGBS/2025_intergen_BrCa_comethyl_George/comethyl_output/09a_me_trait_analysis/cov3_75pct/covMin10_methSD0p07
Starting Script 09b
Variants to process: 2

==============================
Running 09b for variant: v1_all_pcs
Output directory: /quobyte/lasallegrp/projects/CHDS/WGBS/2025_intergen_BrCa_comethyl_George/comethyl_output/09b_me_trait_presentation/cov3_75pct/covMin10_methSD0p07/v1_all_pcs
==============================

[getDendro] Clustering with bicor correlation as the distance
[plotMEtraitCor] Plotting ME trait correlation heatmap
[plotMEtraitCor] Drawing module color bar with labels
[plotMEtraitCor] Saving plot as /quobyte/lasallegrp/projects/CHDS/WGBS/2025_intergen_BrCa_comethyl_George/comethyl_output/09b_me_trait_presentation/cov3_75pct/covMin10_methSD0p07/v1_all_pcs/01_ids_and_batch_variables/ME_Trait_Heatmap_FULL.pdf
[plotMEtraitCor] Plotting ME trait correlation heatmap
[plotMEtraitCor] Drawing module color bar with labels
[plotMEtraitCor] Saving plot as /quobyte/lasallegrp/projects/CHDS/WGBS/2025_intergen_BrCa_comethyl_George/comethyl_output/09b_me_trait_presentation/cov3_75pct/covMin10_methSD0p07/v1_all_pcs/01_ids_and_batch_variables/ME_Trait_Heatmap_TOP.pdf
Done set '01_ids_and_batch_variables' for variant 'v1_all_pcs'
  Traits found: 2 / 4
  Output: /quobyte/lasallegrp/projects/CHDS/WGBS/2025_intergen_BrCa_comethyl_George/comethyl_output/09b_me_trait_presentation/cov3_75pct/covMin10_methSD0p07/v1_all_pcs/01_ids_and_batch_variables
[plotMEtraitCor] Plotting ME trait correlation heatmap
[plotMEtraitCor] Drawing module color bar with labels
[plotMEtraitCor] Saving plot as /quobyte/lasallegrp/projects/CHDS/WGBS/2025_intergen_BrCa_comethyl_George/comethyl_output/09b_me_trait_presentation/cov3_75pct/covMin10_methSD0p07/v1_all_pcs/03_body_size_outcomes_F1/ME_Trait_Heatmap_FULL.pdf
[plotMEtraitCor] Plotting ME trait correlation heatmap
[plotMEtraitCor] Drawing module color bar with labels
[plotMEtraitCor] Saving plot as /quobyte/lasallegrp/projects/CHDS/WGBS/2025_intergen_BrCa_comethyl_George/comethyl_output/09b_me_trait_presentation/cov3_75pct/covMin10_methSD0p07/v1_all_pcs/03_body_size_outcomes_F1/ME_Trait_Heatmap_TOP.pdf
Done set '03_body_size_outcomes_F1' for variant 'v1_all_pcs'
  Traits found: 7 / 9
  Output: /quobyte/lasallegrp/projects/CHDS/WGBS/2025_intergen_BrCa_comethyl_George/comethyl_output/09b_me_trait_presentation/cov3_75pct/covMin10_methSD0p07/v1_all_pcs/03_body_size_outcomes_F1
[plotMEtraitCor] Plotting ME trait correlation heatmap
[plotMEtraitCor] Drawing module color bar with labels
[plotMEtraitCor] Saving plot as /quobyte/lasallegrp/projects/CHDS/WGBS/2025_intergen_BrCa_comethyl_George/comethyl_output/09b_me_trait_presentation/cov3_75pct/covMin10_methSD0p07/v1_all_pcs/04_organochlorine_exposures_ddt_dde/ME_Trait_Heatmap_FULL.pdf
[plotMEtraitCor] Plotting ME trait correlation heatmap
[plotMEtraitCor] Drawing module color bar with labels
[plotMEtraitCor] Saving plot as /quobyte/lasallegrp/projects/CHDS/WGBS/2025_intergen_BrCa_comethyl_George/comethyl_output/09b_me_trait_presentation/cov3_75pct/covMin10_methSD0p07/v1_all_pcs/04_organochlorine_exposures_ddt_dde/ME_Trait_Heatmap_TOP.pdf
Done set '04_organochlorine_exposures_ddt_dde' for variant 'v1_all_pcs'
  Traits found: 24 / 24
  Output: /quobyte/lasallegrp/projects/CHDS/WGBS/2025_intergen_BrCa_comethyl_George/comethyl_output/09b_me_trait_presentation/cov3_75pct/covMin10_methSD0p07/v1_all_pcs/04_organochlorine_exposures_ddt_dde
[plotMEtraitCor] Plotting ME trait correlation heatmap
[plotMEtraitCor] Drawing module color bar with labels
[plotMEtraitCor] Saving plot as /quobyte/lasallegrp/projects/CHDS/WGBS/2025_intergen_BrCa_comethyl_George/comethyl_output/09b_me_trait_presentation/cov3_75pct/covMin10_methSD0p07/v1_all_pcs/05_neighborhood_context_ice_variables/ME_Trait_Heatmap_FULL.pdf
[plotMEtraitCor] Plotting ME trait correlation heatmap
[plotMEtraitCor] Drawing module color bar with labels
[plotMEtraitCor] Saving plot as /quobyte/lasallegrp/projects/CHDS/WGBS/2025_intergen_BrCa_comethyl_George/comethyl_output/09b_me_trait_presentation/cov3_75pct/covMin10_methSD0p07/v1_all_pcs/05_neighborhood_context_ice_variables/ME_Trait_Heatmap_TOP.pdf
Done set '05_neighborhood_context_ice_variables' for variant 'v1_all_pcs'
  Traits found: 23 / 23
  Output: /quobyte/lasallegrp/projects/CHDS/WGBS/2025_intergen_BrCa_comethyl_George/comethyl_output/09b_me_trait_presentation/cov3_75pct/covMin10_methSD0p07/v1_all_pcs/05_neighborhood_context_ice_variables
[plotMEtraitCor] Plotting ME trait correlation heatmap
[plotMEtraitCor] Drawing module color bar with labels
[plotMEtraitCor] Saving plot as /quobyte/lasallegrp/projects/CHDS/WGBS/2025_intergen_BrCa_comethyl_George/comethyl_output/09b_me_trait_presentation/cov3_75pct/covMin10_methSD0p07/v1_all_pcs/06_puberty_and_menarche_variables/ME_Trait_Heatmap_FULL.pdf
[plotMEtraitCor] Plotting ME trait correlation heatmap
[plotMEtraitCor] Drawing module color bar with labels
[plotMEtraitCor] Saving plot as /quobyte/lasallegrp/projects/CHDS/WGBS/2025_intergen_BrCa_comethyl_George/comethyl_output/09b_me_trait_presentation/cov3_75pct/covMin10_methSD0p07/v1_all_pcs/06_puberty_and_menarche_variables/ME_Trait_Heatmap_TOP.pdf
Done set '06_puberty_and_menarche_variables' for variant 'v1_all_pcs'
  Traits found: 5 / 5
  Output: /quobyte/lasallegrp/projects/CHDS/WGBS/2025_intergen_BrCa_comethyl_George/comethyl_output/09b_me_trait_presentation/cov3_75pct/covMin10_methSD0p07/v1_all_pcs/06_puberty_and_menarche_variables
[plotMEtraitCor] Plotting ME trait correlation heatmap
[plotMEtraitCor] Drawing module color bar with labels
[plotMEtraitCor] Saving plot as /quobyte/lasallegrp/projects/CHDS/WGBS/2025_intergen_BrCa_comethyl_George/comethyl_output/09b_me_trait_presentation/cov3_75pct/covMin10_methSD0p07/v1_all_pcs/07_breast_cancer_outcomes/ME_Trait_Heatmap_FULL.pdf
[plotMEtraitCor] Plotting ME trait correlation heatmap
[plotMEtraitCor] Drawing module color bar with labels
[plotMEtraitCor] Saving plot as /quobyte/lasallegrp/projects/CHDS/WGBS/2025_intergen_BrCa_comethyl_George/comethyl_output/09b_me_trait_presentation/cov3_75pct/covMin10_methSD0p07/v1_all_pcs/07_breast_cancer_outcomes/ME_Trait_Heatmap_TOP.pdf
Done set '07_breast_cancer_outcomes' for variant 'v1_all_pcs'
  Traits found: 2 / 2
  Output: /quobyte/lasallegrp/projects/CHDS/WGBS/2025_intergen_BrCa_comethyl_George/comethyl_output/09b_me_trait_presentation/cov3_75pct/covMin10_methSD0p07/v1_all_pcs/07_breast_cancer_outcomes
Finished variant: v1_all_pcs

==============================
Running 09b for variant: v2_exclude_protected_pcs
Output directory: /quobyte/lasallegrp/projects/CHDS/WGBS/2025_intergen_BrCa_comethyl_George/comethyl_output/09b_me_trait_presentation/cov3_75pct/covMin10_methSD0p07/v2_exclude_protected_pcs
==============================

[getDendro] Clustering with bicor correlation as the distance
[plotMEtraitCor] Plotting ME trait correlation heatmap
[plotMEtraitCor] Drawing module color bar with labels
[plotMEtraitCor] Saving plot as /quobyte/lasallegrp/projects/CHDS/WGBS/2025_intergen_BrCa_comethyl_George/comethyl_output/09b_me_trait_presentation/cov3_75pct/covMin10_methSD0p07/v2_exclude_protected_pcs/01_ids_and_batch_variables/ME_Trait_Heatmap_FULL.pdf
[plotMEtraitCor] Plotting ME trait correlation heatmap
[plotMEtraitCor] Drawing module color bar with labels
[plotMEtraitCor] Saving plot as /quobyte/lasallegrp/projects/CHDS/WGBS/2025_intergen_BrCa_comethyl_George/comethyl_output/09b_me_trait_presentation/cov3_75pct/covMin10_methSD0p07/v2_exclude_protected_pcs/01_ids_and_batch_variables/ME_Trait_Heatmap_TOP.pdf
Done set '01_ids_and_batch_variables' for variant 'v2_exclude_protected_pcs'
  Traits found: 2 / 4
  Output: /quobyte/lasallegrp/projects/CHDS/WGBS/2025_intergen_BrCa_comethyl_George/comethyl_output/09b_me_trait_presentation/cov3_75pct/covMin10_methSD0p07/v2_exclude_protected_pcs/01_ids_and_batch_variables
[plotMEtraitCor] Plotting ME trait correlation heatmap
[plotMEtraitCor] Drawing module color bar with labels
[plotMEtraitCor] Saving plot as /quobyte/lasallegrp/projects/CHDS/WGBS/2025_intergen_BrCa_comethyl_George/comethyl_output/09b_me_trait_presentation/cov3_75pct/covMin10_methSD0p07/v2_exclude_protected_pcs/03_body_size_outcomes_F1/ME_Trait_Heatmap_FULL.pdf
[plotMEtraitCor] Plotting ME trait correlation heatmap
[plotMEtraitCor] Drawing module color bar with labels
[plotMEtraitCor] Saving plot as /quobyte/lasallegrp/projects/CHDS/WGBS/2025_intergen_BrCa_comethyl_George/comethyl_output/09b_me_trait_presentation/cov3_75pct/covMin10_methSD0p07/v2_exclude_protected_pcs/03_body_size_outcomes_F1/ME_Trait_Heatmap_TOP.pdf
Done set '03_body_size_outcomes_F1' for variant 'v2_exclude_protected_pcs'
  Traits found: 7 / 9
  Output: /quobyte/lasallegrp/projects/CHDS/WGBS/2025_intergen_BrCa_comethyl_George/comethyl_output/09b_me_trait_presentation/cov3_75pct/covMin10_methSD0p07/v2_exclude_protected_pcs/03_body_size_outcomes_F1
[plotMEtraitCor] Plotting ME trait correlation heatmap
[plotMEtraitCor] Drawing module color bar with labels
[plotMEtraitCor] Saving plot as /quobyte/lasallegrp/projects/CHDS/WGBS/2025_intergen_BrCa_comethyl_George/comethyl_output/09b_me_trait_presentation/cov3_75pct/covMin10_methSD0p07/v2_exclude_protected_pcs/04_organochlorine_exposures_ddt_dde/ME_Trait_Heatmap_FULL.pdf
[plotMEtraitCor] Plotting ME trait correlation heatmap
[plotMEtraitCor] Drawing module color bar with labels
[plotMEtraitCor] Saving plot as /quobyte/lasallegrp/projects/CHDS/WGBS/2025_intergen_BrCa_comethyl_George/comethyl_output/09b_me_trait_presentation/cov3_75pct/covMin10_methSD0p07/v2_exclude_protected_pcs/04_organochlorine_exposures_ddt_dde/ME_Trait_Heatmap_TOP.pdf
Done set '04_organochlorine_exposures_ddt_dde' for variant 'v2_exclude_protected_pcs'
  Traits found: 24 / 24
  Output: /quobyte/lasallegrp/projects/CHDS/WGBS/2025_intergen_BrCa_comethyl_George/comethyl_output/09b_me_trait_presentation/cov3_75pct/covMin10_methSD0p07/v2_exclude_protected_pcs/04_organochlorine_exposures_ddt_dde
[plotMEtraitCor] Plotting ME trait correlation heatmap
[plotMEtraitCor] Drawing module color bar with labels
[plotMEtraitCor] Saving plot as /quobyte/lasallegrp/projects/CHDS/WGBS/2025_intergen_BrCa_comethyl_George/comethyl_output/09b_me_trait_presentation/cov3_75pct/covMin10_methSD0p07/v2_exclude_protected_pcs/05_neighborhood_context_ice_variables/ME_Trait_Heatmap_FULL.pdf
[plotMEtraitCor] Plotting ME trait correlation heatmap
[plotMEtraitCor] Drawing module color bar with labels
[plotMEtraitCor] Saving plot as /quobyte/lasallegrp/projects/CHDS/WGBS/2025_intergen_BrCa_comethyl_George/comethyl_output/09b_me_trait_presentation/cov3_75pct/covMin10_methSD0p07/v2_exclude_protected_pcs/05_neighborhood_context_ice_variables/ME_Trait_Heatmap_TOP.pdf
Done set '05_neighborhood_context_ice_variables' for variant 'v2_exclude_protected_pcs'
  Traits found: 23 / 23
  Output: /quobyte/lasallegrp/projects/CHDS/WGBS/2025_intergen_BrCa_comethyl_George/comethyl_output/09b_me_trait_presentation/cov3_75pct/covMin10_methSD0p07/v2_exclude_protected_pcs/05_neighborhood_context_ice_variables
[plotMEtraitCor] Plotting ME trait correlation heatmap
[plotMEtraitCor] Drawing module color bar with labels
[plotMEtraitCor] Saving plot as /quobyte/lasallegrp/projects/CHDS/WGBS/2025_intergen_BrCa_comethyl_George/comethyl_output/09b_me_trait_presentation/cov3_75pct/covMin10_methSD0p07/v2_exclude_protected_pcs/06_puberty_and_menarche_variables/ME_Trait_Heatmap_FULL.pdf
[plotMEtraitCor] Plotting ME trait correlation heatmap
[plotMEtraitCor] Drawing module color bar with labels
[plotMEtraitCor] Saving plot as /quobyte/lasallegrp/projects/CHDS/WGBS/2025_intergen_BrCa_comethyl_George/comethyl_output/09b_me_trait_presentation/cov3_75pct/covMin10_methSD0p07/v2_exclude_protected_pcs/06_puberty_and_menarche_variables/ME_Trait_Heatmap_TOP.pdf
Done set '06_puberty_and_menarche_variables' for variant 'v2_exclude_protected_pcs'
  Traits found: 5 / 5
  Output: /quobyte/lasallegrp/projects/CHDS/WGBS/2025_intergen_BrCa_comethyl_George/comethyl_output/09b_me_trait_presentation/cov3_75pct/covMin10_methSD0p07/v2_exclude_protected_pcs/06_puberty_and_menarche_variables
[plotMEtraitCor] Plotting ME trait correlation heatmap
[plotMEtraitCor] Drawing module color bar with labels
[plotMEtraitCor] Saving plot as /quobyte/lasallegrp/projects/CHDS/WGBS/2025_intergen_BrCa_comethyl_George/comethyl_output/09b_me_trait_presentation/cov3_75pct/covMin10_methSD0p07/v2_exclude_protected_pcs/07_breast_cancer_outcomes/ME_Trait_Heatmap_FULL.pdf
[plotMEtraitCor] Plotting ME trait correlation heatmap
[plotMEtraitCor] Drawing module color bar with labels
[plotMEtraitCor] Saving plot as /quobyte/lasallegrp/projects/CHDS/WGBS/2025_intergen_BrCa_comethyl_George/comethyl_output/09b_me_trait_presentation/cov3_75pct/covMin10_methSD0p07/v2_exclude_protected_pcs/07_breast_cancer_outcomes/ME_Trait_Heatmap_TOP.pdf
Done set '07_breast_cancer_outcomes' for variant 'v2_exclude_protected_pcs'
  Traits found: 2 / 2
  Output: /quobyte/lasallegrp/projects/CHDS/WGBS/2025_intergen_BrCa_comethyl_George/comethyl_output/09b_me_trait_presentation/cov3_75pct/covMin10_methSD0p07/v2_exclude_protected_pcs/07_breast_cancer_outcomes
Finished variant: v2_exclude_protected_pcs
Script 09a complete: Presentation ME-trait finished
Outputs saved under: /quobyte/lasallegrp/projects/CHDS/WGBS/2025_intergen_BrCa_comethyl_George/comethyl_output/09b_me_trait_presentation
Starting Script 10
Output directory: /quobyte/lasallegrp/projects/CHDS/WGBS/2025_intergen_BrCa_comethyl_George/comethyl_output/10_circos_and_module_summaries/cov3_75pct/covMin10_methSD0p07

==============================
Running circos/module summaries for variant: v1_all_pcs
==============================

✓ Finished variant: v1_all_pcs
  Outputs in: /quobyte/lasallegrp/projects/CHDS/WGBS/2025_intergen_BrCa_comethyl_George/comethyl_output/10_circos_and_module_summaries/cov3_75pct/covMin10_methSD0p07/v1_all_pcs

==============================
Running circos/module summaries for variant: v2_exclude_protected_pcs
==============================

✓ Finished variant: v2_exclude_protected_pcs
  Outputs in: /quobyte/lasallegrp/projects/CHDS/WGBS/2025_intergen_BrCa_comethyl_George/comethyl_output/10_circos_and_module_summaries/cov3_75pct/covMin10_methSD0p07/v2_exclude_protected_pcs
Warning messages:
1: Use of .data in tidyselect expressions was deprecated in tidyselect 1.2.0.
ℹ Please use `"chr"` instead of `.data$chr` 
2: Use of .data in tidyselect expressions was deprecated in tidyselect 1.2.0.
ℹ Please use `"start"` instead of `.data$start` 
3: Use of .data in tidyselect expressions was deprecated in tidyselect 1.2.0.
ℹ Please use `"end"` instead of `.data$end` 
4: Use of .data in tidyselect expressions was deprecated in tidyselect 1.2.0.
ℹ Please use `"module"` instead of `.data$module` 
Script 10 complete: Circos plots finished
Outputs saved under:
  /quobyte/lasallegrp/projects/CHDS/WGBS/2025_intergen_BrCa_comethyl_George/comethyl_output/10_circos_and_module_summaries/cov3_75pct/covMin10_methSD0p07
Starting Script 11
Output directory: /quobyte/lasallegrp/projects/CHDS/WGBS/2025_intergen_BrCa_comethyl_George/comethyl_output/11_me_trait_pair_plots/cov3_75pct/covMin10_methSD0p07/v1_all_pcs
[readSampleInfo] Reading sample info: /quobyte/lasallegrp/projects/CHDS/WGBS/2025_intergen_BrCa_comethyl_George/data/metadata/Intergen173.xlsx
[readSampleInfo] No sample_id_col provided; using existing rownames.
[readSampleInfo] First 6 rownames used as sample IDs:
Samples in common: 173
Modules available: 5
Traits available: 46
[01_ids_and_batch_variables] Pairs to plot: 1
✓ Done set: 01_ids_and_batch_variables
  Output: /quobyte/lasallegrp/projects/CHDS/WGBS/2025_intergen_BrCa_comethyl_George/comethyl_output/11_me_trait_pair_plots/cov3_75pct/covMin10_methSD0p07/v1_all_pcs/01_ids_and_batch_variables
[03_body_size_outcomes_F1] Pairs to plot: 3
✓ Done set: 03_body_size_outcomes_F1
  Output: /quobyte/lasallegrp/projects/CHDS/WGBS/2025_intergen_BrCa_comethyl_George/comethyl_output/11_me_trait_pair_plots/cov3_75pct/covMin10_methSD0p07/v1_all_pcs/03_body_size_outcomes_F1
[04_organochlorine_exposures_ddt_dde] Pairs to plot: 7
✓ Done set: 04_organochlorine_exposures_ddt_dde
  Output: /quobyte/lasallegrp/projects/CHDS/WGBS/2025_intergen_BrCa_comethyl_George/comethyl_output/11_me_trait_pair_plots/cov3_75pct/covMin10_methSD0p07/v1_all_pcs/04_organochlorine_exposures_ddt_dde
[05_neighborhood_context_ice_variables] Pairs to plot: 7
✓ Done set: 05_neighborhood_context_ice_variables
  Output: /quobyte/lasallegrp/projects/CHDS/WGBS/2025_intergen_BrCa_comethyl_George/comethyl_output/11_me_trait_pair_plots/cov3_75pct/covMin10_methSD0p07/v1_all_pcs/05_neighborhood_context_ice_variables
[06_puberty_and_menarche_variables] Pairs to plot: 2
✓ Done set: 06_puberty_and_menarche_variables
  Output: /quobyte/lasallegrp/projects/CHDS/WGBS/2025_intergen_BrCa_comethyl_George/comethyl_output/11_me_trait_pair_plots/cov3_75pct/covMin10_methSD0p07/v1_all_pcs/06_puberty_and_menarche_variables
Skipping set 07_breast_cancer_outcomes: no module-trait pairs left after filtering.
Script 10 complete: ME-trait pair plots finished
Outputs saved under:
  /quobyte/lasallegrp/projects/CHDS/WGBS/2025_intergen_BrCa_comethyl_George/comethyl_output/11_me_trait_pair_plots/cov3_75pct/covMin10_methSD0p07/v1_all_pcs
Starting Script 11
Output directory: /quobyte/lasallegrp/projects/CHDS/WGBS/2025_intergen_BrCa_comethyl_George/comethyl_output/11_me_trait_pair_plots/cov3_75pct/covMin10_methSD0p07/v2_exclude_protected_pcs
[readSampleInfo] Reading sample info: /quobyte/lasallegrp/projects/CHDS/WGBS/2025_intergen_BrCa_comethyl_George/data/metadata/Intergen173.xlsx
[readSampleInfo] No sample_id_col provided; using existing rownames.
[readSampleInfo] First 6 rownames used as sample IDs:
Samples in common: 173
Modules available: 45
Traits available: 46
[01_ids_and_batch_variables] Pairs to plot: 6
✓ Done set: 01_ids_and_batch_variables
  Output: /quobyte/lasallegrp/projects/CHDS/WGBS/2025_intergen_BrCa_comethyl_George/comethyl_output/11_me_trait_pair_plots/cov3_75pct/covMin10_methSD0p07/v2_exclude_protected_pcs/01_ids_and_batch_variables
[03_body_size_outcomes_F1] Pairs to plot: 27
✓ Done set: 03_body_size_outcomes_F1
  Output: /quobyte/lasallegrp/projects/CHDS/WGBS/2025_intergen_BrCa_comethyl_George/comethyl_output/11_me_trait_pair_plots/cov3_75pct/covMin10_methSD0p07/v2_exclude_protected_pcs/03_body_size_outcomes_F1
[04_organochlorine_exposures_ddt_dde] Pairs to plot: 50
✓ Done set: 04_organochlorine_exposures_ddt_dde
  Output: /quobyte/lasallegrp/projects/CHDS/WGBS/2025_intergen_BrCa_comethyl_George/comethyl_output/11_me_trait_pair_plots/cov3_75pct/covMin10_methSD0p07/v2_exclude_protected_pcs/04_organochlorine_exposures_ddt_dde
[05_neighborhood_context_ice_variables] Pairs to plot: 50
✓ Done set: 05_neighborhood_context_ice_variables
  Output: /quobyte/lasallegrp/projects/CHDS/WGBS/2025_intergen_BrCa_comethyl_George/comethyl_output/11_me_trait_pair_plots/cov3_75pct/covMin10_methSD0p07/v2_exclude_protected_pcs/05_neighborhood_context_ice_variables
[06_puberty_and_menarche_variables] Pairs to plot: 23
✓ Done set: 06_puberty_and_menarche_variables
  Output: /quobyte/lasallegrp/projects/CHDS/WGBS/2025_intergen_BrCa_comethyl_George/comethyl_output/11_me_trait_pair_plots/cov3_75pct/covMin10_methSD0p07/v2_exclude_protected_pcs/06_puberty_and_menarche_variables
[07_breast_cancer_outcomes] Pairs to plot: 3
✓ Done set: 07_breast_cancer_outcomes
  Output: /quobyte/lasallegrp/projects/CHDS/WGBS/2025_intergen_BrCa_comethyl_George/comethyl_output/11_me_trait_pair_plots/cov3_75pct/covMin10_methSD0p07/v2_exclude_protected_pcs/07_breast_cancer_outcomes
There were 50 or more warnings (use warnings() to see the first 50)
Script 10 complete: ME-trait pair plots finished
Outputs saved under:
  /quobyte/lasallegrp/projects/CHDS/WGBS/2025_intergen_BrCa_comethyl_George/comethyl_output/11_me_trait_pair_plots/cov3_75pct/covMin10_methSD0p07/v2_exclude_protected_pcs
Starting Script 12a
[annotate] Trying comethyl::annotateModule()
[annotateModule] Excluding regions in grey (unassigned) module
[annotateModule] Using the hg38 genome assembly for annotations
[annotateModule] Adding genes to regions using GREAT v4.0.4 with the basalPlusExt rule
[annotate] GREAT-based annotation failed: error in evaluating the argument 'y' in selecting a method for function 'merge': error in evaluating the argument 'x' in selecting a method for function 'as.data.frame': unused argument (type = 1)
[annotate] Falling back to offline nearest-gene annotation.
[offline] Using TxDb.Hsapiens.UCSC.hg38.knownGene
  2135 genes were dropped because they have exons located on both strands
  of the same reference sequence or on more than one reference sequence,
  so cannot be represented by a single genomic range.
  Use 'single.strand.genes.only=FALSE' to get all the genes in a
  GRangesList object, or use suppressMessages() to suppress this message.
'select()' returned 1:1 mapping between keys and columns
[annotate] Trying comethyl::annotateModule()
[annotateModule] Excluding regions in grey (unassigned) module
[annotateModule] Using the hg38 genome assembly for annotations
[annotateModule] Adding genes to regions using GREAT v4.0.4 with the basalPlusExt rule
[annotate] GREAT-based annotation failed: GREAT encountered a user error (message from GREAT web server):
Line 127989: The second field (chromStart) must be a non-negative
integer (not 1.3e+07). Input data: 'chr16 1.3e+07 13000205
/chr16:1.3e+07-13000205'
[annotate] Falling back to offline nearest-gene annotation.
[offline] Using TxDb.Hsapiens.UCSC.hg38.knownGene
  2135 genes were dropped because they have exons located on both strands
  of the same reference sequence or on more than one reference sequence,
  so cannot be represented by a single genomic range.
  Use 'single.strand.genes.only=FALSE' to get all the genes in a
  GRangesList object, or use suppressMessages() to suppress this message.
'select()' returned 1:1 mapping between keys and columns
Script 12a complete: Annotate Modules finished
Starting Script 12b

--- Enriching module: blue (2 genes) ---
[blue] KEGG...
[KEGG] Done: 1 pathways saved
[blue] GO...
[GO BP] Done: 54 terms saved
[GO MF] Done: 24 terms saved
[GO CC] Done: 12 terms saved
[blue] Reactome...
[Reactome] ReactomePA not installed; skipping. Install with: BiocManager::install('ReactomePA')
[blue] Enrichr...
[foreground] input n=2 -> cleaned unique n=2
[foreground] invalid-format count=0
[Enrichr] Attempt 1 of 5 for: blue
[Enrichr] Saved: blue_enrichr.xlsx

--- Enriching module: brown (6 genes) ---
[brown] KEGG...
[KEGG] Done: 5 pathways saved
[brown] GO...
[GO BP] Done: 8 terms saved
[GO MF] Done: 9 terms saved
[brown] Reactome...
[Reactome] ReactomePA not installed; skipping. Install with: BiocManager::install('ReactomePA')
[brown] Enrichr...
[foreground] input n=6 -> cleaned unique n=6
[foreground] invalid-format count=0
[Enrichr] Attempt 1 of 5 for: brown
[Enrichr] Saved: brown_enrichr.xlsx

--- Enriching module: turquoise (9 genes) ---
[turquoise] KEGG...
[turquoise] GO...
[turquoise] Reactome...
[Reactome] ReactomePA not installed; skipping. Install with: BiocManager::install('ReactomePA')
[turquoise] Enrichr...
[foreground] input n=9 -> cleaned unique n=9
[foreground] invalid-format count=0
[Enrichr] Attempt 1 of 5 for: turquoise

--- Summary plots (pvalue) ---
[plot] Saved: Summary_KEGG_top10_pvalue0.05.pdf
[plot] Saved: Summary_GO_BP_top10_pvalue0.05.pdf
[plot] Saved: Summary_GO_MF_top10_pvalue0.05.pdf
[plot] Saved: Summary_GO_CC_top10_pvalue0.05.pdf
[plot] No data to plot for: Top Reactome Pathways per Module
[plot] Saved: Summary_Enrichr_GO_Biological_Process_2025_top10_pvalue0.05.pdf
[plot] Saved: Summary_Enrichr_GO_Molecular_Function_2025_top10_pvalue0.05.pdf
[plot] Saved: Summary_Enrichr_GO_Cellular_Component_2025_top10_pvalue0.05.pdf
[plot] Saved: Summary_Enrichr_KEGG_2021_Human_top10_pvalue0.05.pdf
[plot] Saved: Summary_Enrichr_GWAS_Catalog_2025_top10_pvalue0.05.pdf
[plot] Saved: Summary_Enrichr_ClinVar_2025_top10_pvalue0.05.pdf
There were 50 or more warnings (use warnings() to see the first 50)

--- Enriching module: darkmagenta (20 genes) ---
[darkmagenta] KEGG...
[KEGG] Done: 12 pathways saved
[darkmagenta] GO...
[GO BP] Done: 267 terms saved
[GO MF] Done: 37 terms saved
[GO CC] Done: 20 terms saved
[darkmagenta] Reactome...
[Reactome] ReactomePA not installed; skipping. Install with: BiocManager::install('ReactomePA')
[darkmagenta] Enrichr...
[foreground] input n=20 -> cleaned unique n=20
[foreground] invalid-format count=0
[Enrichr] Attempt 1 of 5 for: darkmagenta
[Enrichr] Saved: darkmagenta_enrichr.xlsx

--- Enriching module: plum1 (8 genes) ---
[plum1] KEGG...
[KEGG] Done: 14 pathways saved
[plum1] GO...
[GO BP] Done: 87 terms saved
[GO MF] Done: 26 terms saved
[GO CC] Done: 12 terms saved
[plum1] Reactome...
[Reactome] ReactomePA not installed; skipping. Install with: BiocManager::install('ReactomePA')
[plum1] Enrichr...
[foreground] input n=8 -> cleaned unique n=8
[foreground] invalid-format count=0
[Enrichr] Attempt 1 of 5 for: plum1
[Enrichr] Saved: plum1_enrichr.xlsx

--- Enriching module: violet (9 genes) ---
[violet] KEGG...
[violet] GO...
[GO BP] Done: 10 terms saved
[GO MF] Done: 6 terms saved
[GO CC] Done: 8 terms saved
[violet] Reactome...
[Reactome] ReactomePA not installed; skipping. Install with: BiocManager::install('ReactomePA')
[violet] Enrichr...
[foreground] input n=9 -> cleaned unique n=9
[foreground] invalid-format count=0
[Enrichr] Attempt 1 of 5 for: violet
[Enrichr] Saved: violet_enrichr.xlsx

--- Enriching module: yellowgreen (31 genes) ---
[yellowgreen] KEGG...
[KEGG] Done: 45 pathways saved
[yellowgreen] GO...
[GO BP] Done: 526 terms saved
[GO MF] Done: 69 terms saved
[GO CC] Done: 57 terms saved
[yellowgreen] Reactome...
[Reactome] ReactomePA not installed; skipping. Install with: BiocManager::install('ReactomePA')
[yellowgreen] Enrichr...
[foreground] input n=31 -> cleaned unique n=31
[foreground] invalid-format count=0
[Enrichr] Attempt 1 of 5 for: yellowgreen
[Enrichr] Saved: yellowgreen_enrichr.xlsx

--- Enriching module: darkorange (34 genes) ---
[darkorange] KEGG...
[KEGG] Done: 17 pathways saved
[darkorange] GO...
[GO BP] Done: 356 terms saved
[GO MF] Done: 59 terms saved
[GO CC] Done: 79 terms saved
[darkorange] Reactome...
[Reactome] ReactomePA not installed; skipping. Install with: BiocManager::install('ReactomePA')
[darkorange] Enrichr...
[foreground] input n=34 -> cleaned unique n=34
[foreground] invalid-format count=0
[Enrichr] Attempt 1 of 5 for: darkorange
[Enrichr] Saved: darkorange_enrichr.xlsx

--- Enriching module: lightcyan (20 genes) ---
[lightcyan] KEGG...
[KEGG] Done: 3 pathways saved
[lightcyan] GO...
[GO BP] Done: 167 terms saved
[GO MF] Done: 16 terms saved
[GO CC] Done: 25 terms saved
[lightcyan] Reactome...
[Reactome] ReactomePA not installed; skipping. Install with: BiocManager::install('ReactomePA')
[lightcyan] Enrichr...
[foreground] input n=20 -> cleaned unique n=20
[foreground] invalid-format count=0
[Enrichr] Attempt 1 of 5 for: lightcyan
[Enrichr] Saved: lightcyan_enrichr.xlsx

--- Enriching module: midnightblue (47 genes) ---
[midnightblue] KEGG...
[KEGG] Done: 37 pathways saved
[midnightblue] GO...
[GO BP] Done: 547 terms saved
[GO MF] Done: 98 terms saved
[GO CC] Done: 86 terms saved
[midnightblue] Reactome...
[Reactome] ReactomePA not installed; skipping. Install with: BiocManager::install('ReactomePA')
[midnightblue] Enrichr...
[foreground] input n=47 -> cleaned unique n=47
[foreground] invalid-format count=0
[Enrichr] Attempt 1 of 5 for: midnightblue
[Enrichr] Saved: midnightblue_enrichr.xlsx

--- Enriching module: magenta (236 genes) ---
[magenta] KEGG...
[KEGG] Done: 127 pathways saved
[magenta] GO...
[GO BP] Done: 2111 terms saved
[GO MF] Done: 283 terms saved
[GO CC] Done: 219 terms saved
[magenta] Reactome...
[Reactome] ReactomePA not installed; skipping. Install with: BiocManager::install('ReactomePA')
[magenta] Enrichr...
[foreground] input n=236 -> cleaned unique n=236
[foreground] invalid-format count=0
[Enrichr] Attempt 1 of 5 for: magenta
[Enrichr] Saved: magenta_enrichr.xlsx

--- Enriching module: pink (295 genes) ---
[pink] KEGG...
[KEGG] Done: 190 pathways saved
[pink] GO...
[GO BP] Done: 2372 terms saved
[GO MF] Done: 368 terms saved
[GO CC] Done: 253 terms saved
[pink] Reactome...
[Reactome] ReactomePA not installed; skipping. Install with: BiocManager::install('ReactomePA')
[pink] Enrichr...
[foreground] input n=295 -> cleaned unique n=295
[foreground] invalid-format count=0
[Enrichr] Attempt 1 of 5 for: pink
[Enrichr] Saved: pink_enrichr.xlsx

--- Enriching module: red (368 genes) ---
[red] KEGG...
[KEGG] Done: 205 pathways saved
[red] GO...
[GO BP] Done: 2678 terms saved
[GO MF] Done: 413 terms saved
[GO CC] Done: 288 terms saved
[red] Reactome...
[Reactome] ReactomePA not installed; skipping. Install with: BiocManager::install('ReactomePA')
[red] Enrichr...
[foreground] input n=368 -> cleaned unique n=368
[foreground] invalid-format count=0
[Enrichr] Attempt 1 of 5 for: red
[Enrichr] Saved: red_enrichr.xlsx

--- Enriching module: floralwhite (1 genes) ---
[floralwhite] KEGG...
[floralwhite] GO...
[floralwhite] Reactome...
[Reactome] ReactomePA not installed; skipping. Install with: BiocManager::install('ReactomePA')
[floralwhite] Enrichr...
[foreground] input n=1 -> cleaned unique n=1
[foreground] invalid-format count=0
[Enrichr] Attempt 1 of 5 for: floralwhite

--- Enriching module: brown (8241 genes) ---
[brown] KEGG...
[KEGG] Done: 351 pathways saved
[brown] GO...
[GO BP] Done: 6324 terms saved
[GO MF] Done: 1236 terms saved
[GO CC] Done: 736 terms saved
[brown] Reactome...
[Reactome] ReactomePA not installed; skipping. Install with: BiocManager::install('ReactomePA')
[brown] Enrichr...
[foreground] input n=8241 -> cleaned unique n=8241
[foreground] invalid-format count=0
[Enrichr] Attempt 1 of 5 for: brown
[Enrichr] Saved: brown_enrichr.xlsx

--- Enriching module: ivory (4 genes) ---
[ivory] KEGG...
[KEGG] Done: 9 pathways saved
[ivory] GO...
[GO BP] Done: 80 terms saved
[GO MF] Done: 15 terms saved
[GO CC] Done: 15 terms saved
[ivory] Reactome...
[Reactome] ReactomePA not installed; skipping. Install with: BiocManager::install('ReactomePA')
[ivory] Enrichr...
[foreground] input n=4 -> cleaned unique n=4
[foreground] invalid-format count=0
[Enrichr] Attempt 1 of 5 for: ivory
[Enrichr] Saved: ivory_enrichr.xlsx

--- Enriching module: turquoise (13148 genes) ---
[turquoise] KEGG...
[KEGG] Done: 351 pathways saved
[turquoise] GO...
[GO BP] Done: 6370 terms saved
[GO MF] Done: 1254 terms saved
[GO CC] Done: 755 terms saved
[turquoise] Reactome...
[Reactome] ReactomePA not installed; skipping. Install with: BiocManager::install('ReactomePA')
[turquoise] Enrichr...
[foreground] input n=13148 -> cleaned unique n=13148
[foreground] invalid-format count=0
[Enrichr] Attempt 1 of 5 for: turquoise
[Enrichr] Saved: turquoise_enrichr.xlsx

--- Enriching module: royalblue (23 genes) ---
[royalblue] KEGG...
[KEGG] Done: 11 pathways saved
[royalblue] GO...
[GO BP] Done: 297 terms saved
[GO MF] Done: 72 terms saved
[GO CC] Done: 22 terms saved
[royalblue] Reactome...
[Reactome] ReactomePA not installed; skipping. Install with: BiocManager::install('ReactomePA')
[royalblue] Enrichr...
[foreground] input n=23 -> cleaned unique n=23
[foreground] invalid-format count=0
[Enrichr] Attempt 1 of 5 for: royalblue
[Enrichr] Saved: royalblue_enrichr.xlsx

--- Enriching module: white (17 genes) ---
[white] KEGG...
[KEGG] Done: 3 pathways saved
[white] GO...
[GO BP] Done: 185 terms saved
[GO MF] Done: 20 terms saved
[GO CC] Done: 5 terms saved
[white] Reactome...
[Reactome] ReactomePA not installed; skipping. Install with: BiocManager::install('ReactomePA')
[white] Enrichr...
[foreground] input n=17 -> cleaned unique n=17
[foreground] invalid-format count=0
[Enrichr] Attempt 1 of 5 for: white
[Enrichr] Saved: white_enrichr.xlsx

--- Enriching module: mediumpurple3 (10 genes) ---
[mediumpurple3] KEGG...
[KEGG] Done: 2 pathways saved
[mediumpurple3] GO...
[GO BP] Done: 104 terms saved
[GO MF] Done: 31 terms saved
[GO CC] Done: 22 terms saved
[mediumpurple3] Reactome...
[Reactome] ReactomePA not installed; skipping. Install with: BiocManager::install('ReactomePA')
[mediumpurple3] Enrichr...
[foreground] input n=10 -> cleaned unique n=10
[foreground] invalid-format count=0
[Enrichr] Attempt 1 of 5 for: mediumpurple3
[Enrichr] Saved: mediumpurple3_enrichr.xlsx

--- Enriching module: steelblue (18 genes) ---
[steelblue] KEGG...
[KEGG] Done: 16 pathways saved
[steelblue] GO...
[GO BP] Done: 134 terms saved
[GO MF] Done: 28 terms saved
[GO CC] Done: 23 terms saved
[steelblue] Reactome...
[Reactome] ReactomePA not installed; skipping. Install with: BiocManager::install('ReactomePA')
[steelblue] Enrichr...
[foreground] input n=18 -> cleaned unique n=18
[foreground] invalid-format count=0
[Enrichr] Attempt 1 of 5 for: steelblue
[Enrichr] Saved: steelblue_enrichr.xlsx

--- Enriching module: sienna3 (12 genes) ---
[sienna3] KEGG...
[KEGG] Done: 14 pathways saved
[sienna3] GO...
[GO BP] Done: 281 terms saved
[GO MF] Done: 41 terms saved
[GO CC] Done: 64 terms saved
[sienna3] Reactome...
[Reactome] ReactomePA not installed; skipping. Install with: BiocManager::install('ReactomePA')
[sienna3] Enrichr...
[foreground] input n=12 -> cleaned unique n=12
[foreground] invalid-format count=0
[Enrichr] Attempt 1 of 5 for: sienna3
[Enrichr] Saved: sienna3_enrichr.xlsx

--- Enriching module: darkturquoise (25 genes) ---
[darkturquoise] KEGG...
[KEGG] Done: 13 pathways saved
[darkturquoise] GO...
[GO BP] Done: 295 terms saved
[GO MF] Done: 47 terms saved
[GO CC] Done: 38 terms saved
[darkturquoise] Reactome...
[Reactome] ReactomePA not installed; skipping. Install with: BiocManager::install('ReactomePA')
[darkturquoise] Enrichr...
[foreground] input n=25 -> cleaned unique n=25
[foreground] invalid-format count=0
[Enrichr] Attempt 1 of 5 for: darkturquoise
[Enrichr] Saved: darkturquoise_enrichr.xlsx

--- Enriching module: greenyellow (45 genes) ---
[greenyellow] KEGG...
[KEGG] Done: 18 pathways saved
[greenyellow] GO...
[GO BP] Done: 473 terms saved
[GO MF] Done: 77 terms saved
[GO CC] Done: 78 terms saved
[greenyellow] Reactome...
[Reactome] ReactomePA not installed; skipping. Install with: BiocManager::install('ReactomePA')
[greenyellow] Enrichr...
[foreground] input n=45 -> cleaned unique n=45
[foreground] invalid-format count=0
[Enrichr] Attempt 1 of 5 for: greenyellow
[Enrichr] Saved: greenyellow_enrichr.xlsx

--- Enriching module: darkred (10 genes) ---
[darkred] KEGG...
[KEGG] Done: 3 pathways saved
[darkred] GO...
[GO BP] Done: 123 terms saved
[GO MF] Done: 33 terms saved
[GO CC] Done: 25 terms saved
[darkred] Reactome...
[Reactome] ReactomePA not installed; skipping. Install with: BiocManager::install('ReactomePA')
[darkred] Enrichr...
[foreground] input n=10 -> cleaned unique n=10
[foreground] invalid-format count=0
[Enrichr] Attempt 1 of 5 for: darkred
[Enrichr] Saved: darkred_enrichr.xlsx

--- Enriching module: tan (63 genes) ---
[tan] KEGG...
[KEGG] Done: 104 pathways saved
[tan] GO...
[GO BP] Done: 797 terms saved
[GO MF] Done: 121 terms saved
[GO CC] Done: 91 terms saved
[tan] Reactome...
[Reactome] ReactomePA not installed; skipping. Install with: BiocManager::install('ReactomePA')
[tan] Enrichr...
[foreground] input n=63 -> cleaned unique n=63
[foreground] invalid-format count=0
[Enrichr] Attempt 1 of 5 for: tan
[Enrichr] Saved: tan_enrichr.xlsx

--- Enriching module: saddlebrown (25 genes) ---
[saddlebrown] KEGG...
[KEGG] Done: 1 pathways saved
[saddlebrown] GO...
[GO BP] Done: 68 terms saved
[GO MF] Done: 15 terms saved
[GO CC] Done: 16 terms saved
[saddlebrown] Reactome...
[Reactome] ReactomePA not installed; skipping. Install with: BiocManager::install('ReactomePA')
[saddlebrown] Enrichr...
[foreground] input n=25 -> cleaned unique n=25
[foreground] invalid-format count=0
[Enrichr] Attempt 1 of 5 for: saddlebrown
[Enrichr] Saved: saddlebrown_enrichr.xlsx

--- Enriching module: lightsteelblue1 (12 genes) ---
[lightsteelblue1] KEGG...
[KEGG] Done: 3 pathways saved
[lightsteelblue1] GO...
[GO BP] Done: 78 terms saved
[GO MF] Done: 13 terms saved
[GO CC] Done: 10 terms saved
[lightsteelblue1] Reactome...
[Reactome] ReactomePA not installed; skipping. Install with: BiocManager::install('ReactomePA')
[lightsteelblue1] Enrichr...
[foreground] input n=12 -> cleaned unique n=12
[foreground] invalid-format count=0
[Enrichr] Attempt 1 of 5 for: lightsteelblue1
[Enrichr] Saved: lightsteelblue1_enrichr.xlsx

--- Enriching module: lightyellow (21 genes) ---
[lightyellow] KEGG...
[KEGG] Done: 16 pathways saved
[lightyellow] GO...
[GO BP] Done: 268 terms saved
[GO MF] Done: 56 terms saved
[GO CC] Done: 24 terms saved
[lightyellow] Reactome...
[Reactome] ReactomePA not installed; skipping. Install with: BiocManager::install('ReactomePA')
[lightyellow] Enrichr...
[foreground] input n=21 -> cleaned unique n=21
[foreground] invalid-format count=0
[Enrichr] Attempt 1 of 5 for: lightyellow
[Enrichr] Saved: lightyellow_enrichr.xlsx

--- Enriching module: skyblue (33 genes) ---
[skyblue] KEGG...
[KEGG] Done: 21 pathways saved
[skyblue] GO...
[GO BP] Done: 559 terms saved
[GO MF] Done: 71 terms saved
[GO CC] Done: 55 terms saved
[skyblue] Reactome...
[Reactome] ReactomePA not installed; skipping. Install with: BiocManager::install('ReactomePA')
[skyblue] Enrichr...
[foreground] input n=33 -> cleaned unique n=33
[foreground] invalid-format count=0
[Enrichr] Attempt 1 of 5 for: skyblue
[Enrichr] Saved: skyblue_enrichr.xlsx

--- Enriching module: grey60 (43 genes) ---
[grey60] KEGG...
[KEGG] Done: 39 pathways saved
[grey60] GO...
[GO BP] Done: 611 terms saved
[GO MF] Done: 70 terms saved
[GO CC] Done: 34 terms saved
[grey60] Reactome...
[Reactome] ReactomePA not installed; skipping. Install with: BiocManager::install('ReactomePA')
[grey60] Enrichr...
[foreground] input n=43 -> cleaned unique n=43
[foreground] invalid-format count=0
[Enrichr] Attempt 1 of 5 for: grey60
[Enrichr] Saved: grey60_enrichr.xlsx

--- Enriching module: darkgrey (34 genes) ---
[darkgrey] KEGG...
[KEGG] Done: 35 pathways saved
[darkgrey] GO...
[GO BP] Done: 897 terms saved
[GO MF] Done: 70 terms saved
[GO CC] Done: 92 terms saved
[darkgrey] Reactome...
[Reactome] ReactomePA not installed; skipping. Install with: BiocManager::install('ReactomePA')
[darkgrey] Enrichr...
[foreground] input n=34 -> cleaned unique n=34
[foreground] invalid-format count=0
[Enrichr] Attempt 1 of 5 for: darkgrey
[Enrichr] Saved: darkgrey_enrichr.xlsx

--- Enriching module: lightgreen (39 genes) ---
[lightgreen] KEGG...
[KEGG] Done: 42 pathways saved
[lightgreen] GO...
[GO BP] Done: 547 terms saved
[GO MF] Done: 57 terms saved
[GO CC] Done: 56 terms saved
[lightgreen] Reactome...
[Reactome] ReactomePA not installed; skipping. Install with: BiocManager::install('ReactomePA')
[lightgreen] Enrichr...
[foreground] input n=39 -> cleaned unique n=39
[foreground] invalid-format count=0
[Enrichr] Attempt 1 of 5 for: lightgreen
[Enrichr] Saved: lightgreen_enrichr.xlsx

--- Enriching module: purple (49 genes) ---
[purple] KEGG...
[KEGG] Done: 52 pathways saved
[purple] GO...
[GO BP] Done: 668 terms saved
[GO MF] Done: 107 terms saved
[GO CC] Done: 74 terms saved
[purple] Reactome...
[Reactome] ReactomePA not installed; skipping. Install with: BiocManager::install('ReactomePA')
[purple] Enrichr...
[foreground] input n=49 -> cleaned unique n=49
[foreground] invalid-format count=0
[Enrichr] Attempt 1 of 5 for: purple
[Enrichr] Saved: purple_enrichr.xlsx

--- Enriching module: yellow (6363 genes) ---
[yellow] KEGG...
[KEGG] Done: 350 pathways saved
[yellow] GO...
[GO BP] Done: 6256 terms saved
[GO MF] Done: 1220 terms saved
[GO CC] Done: 731 terms saved
[yellow] Reactome...
[Reactome] ReactomePA not installed; skipping. Install with: BiocManager::install('ReactomePA')
[yellow] Enrichr...
[foreground] input n=6363 -> cleaned unique n=6363
[foreground] invalid-format count=0
[Enrichr] Attempt 1 of 5 for: yellow
[Enrichr] Saved: yellow_enrichr.xlsx

--- Enriching module: cyan (38 genes) ---
[cyan] KEGG...
[KEGG] Done: 8 pathways saved
[cyan] GO...
[GO BP] Done: 53 terms saved
[GO MF] Done: 22 terms saved
[GO CC] Done: 19 terms saved
[cyan] Reactome...
[Reactome] ReactomePA not installed; skipping. Install with: BiocManager::install('ReactomePA')
[cyan] Enrichr...
[foreground] input n=38 -> cleaned unique n=38
[foreground] invalid-format count=0
[Enrichr] Attempt 1 of 5 for: cyan
[Enrichr] Saved: cyan_enrichr.xlsx

--- Enriching module: blue (9268 genes) ---
[blue] KEGG...
[KEGG] Done: 351 pathways saved
[blue] GO...
[GO BP] Done: 6369 terms saved
[GO MF] Done: 1250 terms saved
[GO CC] Done: 758 terms saved
[blue] Reactome...
[Reactome] ReactomePA not installed; skipping. Install with: BiocManager::install('ReactomePA')
[blue] Enrichr...
[foreground] input n=9268 -> cleaned unique n=9268
[foreground] invalid-format count=0
[Enrichr] Attempt 1 of 5 for: blue
[Enrichr] Saved: blue_enrichr.xlsx

--- Enriching module: lightcyan1 (7 genes) ---
[lightcyan1] KEGG...
[KEGG] Done: 5 pathways saved
[lightcyan1] GO...
[GO BP] Done: 112 terms saved
[GO MF] Done: 29 terms saved
[GO CC] Done: 15 terms saved
[lightcyan1] Reactome...
[Reactome] ReactomePA not installed; skipping. Install with: BiocManager::install('ReactomePA')
[lightcyan1] Enrichr...
[foreground] input n=7 -> cleaned unique n=7
[foreground] invalid-format count=0
[Enrichr] Attempt 1 of 5 for: lightcyan1
[Enrichr] Saved: lightcyan1_enrichr.xlsx

--- Enriching module: black (338 genes) ---
[black] KEGG...
[KEGG] Done: 198 pathways saved
[black] GO...
[GO BP] Done: 2535 terms saved
[GO MF] Done: 433 terms saved
[GO CC] Done: 271 terms saved
[black] Reactome...
[Reactome] ReactomePA not installed; skipping. Install with: BiocManager::install('ReactomePA')
[black] Enrichr...
[foreground] input n=338 -> cleaned unique n=338
[foreground] invalid-format count=0
[Enrichr] Attempt 1 of 5 for: black
[Enrichr] Saved: black_enrichr.xlsx

--- Enriching module: darkgreen (29 genes) ---
[darkgreen] KEGG...
[KEGG] Done: 27 pathways saved
[darkgreen] GO...
[GO BP] Done: 454 terms saved
[GO MF] Done: 78 terms saved
[GO CC] Done: 62 terms saved
[darkgreen] Reactome...
[Reactome] ReactomePA not installed; skipping. Install with: BiocManager::install('ReactomePA')
[darkgreen] Enrichr...
[foreground] input n=29 -> cleaned unique n=29
[foreground] invalid-format count=0
[Enrichr] Attempt 1 of 5 for: darkgreen
[Enrichr] Saved: darkgreen_enrichr.xlsx

--- Enriching module: green (1625 genes) ---
[green] KEGG...
[KEGG] Done: 313 pathways saved
[green] GO...
[GO BP] Done: 4851 terms saved
[GO MF] Done: 833 terms saved
[GO CC] Done: 531 terms saved
[green] Reactome...
[Reactome] ReactomePA not installed; skipping. Install with: BiocManager::install('ReactomePA')
[green] Enrichr...
[foreground] input n=1625 -> cleaned unique n=1625
[foreground] invalid-format count=0
[Enrichr] Attempt 1 of 5 for: green
[Enrichr] Saved: green_enrichr.xlsx

--- Enriching module: orange (23 genes) ---
[orange] KEGG...
[KEGG] Done: 22 pathways saved
[orange] GO...
[GO BP] Done: 240 terms saved
[GO MF] Done: 43 terms saved
[GO CC] Done: 45 terms saved
[orange] Reactome...
[Reactome] ReactomePA not installed; skipping. Install with: BiocManager::install('ReactomePA')
[orange] Enrichr...
[foreground] input n=23 -> cleaned unique n=23
[foreground] invalid-format count=0
[Enrichr] Attempt 1 of 5 for: orange
[Enrichr] Saved: orange_enrichr.xlsx

--- Summary plots (pvalue) ---
[plot] Saved: Summary_KEGG_top10_pvalue0.05.pdf
[plot] Saved: Summary_GO_BP_top10_pvalue0.05.pdf
[plot] Saved: Summary_GO_MF_top10_pvalue0.05.pdf
[plot] Saved: Summary_GO_CC_top10_pvalue0.05.pdf
[plot] No data to plot for: Top Reactome Pathways per Module
[plot] Saved: Summary_Enrichr_GO_Biological_Process_2025_top10_pvalue0.05.pdf
[plot] Saved: Summary_Enrichr_GO_Molecular_Function_2025_top10_pvalue0.05.pdf
[plot] Saved: Summary_Enrichr_GO_Cellular_Component_2025_top10_pvalue0.05.pdf
[plot] Saved: Summary_Enrichr_KEGG_2021_Human_top10_pvalue0.05.pdf
[plot] Saved: Summary_Enrichr_GWAS_Catalog_2025_top10_pvalue0.05.pdf
[plot] Saved: Summary_Enrichr_ClinVar_2025_top10_pvalue0.05.pdf
There were 50 or more warnings (use warnings() to see the first 50)


Starting Script 07
Output directory: /quobyte/lasallegrp/projects/CHDS/WGBS/2025_intergen_BrCa_comethyl_George/comethyl_output/07_module_detection/cov3_75pct/covMin10_methSD0p07
Loaded regions: 465397 rows

==============================
Running module detection for variant: v1_all_pcs
==============================

[v1_all_pcs] methylation dimensions: 173 regions x 465397 samples
[v1_all_pcs] using powerEstimate = 19
[v1_all_pcs] module correlation = pearson
[getModules] Constructing network and detecting modules in blocks using pearson correlation
[getModules] Assigning modules and calculating module membership using pearson correlation
[getModules] Saving modules as /quobyte/lasallegrp/projects/CHDS/WGBS/2025_intergen_BrCa_comethyl_George/comethyl_output/07_module_detection/cov3_75pct/covMin10_methSD0p07/v1_all_pcs/Modules.rds
[plotRegionDendro] Plotting region dendrograms and modules for each block
[plotRegionDendro] Saving plot as /quobyte/lasallegrp/projects/CHDS/WGBS/2025_intergen_BrCa_comethyl_George/comethyl_output/07_module_detection/cov3_75pct/covMin10_methSD0p07/v1_all_pcs/Region_Dendrograms.pdf
[getModuleBED] Creating bed file of regions annotated with identified modules
[getModuleBED] Excluding regions in grey (unassigned) module
[getModuleBED] Saving file as /quobyte/lasallegrp/projects/CHDS/WGBS/2025_intergen_BrCa_comethyl_George/comethyl_output/07_module_detection/cov3_75pct/covMin10_methSD0p07/v1_all_pcs/Modules.bed
✓ Finished variant: v1_all_pcs
  Modules RDS: /quobyte/lasallegrp/projects/CHDS/WGBS/2025_intergen_BrCa_comethyl_George/comethyl_output/07_module_detection/cov3_75pct/covMin10_methSD0p07/v1_all_pcs/Modules.rds
  Dendrogram:  /quobyte/lasallegrp/projects/CHDS/WGBS/2025_intergen_BrCa_comethyl_George/comethyl_output/07_module_detection/cov3_75pct/covMin10_methSD0p07/v1_all_pcs/Region_Dendrograms.pdf
  BED:         /quobyte/lasallegrp/projects/CHDS/WGBS/2025_intergen_BrCa_comethyl_George/comethyl_output/07_module_detection/cov3_75pct/covMin10_methSD0p07/v1_all_pcs/Modules.bed

==============================
Running module detection for variant: v2_exclude_protected_pcs
==============================

[v2_exclude_protected_pcs] methylation dimensions: 173 regions x 465397 samples
[v2_exclude_protected_pcs] using powerEstimate = 6
[v2_exclude_protected_pcs] module correlation = pearson
[getModules] Constructing network and detecting modules in blocks using pearson correlation
[getModules] Assigning modules and calculating module membership using pearson correlation
[getModules] Saving modules as /quobyte/lasallegrp/projects/CHDS/WGBS/2025_intergen_BrCa_comethyl_George/comethyl_output/07_module_detection/cov3_75pct/covMin10_methSD0p07/v2_exclude_protected_pcs/Modules.rds
[plotRegionDendro] Plotting region dendrograms and modules for each block
[plotRegionDendro] Saving plot as /quobyte/lasallegrp/projects/CHDS/WGBS/2025_intergen_BrCa_comethyl_George/comethyl_output/07_module_detection/cov3_75pct/covMin10_methSD0p07/v2_exclude_protected_pcs/Region_Dendrograms.pdf
[getModuleBED] Creating bed file of regions annotated with identified modules
[getModuleBED] Excluding regions in grey (unassigned) module
[getModuleBED] Saving file as /quobyte/lasallegrp/projects/CHDS/WGBS/2025_intergen_BrCa_comethyl_George/comethyl_output/07_module_detection/cov3_75pct/covMin10_methSD0p07/v2_exclude_protected_pcs/Modules.bed
✓ Finished variant: v2_exclude_protected_pcs
  Modules RDS: /quobyte/lasallegrp/projects/CHDS/WGBS/2025_intergen_BrCa_comethyl_George/comethyl_output/07_module_detection/cov3_75pct/covMin10_methSD0p07/v2_exclude_protected_pcs/Modules.rds
  Dendrogram:  /quobyte/lasallegrp/projects/CHDS/WGBS/2025_intergen_BrCa_comethyl_George/comethyl_output/07_module_detection/cov3_75pct/covMin10_methSD0p07/v2_exclude_protected_pcs/Region_Dendrograms.pdf
  BED:         /quobyte/lasallegrp/projects/CHDS/WGBS/2025_intergen_BrCa_comethyl_George/comethyl_output/07_module_detection/cov3_75pct/covMin10_methSD0p07/v2_exclude_protected_pcs/Modules.bed
Script 07 complete: module detection finished
Outputs saved under:
  /quobyte/lasallegrp/projects/CHDS/WGBS/2025_intergen_BrCa_comethyl_George/comethyl_output/07_module_detection/cov3_75pct/covMin10_methSD0p07
Starting Script 08
Loaded sample_info: /quobyte/lasallegrp/projects/CHDS/WGBS/2025_intergen_BrCa_comethyl_George/data/metadata/Intergen173.xlsx
colData dimensions: 173 samples x 46 traits
colData_num dimensions: 173 samples x 46 numeric traits
Output directory: /quobyte/lasallegrp/projects/CHDS/WGBS/2025_intergen_BrCa_comethyl_George/comethyl_output/08_module_and_sample_diagnostics/cov3_75pct/covMin10_methSD0p07

==============================
Running module/sample diagnostics for variant: v1_all_pcs
==============================

[v1_all_pcs] No MEgrey column found (3 real MEs remaining)
[v1_all_pcs] Sample alignment to metadata: 173 overlapping samples retained from 173 ME samples and 173 metadata samples
[v1_all_pcs] MEs used: 173 samples x 3 modules
[getDendro] Clustering with pearson correlation as the distance
[plotDendro] Plotting dendrogram
[plotDendro] Saving plot as /quobyte/lasallegrp/projects/CHDS/WGBS/2025_intergen_BrCa_comethyl_George/comethyl_output/08_module_and_sample_diagnostics/cov3_75pct/covMin10_methSD0p07/v1_all_pcs/Module_ME_Dendrogram.pdf
[v1_all_pcs] Saved module ME dendrogram
[getCor] Calculating correlations using pearson correlation
[plotHeatmap] Plotting heatmap with dendrograms
[plotHeatmap] Using colors in row names for y-axis labels
[plotHeatmap] Using colors in column names for x-axis labels
[plotHeatmap] Saving plot as /quobyte/lasallegrp/projects/CHDS/WGBS/2025_intergen_BrCa_comethyl_George/comethyl_output/08_module_and_sample_diagnostics/cov3_75pct/covMin10_methSD0p07/v1_all_pcs/Module_Correlation_Heatmap.pdf
[v1_all_pcs] Saved module correlation heatmap
[getMEtraitCor] Testing associations between module eigennodes and sample traits using pearson correlation
[getMEtraitCor] Saving file as /quobyte/lasallegrp/projects/CHDS/WGBS/2025_intergen_BrCa_comethyl_George/comethyl_output/08_module_and_sample_diagnostics/cov3_75pct/covMin10_methSD0p07/v1_all_pcs/Module_Correlation_Stats.tsv
[v1_all_pcs] Saved module correlation stats
[getDendro] Clustering by euclidean distance
[plotDendro] Plotting dendrogram
[plotDendro] Saving plot as /quobyte/lasallegrp/projects/CHDS/WGBS/2025_intergen_BrCa_comethyl_George/comethyl_output/08_module_and_sample_diagnostics/cov3_75pct/covMin10_methSD0p07/v1_all_pcs/Sample_ME_Dendrogram.pdf
[v1_all_pcs] Saved sample ME dendrogram
[getCor] Transposing data
[getCor] Calculating correlations using pearson correlation
[plotHeatmap] Plotting heatmap with dendrograms
[plotHeatmap] Saving plot as /quobyte/lasallegrp/projects/CHDS/WGBS/2025_intergen_BrCa_comethyl_George/comethyl_output/08_module_and_sample_diagnostics/cov3_75pct/covMin10_methSD0p07/v1_all_pcs/Sample_Correlation_Heatmap.pdf
[v1_all_pcs] Saved sample correlation heatmap
[plotHeatmap] Plotting heatmap with dendrograms
[plotHeatmap] Using colors in column names for x-axis labels
[plotHeatmap] Saving plot as /quobyte/lasallegrp/projects/CHDS/WGBS/2025_intergen_BrCa_comethyl_George/comethyl_output/08_module_and_sample_diagnostics/cov3_75pct/covMin10_methSD0p07/v1_all_pcs/Sample_ME_Heatmap.pdf
[v1_all_pcs] Saved sample x module eigengene heatmap
Finished variant: v1_all_pcs
  Outputs in: /quobyte/lasallegrp/projects/CHDS/WGBS/2025_intergen_BrCa_comethyl_George/comethyl_output/08_module_and_sample_diagnostics/cov3_75pct/covMin10_methSD0p07/v1_all_pcs

==============================
Running module/sample diagnostics for variant: v2_exclude_protected_pcs
==============================

[v2_exclude_protected_pcs] No MEgrey column found (35 real MEs remaining)
[v2_exclude_protected_pcs] Sample alignment to metadata: 173 overlapping samples retained from 173 ME samples and 173 metadata samples
[v2_exclude_protected_pcs] MEs used: 173 samples x 35 modules
[getDendro] Clustering with pearson correlation as the distance
[plotDendro] Plotting dendrogram
[plotDendro] Saving plot as /quobyte/lasallegrp/projects/CHDS/WGBS/2025_intergen_BrCa_comethyl_George/comethyl_output/08_module_and_sample_diagnostics/cov3_75pct/covMin10_methSD0p07/v2_exclude_protected_pcs/Module_ME_Dendrogram.pdf
[v2_exclude_protected_pcs] Saved module ME dendrogram
[getCor] Calculating correlations using pearson correlation
[plotHeatmap] Plotting heatmap with dendrograms
[plotHeatmap] Using colors in row names for y-axis labels
[plotHeatmap] Using colors in column names for x-axis labels
[plotHeatmap] Saving plot as /quobyte/lasallegrp/projects/CHDS/WGBS/2025_intergen_BrCa_comethyl_George/comethyl_output/08_module_and_sample_diagnostics/cov3_75pct/covMin10_methSD0p07/v2_exclude_protected_pcs/Module_Correlation_Heatmap.pdf
[v2_exclude_protected_pcs] Saved module correlation heatmap
[getMEtraitCor] Testing associations between module eigennodes and sample traits using pearson correlation
[getMEtraitCor] Saving file as /quobyte/lasallegrp/projects/CHDS/WGBS/2025_intergen_BrCa_comethyl_George/comethyl_output/08_module_and_sample_diagnostics/cov3_75pct/covMin10_methSD0p07/v2_exclude_protected_pcs/Module_Correlation_Stats.tsv
[v2_exclude_protected_pcs] Saved module correlation stats
[getDendro] Clustering by euclidean distance
[plotDendro] Plotting dendrogram
[plotDendro] Saving plot as /quobyte/lasallegrp/projects/CHDS/WGBS/2025_intergen_BrCa_comethyl_George/comethyl_output/08_module_and_sample_diagnostics/cov3_75pct/covMin10_methSD0p07/v2_exclude_protected_pcs/Sample_ME_Dendrogram.pdf
[v2_exclude_protected_pcs] Saved sample ME dendrogram
[getCor] Transposing data
[getCor] Calculating correlations using pearson correlation
[plotHeatmap] Plotting heatmap with dendrograms
[plotHeatmap] Saving plot as /quobyte/lasallegrp/projects/CHDS/WGBS/2025_intergen_BrCa_comethyl_George/comethyl_output/08_module_and_sample_diagnostics/cov3_75pct/covMin10_methSD0p07/v2_exclude_protected_pcs/Sample_Correlation_Heatmap.pdf
[v2_exclude_protected_pcs] Saved sample correlation heatmap
[plotHeatmap] Plotting heatmap with dendrograms
[plotHeatmap] Using colors in column names for x-axis labels
[plotHeatmap] Saving plot as /quobyte/lasallegrp/projects/CHDS/WGBS/2025_intergen_BrCa_comethyl_George/comethyl_output/08_module_and_sample_diagnostics/cov3_75pct/covMin10_methSD0p07/v2_exclude_protected_pcs/Sample_ME_Heatmap.pdf
[v2_exclude_protected_pcs] Saved sample x module eigengene heatmap
Finished variant: v2_exclude_protected_pcs
  Outputs in: /quobyte/lasallegrp/projects/CHDS/WGBS/2025_intergen_BrCa_comethyl_George/comethyl_output/08_module_and_sample_diagnostics/cov3_75pct/covMin10_methSD0p07/v2_exclude_protected_pcs
Script 08 complete: module and sample diagnostics finished
Outputs saved under:
  /quobyte/lasallegrp/projects/CHDS/WGBS/2025_intergen_BrCa_comethyl_George/comethyl_output/08_module_and_sample_diagnostics/cov3_75pct/covMin10_methSD0p07
Starting Script 09a
Output directory: /quobyte/lasallegrp/projects/CHDS/WGBS/2025_intergen_BrCa_comethyl_George/comethyl_output/09a_me_trait_analysis/cov3_75pct/covMin10_methSD0p07
[readSampleInfo] Reading sample info: /quobyte/lasallegrp/projects/CHDS/WGBS/2025_intergen_BrCa_comethyl_George/data/metadata/Intergen173.xlsx
[readSampleInfo] No sample_id_col provided; using existing rownames.
[readSampleInfo] First 6 rownames used as sample IDs:

==============================
Running ME-trait analysis for variant: v1_all_pcs
==============================

[v1_all_pcs] MEs dimensions: 173 samples x 3 modules
[getDendro] Clustering with bicor correlation as the distance
[v1_all_pcs] Running bicor ME-trait correlations
[getMEtraitCor] Testing associations between module eigennodes and sample traits using bicor correlation
[getMEtraitCor] Saving file as /tmp/RtmpelDmhk/file319bae5409ba77.tsv
[plotMEtraitCor] Plotting ME trait correlation heatmap
[plotMEtraitCor] Drawing module color bar with labels
[plotMEtraitCor] Saving plot as /quobyte/lasallegrp/projects/CHDS/WGBS/2025_intergen_BrCa_comethyl_George/comethyl_output/09a_me_trait_analysis/cov3_75pct/covMin10_methSD0p07/v1_all_pcs/ME_Trait_Correlation_Heatmap_Bicor_FULL.pdf
[plotMEtraitCor] Plotting ME trait correlation heatmap
[plotMEtraitCor] Drawing module color bar with labels
[plotMEtraitCor] Saving plot as /quobyte/lasallegrp/projects/CHDS/WGBS/2025_intergen_BrCa_comethyl_George/comethyl_output/09a_me_trait_analysis/cov3_75pct/covMin10_methSD0p07/v1_all_pcs/ME_Trait_Correlation_Heatmap_Bicor_TOP.pdf
✓ Finished variant: v1_all_pcs
  Outputs in: /quobyte/lasallegrp/projects/CHDS/WGBS/2025_intergen_BrCa_comethyl_George/comethyl_output/09a_me_trait_analysis/cov3_75pct/covMin10_methSD0p07/v1_all_pcs

==============================
Running ME-trait analysis for variant: v2_exclude_protected_pcs
==============================

[v2_exclude_protected_pcs] MEs dimensions: 173 samples x 35 modules
[getDendro] Clustering with bicor correlation as the distance
[v2_exclude_protected_pcs] Running bicor ME-trait correlations
[getMEtraitCor] Testing associations between module eigennodes and sample traits using bicor correlation
[getMEtraitCor] Saving file as /tmp/RtmpelDmhk/file319bae6042bccf.tsv
[plotMEtraitCor] Plotting ME trait correlation heatmap
[plotMEtraitCor] Drawing module color bar with labels
[plotMEtraitCor] Saving plot as /quobyte/lasallegrp/projects/CHDS/WGBS/2025_intergen_BrCa_comethyl_George/comethyl_output/09a_me_trait_analysis/cov3_75pct/covMin10_methSD0p07/v2_exclude_protected_pcs/ME_Trait_Correlation_Heatmap_Bicor_FULL.pdf
[plotMEtraitCor] Plotting ME trait correlation heatmap
[plotMEtraitCor] Drawing module color bar with labels
[plotMEtraitCor] Saving plot as /quobyte/lasallegrp/projects/CHDS/WGBS/2025_intergen_BrCa_comethyl_George/comethyl_output/09a_me_trait_analysis/cov3_75pct/covMin10_methSD0p07/v2_exclude_protected_pcs/ME_Trait_Correlation_Heatmap_Bicor_TOP.pdf
✓ Finished variant: v2_exclude_protected_pcs
  Outputs in: /quobyte/lasallegrp/projects/CHDS/WGBS/2025_intergen_BrCa_comethyl_George/comethyl_output/09a_me_trait_analysis/cov3_75pct/covMin10_methSD0p07/v2_exclude_protected_pcs
Script 09a complete: core ME-trait finished
Outputs saved under:
  /quobyte/lasallegrp/projects/CHDS/WGBS/2025_intergen_BrCa_comethyl_George/comethyl_output/09a_me_trait_analysis/cov3_75pct/covMin10_methSD0p07
Starting Script 09b
Variants to process: 2

==============================
Running 09b for variant: v1_all_pcs
Output directory: /quobyte/lasallegrp/projects/CHDS/WGBS/2025_intergen_BrCa_comethyl_George/comethyl_output/09b_me_trait_presentation/cov3_75pct/covMin10_methSD0p07/v1_all_pcs
==============================

[getDendro] Clustering with bicor correlation as the distance
[plotMEtraitCor] Plotting ME trait correlation heatmap
[plotMEtraitCor] Drawing module color bar with labels
[plotMEtraitCor] Saving plot as /quobyte/lasallegrp/projects/CHDS/WGBS/2025_intergen_BrCa_comethyl_George/comethyl_output/09b_me_trait_presentation/cov3_75pct/covMin10_methSD0p07/v1_all_pcs/01_ids_and_batch_variables/ME_Trait_Heatmap_FULL.pdf
[plotMEtraitCor] Plotting ME trait correlation heatmap
[plotMEtraitCor] Drawing module color bar with labels
[plotMEtraitCor] Saving plot as /quobyte/lasallegrp/projects/CHDS/WGBS/2025_intergen_BrCa_comethyl_George/comethyl_output/09b_me_trait_presentation/cov3_75pct/covMin10_methSD0p07/v1_all_pcs/01_ids_and_batch_variables/ME_Trait_Heatmap_TOP.pdf
Done set '01_ids_and_batch_variables' for variant 'v1_all_pcs'
  Traits found: 2 / 4
  Output: /quobyte/lasallegrp/projects/CHDS/WGBS/2025_intergen_BrCa_comethyl_George/comethyl_output/09b_me_trait_presentation/cov3_75pct/covMin10_methSD0p07/v1_all_pcs/01_ids_and_batch_variables
[plotMEtraitCor] Plotting ME trait correlation heatmap
[plotMEtraitCor] Drawing module color bar with labels
[plotMEtraitCor] Saving plot as /quobyte/lasallegrp/projects/CHDS/WGBS/2025_intergen_BrCa_comethyl_George/comethyl_output/09b_me_trait_presentation/cov3_75pct/covMin10_methSD0p07/v1_all_pcs/03_body_size_outcomes_F1/ME_Trait_Heatmap_FULL.pdf
[plotMEtraitCor] Plotting ME trait correlation heatmap
[plotMEtraitCor] Drawing module color bar with labels
[plotMEtraitCor] Saving plot as /quobyte/lasallegrp/projects/CHDS/WGBS/2025_intergen_BrCa_comethyl_George/comethyl_output/09b_me_trait_presentation/cov3_75pct/covMin10_methSD0p07/v1_all_pcs/03_body_size_outcomes_F1/ME_Trait_Heatmap_TOP.pdf
Done set '03_body_size_outcomes_F1' for variant 'v1_all_pcs'
  Traits found: 7 / 9
  Output: /quobyte/lasallegrp/projects/CHDS/WGBS/2025_intergen_BrCa_comethyl_George/comethyl_output/09b_me_trait_presentation/cov3_75pct/covMin10_methSD0p07/v1_all_pcs/03_body_size_outcomes_F1
[plotMEtraitCor] Plotting ME trait correlation heatmap
[plotMEtraitCor] Drawing module color bar with labels
[plotMEtraitCor] Saving plot as /quobyte/lasallegrp/projects/CHDS/WGBS/2025_intergen_BrCa_comethyl_George/comethyl_output/09b_me_trait_presentation/cov3_75pct/covMin10_methSD0p07/v1_all_pcs/04_organochlorine_exposures_ddt_dde/ME_Trait_Heatmap_FULL.pdf
[plotMEtraitCor] Plotting ME trait correlation heatmap
[plotMEtraitCor] Drawing module color bar with labels
[plotMEtraitCor] Saving plot as /quobyte/lasallegrp/projects/CHDS/WGBS/2025_intergen_BrCa_comethyl_George/comethyl_output/09b_me_trait_presentation/cov3_75pct/covMin10_methSD0p07/v1_all_pcs/04_organochlorine_exposures_ddt_dde/ME_Trait_Heatmap_TOP.pdf
Done set '04_organochlorine_exposures_ddt_dde' for variant 'v1_all_pcs'
  Traits found: 24 / 24
  Output: /quobyte/lasallegrp/projects/CHDS/WGBS/2025_intergen_BrCa_comethyl_George/comethyl_output/09b_me_trait_presentation/cov3_75pct/covMin10_methSD0p07/v1_all_pcs/04_organochlorine_exposures_ddt_dde
[plotMEtraitCor] Plotting ME trait correlation heatmap
[plotMEtraitCor] Drawing module color bar with labels
[plotMEtraitCor] Saving plot as /quobyte/lasallegrp/projects/CHDS/WGBS/2025_intergen_BrCa_comethyl_George/comethyl_output/09b_me_trait_presentation/cov3_75pct/covMin10_methSD0p07/v1_all_pcs/05_neighborhood_context_ice_variables/ME_Trait_Heatmap_FULL.pdf
[plotMEtraitCor] Plotting ME trait correlation heatmap
[plotMEtraitCor] Drawing module color bar with labels
[plotMEtraitCor] Saving plot as /quobyte/lasallegrp/projects/CHDS/WGBS/2025_intergen_BrCa_comethyl_George/comethyl_output/09b_me_trait_presentation/cov3_75pct/covMin10_methSD0p07/v1_all_pcs/05_neighborhood_context_ice_variables/ME_Trait_Heatmap_TOP.pdf
Done set '05_neighborhood_context_ice_variables' for variant 'v1_all_pcs'
  Traits found: 23 / 23
  Output: /quobyte/lasallegrp/projects/CHDS/WGBS/2025_intergen_BrCa_comethyl_George/comethyl_output/09b_me_trait_presentation/cov3_75pct/covMin10_methSD0p07/v1_all_pcs/05_neighborhood_context_ice_variables
[plotMEtraitCor] Plotting ME trait correlation heatmap
[plotMEtraitCor] Drawing module color bar with labels
[plotMEtraitCor] Saving plot as /quobyte/lasallegrp/projects/CHDS/WGBS/2025_intergen_BrCa_comethyl_George/comethyl_output/09b_me_trait_presentation/cov3_75pct/covMin10_methSD0p07/v1_all_pcs/06_puberty_and_menarche_variables/ME_Trait_Heatmap_FULL.pdf
[plotMEtraitCor] Plotting ME trait correlation heatmap
[plotMEtraitCor] Drawing module color bar with labels
[plotMEtraitCor] Saving plot as /quobyte/lasallegrp/projects/CHDS/WGBS/2025_intergen_BrCa_comethyl_George/comethyl_output/09b_me_trait_presentation/cov3_75pct/covMin10_methSD0p07/v1_all_pcs/06_puberty_and_menarche_variables/ME_Trait_Heatmap_TOP.pdf
Done set '06_puberty_and_menarche_variables' for variant 'v1_all_pcs'
  Traits found: 5 / 5
  Output: /quobyte/lasallegrp/projects/CHDS/WGBS/2025_intergen_BrCa_comethyl_George/comethyl_output/09b_me_trait_presentation/cov3_75pct/covMin10_methSD0p07/v1_all_pcs/06_puberty_and_menarche_variables
[plotMEtraitCor] Plotting ME trait correlation heatmap
[plotMEtraitCor] Drawing module color bar with labels
[plotMEtraitCor] Saving plot as /quobyte/lasallegrp/projects/CHDS/WGBS/2025_intergen_BrCa_comethyl_George/comethyl_output/09b_me_trait_presentation/cov3_75pct/covMin10_methSD0p07/v1_all_pcs/07_breast_cancer_outcomes/ME_Trait_Heatmap_FULL.pdf
[plotMEtraitCor] Plotting ME trait correlation heatmap
[plotMEtraitCor] Drawing module color bar with labels
[plotMEtraitCor] Saving plot as /quobyte/lasallegrp/projects/CHDS/WGBS/2025_intergen_BrCa_comethyl_George/comethyl_output/09b_me_trait_presentation/cov3_75pct/covMin10_methSD0p07/v1_all_pcs/07_breast_cancer_outcomes/ME_Trait_Heatmap_TOP.pdf
Done set '07_breast_cancer_outcomes' for variant 'v1_all_pcs'
  Traits found: 2 / 2
  Output: /quobyte/lasallegrp/projects/CHDS/WGBS/2025_intergen_BrCa_comethyl_George/comethyl_output/09b_me_trait_presentation/cov3_75pct/covMin10_methSD0p07/v1_all_pcs/07_breast_cancer_outcomes
Finished variant: v1_all_pcs

==============================
Running 09b for variant: v2_exclude_protected_pcs
Output directory: /quobyte/lasallegrp/projects/CHDS/WGBS/2025_intergen_BrCa_comethyl_George/comethyl_output/09b_me_trait_presentation/cov3_75pct/covMin10_methSD0p07/v2_exclude_protected_pcs
==============================

[getDendro] Clustering with bicor correlation as the distance
[plotMEtraitCor] Plotting ME trait correlation heatmap
[plotMEtraitCor] Drawing module color bar with labels
[plotMEtraitCor] Saving plot as /quobyte/lasallegrp/projects/CHDS/WGBS/2025_intergen_BrCa_comethyl_George/comethyl_output/09b_me_trait_presentation/cov3_75pct/covMin10_methSD0p07/v2_exclude_protected_pcs/01_ids_and_batch_variables/ME_Trait_Heatmap_FULL.pdf
[plotMEtraitCor] Plotting ME trait correlation heatmap
[plotMEtraitCor] Drawing module color bar with labels
[plotMEtraitCor] Saving plot as /quobyte/lasallegrp/projects/CHDS/WGBS/2025_intergen_BrCa_comethyl_George/comethyl_output/09b_me_trait_presentation/cov3_75pct/covMin10_methSD0p07/v2_exclude_protected_pcs/01_ids_and_batch_variables/ME_Trait_Heatmap_TOP.pdf
Done set '01_ids_and_batch_variables' for variant 'v2_exclude_protected_pcs'
  Traits found: 2 / 4
  Output: /quobyte/lasallegrp/projects/CHDS/WGBS/2025_intergen_BrCa_comethyl_George/comethyl_output/09b_me_trait_presentation/cov3_75pct/covMin10_methSD0p07/v2_exclude_protected_pcs/01_ids_and_batch_variables
[plotMEtraitCor] Plotting ME trait correlation heatmap
[plotMEtraitCor] Drawing module color bar with labels
[plotMEtraitCor] Saving plot as /quobyte/lasallegrp/projects/CHDS/WGBS/2025_intergen_BrCa_comethyl_George/comethyl_output/09b_me_trait_presentation/cov3_75pct/covMin10_methSD0p07/v2_exclude_protected_pcs/03_body_size_outcomes_F1/ME_Trait_Heatmap_FULL.pdf
[plotMEtraitCor] Plotting ME trait correlation heatmap
[plotMEtraitCor] Drawing module color bar with labels
[plotMEtraitCor] Saving plot as /quobyte/lasallegrp/projects/CHDS/WGBS/2025_intergen_BrCa_comethyl_George/comethyl_output/09b_me_trait_presentation/cov3_75pct/covMin10_methSD0p07/v2_exclude_protected_pcs/03_body_size_outcomes_F1/ME_Trait_Heatmap_TOP.pdf
Done set '03_body_size_outcomes_F1' for variant 'v2_exclude_protected_pcs'
  Traits found: 7 / 9
  Output: /quobyte/lasallegrp/projects/CHDS/WGBS/2025_intergen_BrCa_comethyl_George/comethyl_output/09b_me_trait_presentation/cov3_75pct/covMin10_methSD0p07/v2_exclude_protected_pcs/03_body_size_outcomes_F1
[plotMEtraitCor] Plotting ME trait correlation heatmap
[plotMEtraitCor] Drawing module color bar with labels
[plotMEtraitCor] Saving plot as /quobyte/lasallegrp/projects/CHDS/WGBS/2025_intergen_BrCa_comethyl_George/comethyl_output/09b_me_trait_presentation/cov3_75pct/covMin10_methSD0p07/v2_exclude_protected_pcs/04_organochlorine_exposures_ddt_dde/ME_Trait_Heatmap_FULL.pdf
[plotMEtraitCor] Plotting ME trait correlation heatmap
[plotMEtraitCor] Drawing module color bar with labels
[plotMEtraitCor] Saving plot as /quobyte/lasallegrp/projects/CHDS/WGBS/2025_intergen_BrCa_comethyl_George/comethyl_output/09b_me_trait_presentation/cov3_75pct/covMin10_methSD0p07/v2_exclude_protected_pcs/04_organochlorine_exposures_ddt_dde/ME_Trait_Heatmap_TOP.pdf
Done set '04_organochlorine_exposures_ddt_dde' for variant 'v2_exclude_protected_pcs'
  Traits found: 24 / 24
  Output: /quobyte/lasallegrp/projects/CHDS/WGBS/2025_intergen_BrCa_comethyl_George/comethyl_output/09b_me_trait_presentation/cov3_75pct/covMin10_methSD0p07/v2_exclude_protected_pcs/04_organochlorine_exposures_ddt_dde
[plotMEtraitCor] Plotting ME trait correlation heatmap
[plotMEtraitCor] Drawing module color bar with labels
[plotMEtraitCor] Saving plot as /quobyte/lasallegrp/projects/CHDS/WGBS/2025_intergen_BrCa_comethyl_George/comethyl_output/09b_me_trait_presentation/cov3_75pct/covMin10_methSD0p07/v2_exclude_protected_pcs/05_neighborhood_context_ice_variables/ME_Trait_Heatmap_FULL.pdf
[plotMEtraitCor] Plotting ME trait correlation heatmap
[plotMEtraitCor] Drawing module color bar with labels
[plotMEtraitCor] Saving plot as /quobyte/lasallegrp/projects/CHDS/WGBS/2025_intergen_BrCa_comethyl_George/comethyl_output/09b_me_trait_presentation/cov3_75pct/covMin10_methSD0p07/v2_exclude_protected_pcs/05_neighborhood_context_ice_variables/ME_Trait_Heatmap_TOP.pdf
Done set '05_neighborhood_context_ice_variables' for variant 'v2_exclude_protected_pcs'
  Traits found: 23 / 23
  Output: /quobyte/lasallegrp/projects/CHDS/WGBS/2025_intergen_BrCa_comethyl_George/comethyl_output/09b_me_trait_presentation/cov3_75pct/covMin10_methSD0p07/v2_exclude_protected_pcs/05_neighborhood_context_ice_variables
[plotMEtraitCor] Plotting ME trait correlation heatmap
[plotMEtraitCor] Drawing module color bar with labels
[plotMEtraitCor] Saving plot as /quobyte/lasallegrp/projects/CHDS/WGBS/2025_intergen_BrCa_comethyl_George/comethyl_output/09b_me_trait_presentation/cov3_75pct/covMin10_methSD0p07/v2_exclude_protected_pcs/06_puberty_and_menarche_variables/ME_Trait_Heatmap_FULL.pdf
[plotMEtraitCor] Plotting ME trait correlation heatmap
[plotMEtraitCor] Drawing module color bar with labels
[plotMEtraitCor] Saving plot as /quobyte/lasallegrp/projects/CHDS/WGBS/2025_intergen_BrCa_comethyl_George/comethyl_output/09b_me_trait_presentation/cov3_75pct/covMin10_methSD0p07/v2_exclude_protected_pcs/06_puberty_and_menarche_variables/ME_Trait_Heatmap_TOP.pdf
Done set '06_puberty_and_menarche_variables' for variant 'v2_exclude_protected_pcs'
  Traits found: 5 / 5
  Output: /quobyte/lasallegrp/projects/CHDS/WGBS/2025_intergen_BrCa_comethyl_George/comethyl_output/09b_me_trait_presentation/cov3_75pct/covMin10_methSD0p07/v2_exclude_protected_pcs/06_puberty_and_menarche_variables
[plotMEtraitCor] Plotting ME trait correlation heatmap
[plotMEtraitCor] Drawing module color bar with labels
[plotMEtraitCor] Saving plot as /quobyte/lasallegrp/projects/CHDS/WGBS/2025_intergen_BrCa_comethyl_George/comethyl_output/09b_me_trait_presentation/cov3_75pct/covMin10_methSD0p07/v2_exclude_protected_pcs/07_breast_cancer_outcomes/ME_Trait_Heatmap_FULL.pdf
[plotMEtraitCor] Plotting ME trait correlation heatmap
[plotMEtraitCor] Drawing module color bar with labels
[plotMEtraitCor] Saving plot as /quobyte/lasallegrp/projects/CHDS/WGBS/2025_intergen_BrCa_comethyl_George/comethyl_output/09b_me_trait_presentation/cov3_75pct/covMin10_methSD0p07/v2_exclude_protected_pcs/07_breast_cancer_outcomes/ME_Trait_Heatmap_TOP.pdf
Done set '07_breast_cancer_outcomes' for variant 'v2_exclude_protected_pcs'
  Traits found: 2 / 2
  Output: /quobyte/lasallegrp/projects/CHDS/WGBS/2025_intergen_BrCa_comethyl_George/comethyl_output/09b_me_trait_presentation/cov3_75pct/covMin10_methSD0p07/v2_exclude_protected_pcs/07_breast_cancer_outcomes
Finished variant: v2_exclude_protected_pcs
Script 09a complete: Presentation ME-trait finished
Outputs saved under: /quobyte/lasallegrp/projects/CHDS/WGBS/2025_intergen_BrCa_comethyl_George/comethyl_output/09b_me_trait_presentation
Starting Script 10
Output directory: /quobyte/lasallegrp/projects/CHDS/WGBS/2025_intergen_BrCa_comethyl_George/comethyl_output/10_circos_and_module_summaries/cov3_75pct/covMin10_methSD0p07

==============================
Running circos/module summaries for variant: v1_all_pcs
==============================

✓ Finished variant: v1_all_pcs
  Outputs in: /quobyte/lasallegrp/projects/CHDS/WGBS/2025_intergen_BrCa_comethyl_George/comethyl_output/10_circos_and_module_summaries/cov3_75pct/covMin10_methSD0p07/v1_all_pcs

==============================
Running circos/module summaries for variant: v2_exclude_protected_pcs
==============================

✓ Finished variant: v2_exclude_protected_pcs
  Outputs in: /quobyte/lasallegrp/projects/CHDS/WGBS/2025_intergen_BrCa_comethyl_George/comethyl_output/10_circos_and_module_summaries/cov3_75pct/covMin10_methSD0p07/v2_exclude_protected_pcs
Warning messages:
1: Use of .data in tidyselect expressions was deprecated in tidyselect 1.2.0.
ℹ Please use `"chr"` instead of `.data$chr` 
2: Use of .data in tidyselect expressions was deprecated in tidyselect 1.2.0.
ℹ Please use `"start"` instead of `.data$start` 
3: Use of .data in tidyselect expressions was deprecated in tidyselect 1.2.0.
ℹ Please use `"end"` instead of `.data$end` 
4: Use of .data in tidyselect expressions was deprecated in tidyselect 1.2.0.
ℹ Please use `"module"` instead of `.data$module` 
Script 10 complete: Circos plots finished
Outputs saved under:
  /quobyte/lasallegrp/projects/CHDS/WGBS/2025_intergen_BrCa_comethyl_George/comethyl_output/10_circos_and_module_summaries/cov3_75pct/covMin10_methSD0p07
Starting Script 11
Output directory: /quobyte/lasallegrp/projects/CHDS/WGBS/2025_intergen_BrCa_comethyl_George/comethyl_output/11_me_trait_pair_plots/cov3_75pct/covMin10_methSD0p07/v1_all_pcs
[readSampleInfo] Reading sample info: /quobyte/lasallegrp/projects/CHDS/WGBS/2025_intergen_BrCa_comethyl_George/data/metadata/Intergen173.xlsx
[readSampleInfo] No sample_id_col provided; using existing rownames.
[readSampleInfo] First 6 rownames used as sample IDs:
Samples in common: 173
Modules available: 3
Traits available: 46
[01_ids_and_batch_variables] Pairs to plot: 1
✓ Done set: 01_ids_and_batch_variables
  Output: /quobyte/lasallegrp/projects/CHDS/WGBS/2025_intergen_BrCa_comethyl_George/comethyl_output/11_me_trait_pair_plots/cov3_75pct/covMin10_methSD0p07/v1_all_pcs/01_ids_and_batch_variables
[03_body_size_outcomes_F1] Pairs to plot: 3
✓ Done set: 03_body_size_outcomes_F1
  Output: /quobyte/lasallegrp/projects/CHDS/WGBS/2025_intergen_BrCa_comethyl_George/comethyl_output/11_me_trait_pair_plots/cov3_75pct/covMin10_methSD0p07/v1_all_pcs/03_body_size_outcomes_F1
[04_organochlorine_exposures_ddt_dde] Pairs to plot: 7
✓ Done set: 04_organochlorine_exposures_ddt_dde
  Output: /quobyte/lasallegrp/projects/CHDS/WGBS/2025_intergen_BrCa_comethyl_George/comethyl_output/11_me_trait_pair_plots/cov3_75pct/covMin10_methSD0p07/v1_all_pcs/04_organochlorine_exposures_ddt_dde
[05_neighborhood_context_ice_variables] Pairs to plot: 6
✓ Done set: 05_neighborhood_context_ice_variables
  Output: /quobyte/lasallegrp/projects/CHDS/WGBS/2025_intergen_BrCa_comethyl_George/comethyl_output/11_me_trait_pair_plots/cov3_75pct/covMin10_methSD0p07/v1_all_pcs/05_neighborhood_context_ice_variables
[06_puberty_and_menarche_variables] Pairs to plot: 2
✓ Done set: 06_puberty_and_menarche_variables
  Output: /quobyte/lasallegrp/projects/CHDS/WGBS/2025_intergen_BrCa_comethyl_George/comethyl_output/11_me_trait_pair_plots/cov3_75pct/covMin10_methSD0p07/v1_all_pcs/06_puberty_and_menarche_variables
Skipping set 07_breast_cancer_outcomes: no module-trait pairs left after filtering.
Script 10 complete: ME-trait pair plots finished
Outputs saved under:
  /quobyte/lasallegrp/projects/CHDS/WGBS/2025_intergen_BrCa_comethyl_George/comethyl_output/11_me_trait_pair_plots/cov3_75pct/covMin10_methSD0p07/v1_all_pcs
Starting Script 11
Output directory: /quobyte/lasallegrp/projects/CHDS/WGBS/2025_intergen_BrCa_comethyl_George/comethyl_output/11_me_trait_pair_plots/cov3_75pct/covMin10_methSD0p07/v2_exclude_protected_pcs
[readSampleInfo] Reading sample info: /quobyte/lasallegrp/projects/CHDS/WGBS/2025_intergen_BrCa_comethyl_George/data/metadata/Intergen173.xlsx
[readSampleInfo] No sample_id_col provided; using existing rownames.
[readSampleInfo] First 6 rownames used as sample IDs:
Samples in common: 173
Modules available: 35
Traits available: 46
[01_ids_and_batch_variables] Pairs to plot: 4
✓ Done set: 01_ids_and_batch_variables
  Output: /quobyte/lasallegrp/projects/CHDS/WGBS/2025_intergen_BrCa_comethyl_George/comethyl_output/11_me_trait_pair_plots/cov3_75pct/covMin10_methSD0p07/v2_exclude_protected_pcs/01_ids_and_batch_variables
[03_body_size_outcomes_F1] Pairs to plot: 25
✓ Done set: 03_body_size_outcomes_F1
  Output: /quobyte/lasallegrp/projects/CHDS/WGBS/2025_intergen_BrCa_comethyl_George/comethyl_output/11_me_trait_pair_plots/cov3_75pct/covMin10_methSD0p07/v2_exclude_protected_pcs/03_body_size_outcomes_F1
[04_organochlorine_exposures_ddt_dde] Pairs to plot: 50
✓ Done set: 04_organochlorine_exposures_ddt_dde
  Output: /quobyte/lasallegrp/projects/CHDS/WGBS/2025_intergen_BrCa_comethyl_George/comethyl_output/11_me_trait_pair_plots/cov3_75pct/covMin10_methSD0p07/v2_exclude_protected_pcs/04_organochlorine_exposures_ddt_dde
[05_neighborhood_context_ice_variables] Pairs to plot: 50
✓ Done set: 05_neighborhood_context_ice_variables
  Output: /quobyte/lasallegrp/projects/CHDS/WGBS/2025_intergen_BrCa_comethyl_George/comethyl_output/11_me_trait_pair_plots/cov3_75pct/covMin10_methSD0p07/v2_exclude_protected_pcs/05_neighborhood_context_ice_variables
[06_puberty_and_menarche_variables] Pairs to plot: 20
✓ Done set: 06_puberty_and_menarche_variables
  Output: /quobyte/lasallegrp/projects/CHDS/WGBS/2025_intergen_BrCa_comethyl_George/comethyl_output/11_me_trait_pair_plots/cov3_75pct/covMin10_methSD0p07/v2_exclude_protected_pcs/06_puberty_and_menarche_variables
[07_breast_cancer_outcomes] Pairs to plot: 3
✓ Done set: 07_breast_cancer_outcomes
  Output: /quobyte/lasallegrp/projects/CHDS/WGBS/2025_intergen_BrCa_comethyl_George/comethyl_output/11_me_trait_pair_plots/cov3_75pct/covMin10_methSD0p07/v2_exclude_protected_pcs/07_breast_cancer_outcomes
There were 50 or more warnings (use warnings() to see the first 50)
Script 10 complete: ME-trait pair plots finished
Outputs saved under:
  /quobyte/lasallegrp/projects/CHDS/WGBS/2025_intergen_BrCa_comethyl_George/comethyl_output/11_me_trait_pair_plots/cov3_75pct/covMin10_methSD0p07/v2_exclude_protected_pcs
Starting Script 12a
[annotate] Trying comethyl::annotateModule()
[annotateModule] Excluding regions in grey (unassigned) module
[annotateModule] Using the hg38 genome assembly for annotations
[annotateModule] Adding genes to regions using GREAT v4.0.4 with the basalPlusExt rule
[annotate] GREAT-based annotation failed: error in evaluating the argument 'y' in selecting a method for function 'merge': error in evaluating the argument 'x' in selecting a method for function 'as.data.frame': unused argument (type = 1)
[annotate] Falling back to offline nearest-gene annotation.
[offline] Using TxDb.Hsapiens.UCSC.hg38.knownGene
  2135 genes were dropped because they have exons located on both strands
  of the same reference sequence or on more than one reference sequence,
  so cannot be represented by a single genomic range.
  Use 'single.strand.genes.only=FALSE' to get all the genes in a
  GRangesList object, or use suppressMessages() to suppress this message.
'select()' returned 1:1 mapping between keys and columns
[annotate] Trying comethyl::annotateModule()
[annotateModule] Excluding regions in grey (unassigned) module
[annotateModule] Using the hg38 genome assembly for annotations
[annotateModule] Adding genes to regions using GREAT v4.0.4 with the basalPlusExt rule
[annotate] GREAT-based annotation failed: GREAT encountered a user error (message from GREAT web server):
Line 127453: The second field (chromStart) must be a non-negative
integer (not 1.3e+07). Input data: 'chr16 1.3e+07 13000205
/chr16:1.3e+07-13000205'
[annotate] Falling back to offline nearest-gene annotation.
[offline] Using TxDb.Hsapiens.UCSC.hg38.knownGene
  2135 genes were dropped because they have exons located on both strands
  of the same reference sequence or on more than one reference sequence,
  so cannot be represented by a single genomic range.
  Use 'single.strand.genes.only=FALSE' to get all the genes in a
  GRangesList object, or use suppressMessages() to suppress this message.
'select()' returned 1:1 mapping between keys and columns
Script 12a complete: Annotate Modules finished
Starting Script 12b

--- Enriching module: blue (2 genes) ---
[blue] KEGG...
[KEGG] Done: 1 pathways saved
[blue] GO...
[GO BP] Done: 54 terms saved
[GO MF] Done: 24 terms saved
[GO CC] Done: 12 terms saved
[blue] Reactome...
[Reactome] ReactomePA not installed; skipping. Install with: BiocManager::install('ReactomePA')
[blue] Enrichr...
[foreground] input n=2 -> cleaned unique n=2
[foreground] invalid-format count=0
[Enrichr] Attempt 1 of 5 for: blue
[Enrichr] Saved: blue_enrichr.xlsx

--- Enriching module: turquoise (9 genes) ---
[turquoise] KEGG...
[turquoise] GO...
[turquoise] Reactome...
[Reactome] ReactomePA not installed; skipping. Install with: BiocManager::install('ReactomePA')
[turquoise] Enrichr...
[foreground] input n=9 -> cleaned unique n=9
[foreground] invalid-format count=0
[Enrichr] Attempt 1 of 5 for: turquoise

--- Summary plots (pvalue) ---
[plot] Saved: Summary_KEGG_top10_pvalue0.05.pdf
[plot] Saved: Summary_GO_BP_top10_pvalue0.05.pdf
[plot] Saved: Summary_GO_MF_top10_pvalue0.05.pdf
[plot] Saved: Summary_GO_CC_top10_pvalue0.05.pdf
[plot] No data to plot for: Top Reactome Pathways per Module
[plot] Saved: Summary_Enrichr_GO_Biological_Process_2025_top10_pvalue0.05.pdf
[plot] Saved: Summary_Enrichr_GO_Molecular_Function_2025_top10_pvalue0.05.pdf
[plot] Saved: Summary_Enrichr_GO_Cellular_Component_2025_top10_pvalue0.05.pdf
[plot] Saved: Summary_Enrichr_KEGG_2021_Human_top10_pvalue0.05.pdf
[plot] Saved: Summary_Enrichr_GWAS_Catalog_2025_top10_pvalue0.05.pdf
[plot] Saved: Summary_Enrichr_ClinVar_2025_top10_pvalue0.05.pdf
There were 50 or more warnings (use warnings() to see the first 50)

--- Enriching module: red (337 genes) ---
[red] KEGG...
[KEGG] Done: 209 pathways saved
[red] GO...
[GO BP] Done: 2569 terms saved
[GO MF] Done: 438 terms saved
[GO CC] Done: 266 terms saved
[red] Reactome...
[Reactome] ReactomePA not installed; skipping. Install with: BiocManager::install('ReactomePA')
[red] Enrichr...
[foreground] input n=337 -> cleaned unique n=337
[foreground] invalid-format count=0
[Enrichr] Attempt 1 of 5 for: red
[Enrichr] Saved: red_enrichr.xlsx

--- Enriching module: darkred (26 genes) ---
[darkred] KEGG...
[KEGG] Done: 24 pathways saved
[darkred] GO...
[GO BP] Done: 387 terms saved
[GO MF] Done: 72 terms saved
[GO CC] Done: 60 terms saved
[darkred] Reactome...
[Reactome] ReactomePA not installed; skipping. Install with: BiocManager::install('ReactomePA')
[darkred] Enrichr...
[foreground] input n=26 -> cleaned unique n=26
[foreground] invalid-format count=0
[Enrichr] Attempt 1 of 5 for: darkred
[Enrichr] Saved: darkred_enrichr.xlsx

--- Enriching module: darkturquoise (23 genes) ---
[darkturquoise] KEGG...
[KEGG] Done: 22 pathways saved
[darkturquoise] GO...
[GO BP] Done: 240 terms saved
[GO MF] Done: 43 terms saved
[GO CC] Done: 45 terms saved
[darkturquoise] Reactome...
[Reactome] ReactomePA not installed; skipping. Install with: BiocManager::install('ReactomePA')
[darkturquoise] Enrichr...
[foreground] input n=23 -> cleaned unique n=23
[foreground] invalid-format count=0
[Enrichr] Attempt 1 of 5 for: darkturquoise
[Enrichr] Saved: darkturquoise_enrichr.xlsx

--- Enriching module: green (1594 genes) ---
[green] KEGG...
[KEGG] Done: 314 pathways saved
[green] GO...
[GO BP] Done: 4789 terms saved
[GO MF] Done: 829 terms saved
[GO CC] Done: 532 terms saved
[green] Reactome...
[Reactome] ReactomePA not installed; skipping. Install with: BiocManager::install('ReactomePA')
[green] Enrichr...
[foreground] input n=1594 -> cleaned unique n=1594
[foreground] invalid-format count=0
[Enrichr] Attempt 1 of 5 for: green
[Enrichr] Saved: green_enrichr.xlsx

--- Enriching module: tan (38 genes) ---
[tan] KEGG...
[KEGG] Done: 8 pathways saved
[tan] GO...
[GO BP] Done: 53 terms saved
[GO MF] Done: 22 terms saved
[GO CC] Done: 19 terms saved
[tan] Reactome...
[Reactome] ReactomePA not installed; skipping. Install with: BiocManager::install('ReactomePA')
[tan] Enrichr...
[foreground] input n=38 -> cleaned unique n=38
[foreground] invalid-format count=0
[Enrichr] Attempt 1 of 5 for: tan
[Enrichr] Saved: tan_enrichr.xlsx

--- Enriching module: blue (9294 genes) ---
[blue] KEGG...
[KEGG] Done: 351 pathways saved
[blue] GO...
[GO BP] Done: 6369 terms saved
[GO MF] Done: 1250 terms saved
[GO CC] Done: 758 terms saved
[blue] Reactome...
[Reactome] ReactomePA not installed; skipping. Install with: BiocManager::install('ReactomePA')
[blue] Enrichr...
[foreground] input n=9294 -> cleaned unique n=9294
[foreground] invalid-format count=0
[Enrichr] Attempt 1 of 5 for: blue
[Enrichr] Saved: blue_enrichr.xlsx

--- Enriching module: darkolivegreen (2 genes) ---
[darkolivegreen] KEGG...
[KEGG] Done: 1 pathways saved
[darkolivegreen] GO...
[GO BP] Done: 31 terms saved
[GO MF] Done: 20 terms saved
[darkolivegreen] Reactome...
[Reactome] ReactomePA not installed; skipping. Install with: BiocManager::install('ReactomePA')
[darkolivegreen] Enrichr...
[foreground] input n=2 -> cleaned unique n=2
[foreground] invalid-format count=0
[Enrichr] Attempt 1 of 5 for: darkolivegreen
[Enrichr] Saved: darkolivegreen_enrichr.xlsx

--- Enriching module: grey60 (21 genes) ---
[grey60] KEGG...
[KEGG] Done: 16 pathways saved
[grey60] GO...
[GO BP] Done: 268 terms saved
[GO MF] Done: 56 terms saved
[GO CC] Done: 24 terms saved
[grey60] Reactome...
[Reactome] ReactomePA not installed; skipping. Install with: BiocManager::install('ReactomePA')
[grey60] Enrichr...
[foreground] input n=21 -> cleaned unique n=21
[foreground] invalid-format count=0
[Enrichr] Attempt 1 of 5 for: grey60
[Enrichr] Saved: grey60_enrichr.xlsx

--- Enriching module: darkorange (29 genes) ---
[darkorange] KEGG...
[KEGG] Done: 17 pathways saved
[darkorange] GO...
[GO BP] Done: 368 terms saved
[GO MF] Done: 58 terms saved
[GO CC] Done: 53 terms saved
[darkorange] Reactome...
[Reactome] ReactomePA not installed; skipping. Install with: BiocManager::install('ReactomePA')
[darkorange] Enrichr...
[foreground] input n=29 -> cleaned unique n=29
[foreground] invalid-format count=0
[Enrichr] Attempt 1 of 5 for: darkorange
[Enrichr] Saved: darkorange_enrichr.xlsx

--- Enriching module: lightcyan (42 genes) ---
[lightcyan] KEGG...
[KEGG] Done: 39 pathways saved
[lightcyan] GO...
[GO BP] Done: 611 terms saved
[GO MF] Done: 70 terms saved
[GO CC] Done: 34 terms saved
[lightcyan] Reactome...
[Reactome] ReactomePA not installed; skipping. Install with: BiocManager::install('ReactomePA')
[lightcyan] Enrichr...
[foreground] input n=42 -> cleaned unique n=42
[foreground] invalid-format count=0
[Enrichr] Attempt 1 of 5 for: lightcyan
[Enrichr] Saved: lightcyan_enrichr.xlsx

--- Enriching module: lightyellow (34 genes) ---
[lightyellow] KEGG...
[KEGG] Done: 42 pathways saved
[lightyellow] GO...
[GO BP] Done: 540 terms saved
[GO MF] Done: 57 terms saved
[GO CC] Done: 56 terms saved
[lightyellow] Reactome...
[Reactome] ReactomePA not installed; skipping. Install with: BiocManager::install('ReactomePA')
[lightyellow] Enrichr...
[foreground] input n=34 -> cleaned unique n=34
[foreground] invalid-format count=0
[Enrichr] Attempt 1 of 5 for: lightyellow
[Enrichr] Saved: lightyellow_enrichr.xlsx

--- Enriching module: pink (49 genes) ---
[pink] KEGG...
[KEGG] Done: 51 pathways saved
[pink] GO...
[GO BP] Done: 729 terms saved
[GO MF] Done: 105 terms saved
[GO CC] Done: 78 terms saved
[pink] Reactome...
[Reactome] ReactomePA not installed; skipping. Install with: BiocManager::install('ReactomePA')
[pink] Enrichr...
[foreground] input n=49 -> cleaned unique n=49
[foreground] invalid-format count=0
[Enrichr] Attempt 1 of 5 for: pink
[Enrichr] Saved: pink_enrichr.xlsx

--- Enriching module: yellow (6360 genes) ---
[yellow] KEGG...
[KEGG] Done: 350 pathways saved
[yellow] GO...
[GO BP] Done: 6256 terms saved
[GO MF] Done: 1220 terms saved
[GO CC] Done: 731 terms saved
[yellow] Reactome...
[Reactome] ReactomePA not installed; skipping. Install with: BiocManager::install('ReactomePA')
[yellow] Enrichr...
[foreground] input n=6360 -> cleaned unique n=6360
[foreground] invalid-format count=0
[Enrichr] Attempt 1 of 5 for: yellow
[Enrichr] Saved: yellow_enrichr.xlsx

--- Enriching module: darkgreen (25 genes) ---
[darkgreen] KEGG...
[KEGG] Done: 13 pathways saved
[darkgreen] GO...
[GO BP] Done: 295 terms saved
[GO MF] Done: 47 terms saved
[GO CC] Done: 38 terms saved
[darkgreen] Reactome...
[Reactome] ReactomePA not installed; skipping. Install with: BiocManager::install('ReactomePA')
[darkgreen] Enrichr...
[foreground] input n=25 -> cleaned unique n=25
[foreground] invalid-format count=0
[Enrichr] Attempt 1 of 5 for: darkgreen
[Enrichr] Saved: darkgreen_enrichr.xlsx

--- Enriching module: magenta (42 genes) ---
[magenta] KEGG...
[KEGG] Done: 18 pathways saved
[magenta] GO...
[GO BP] Done: 444 terms saved
[GO MF] Done: 63 terms saved
[GO CC] Done: 74 terms saved
[magenta] Reactome...
[Reactome] ReactomePA not installed; skipping. Install with: BiocManager::install('ReactomePA')
[magenta] Enrichr...
[foreground] input n=42 -> cleaned unique n=42
[foreground] invalid-format count=0
[Enrichr] Attempt 1 of 5 for: magenta
[Enrichr] Saved: magenta_enrichr.xlsx

--- Enriching module: paleturquoise (20 genes) ---
[paleturquoise] KEGG...
[KEGG] Done: 12 pathways saved
[paleturquoise] GO...
[GO BP] Done: 267 terms saved
[GO MF] Done: 37 terms saved
[GO CC] Done: 20 terms saved
[paleturquoise] Reactome...
[Reactome] ReactomePA not installed; skipping. Install with: BiocManager::install('ReactomePA')
[paleturquoise] Enrichr...
[foreground] input n=20 -> cleaned unique n=20
[foreground] invalid-format count=0
[Enrichr] Attempt 1 of 5 for: paleturquoise
[Enrichr] Saved: paleturquoise_enrichr.xlsx

--- Enriching module: skyblue (18 genes) ---
[skyblue] KEGG...
[KEGG] Done: 18 pathways saved
[skyblue] GO...
[GO BP] Done: 123 terms saved
[GO MF] Done: 31 terms saved
[GO CC] Done: 28 terms saved
[skyblue] Reactome...
[Reactome] ReactomePA not installed; skipping. Install with: BiocManager::install('ReactomePA')
[skyblue] Enrichr...
[foreground] input n=18 -> cleaned unique n=18
[foreground] invalid-format count=0
[Enrichr] Attempt 1 of 5 for: skyblue
[Enrichr] Saved: skyblue_enrichr.xlsx

--- Enriching module: darkgrey (17 genes) ---
[darkgrey] KEGG...
[KEGG] Done: 3 pathways saved
[darkgrey] GO...
[GO BP] Done: 185 terms saved
[GO MF] Done: 20 terms saved
[GO CC] Done: 5 terms saved
[darkgrey] Reactome...
[Reactome] ReactomePA not installed; skipping. Install with: BiocManager::install('ReactomePA')
[darkgrey] Enrichr...
[foreground] input n=17 -> cleaned unique n=17
[foreground] invalid-format count=0
[Enrichr] Attempt 1 of 5 for: darkgrey
[Enrichr] Saved: darkgrey_enrichr.xlsx

--- Enriching module: lightgreen (20 genes) ---
[lightgreen] KEGG...
[KEGG] Done: 10 pathways saved
[lightgreen] GO...
[GO BP] Done: 263 terms saved
[GO MF] Done: 65 terms saved
[GO CC] Done: 22 terms saved
[lightgreen] Reactome...
[Reactome] ReactomePA not installed; skipping. Install with: BiocManager::install('ReactomePA')
[lightgreen] Enrichr...
[foreground] input n=20 -> cleaned unique n=20
[foreground] invalid-format count=0
[Enrichr] Attempt 1 of 5 for: lightgreen
[Enrichr] Saved: lightgreen_enrichr.xlsx

--- Enriching module: salmon (20 genes) ---
[salmon] KEGG...
[KEGG] Done: 3 pathways saved
[salmon] GO...
[GO BP] Done: 167 terms saved
[GO MF] Done: 16 terms saved
[GO CC] Done: 25 terms saved
[salmon] Reactome...
[Reactome] ReactomePA not installed; skipping. Install with: BiocManager::install('ReactomePA')
[salmon] Enrichr...
[foreground] input n=20 -> cleaned unique n=20
[foreground] invalid-format count=0
[Enrichr] Attempt 1 of 5 for: salmon
[Enrichr] Saved: salmon_enrichr.xlsx

--- Enriching module: midnightblue (36 genes) ---
[midnightblue] KEGG...
[KEGG] Done: 13 pathways saved
[midnightblue] GO...
[GO BP] Done: 410 terms saved
[GO MF] Done: 62 terms saved
[GO CC] Done: 38 terms saved
[midnightblue] Reactome...
[Reactome] ReactomePA not installed; skipping. Install with: BiocManager::install('ReactomePA')
[midnightblue] Enrichr...
[foreground] input n=36 -> cleaned unique n=36
[foreground] invalid-format count=0
[Enrichr] Attempt 1 of 5 for: midnightblue
[Enrichr] Saved: midnightblue_enrichr.xlsx

--- Enriching module: darkmagenta (1 genes) ---
[darkmagenta] KEGG...
[darkmagenta] GO...
[darkmagenta] Reactome...
[Reactome] ReactomePA not installed; skipping. Install with: BiocManager::install('ReactomePA')
[darkmagenta] Enrichr...
[foreground] input n=1 -> cleaned unique n=1
[foreground] invalid-format count=0
[Enrichr] Attempt 1 of 5 for: darkmagenta

--- Enriching module: black (365 genes) ---
[black] KEGG...
[KEGG] Done: 205 pathways saved
[black] GO...
[GO BP] Done: 2678 terms saved
[GO MF] Done: 413 terms saved
[GO CC] Done: 288 terms saved
[black] Reactome...
[Reactome] ReactomePA not installed; skipping. Install with: BiocManager::install('ReactomePA')
[black] Enrichr...
[foreground] input n=365 -> cleaned unique n=365
[foreground] invalid-format count=0
[Enrichr] Attempt 1 of 5 for: black
[Enrichr] Saved: black_enrichr.xlsx

--- Enriching module: orange (30 genes) ---
[orange] KEGG...
[KEGG] Done: 12 pathways saved
[orange] GO...
[GO BP] Done: 356 terms saved
[GO MF] Done: 59 terms saved
[GO CC] Done: 79 terms saved
[orange] Reactome...
[Reactome] ReactomePA not installed; skipping. Install with: BiocManager::install('ReactomePA')
[orange] Enrichr...
[foreground] input n=30 -> cleaned unique n=30
[foreground] invalid-format count=0
[Enrichr] Attempt 1 of 5 for: orange
[Enrichr] Saved: orange_enrichr.xlsx

--- Enriching module: cyan (49 genes) ---
[cyan] KEGG...
[KEGG] Done: 62 pathways saved
[cyan] GO...
[GO BP] Done: 532 terms saved
[GO MF] Done: 141 terms saved
[GO CC] Done: 96 terms saved
[cyan] Reactome...
[Reactome] ReactomePA not installed; skipping. Install with: BiocManager::install('ReactomePA')
[cyan] Enrichr...
[foreground] input n=49 -> cleaned unique n=49
[foreground] invalid-format count=0
[Enrichr] Attempt 1 of 5 for: cyan
[Enrichr] Saved: cyan_enrichr.xlsx

--- Enriching module: brown (8241 genes) ---
[brown] KEGG...
[KEGG] Done: 351 pathways saved
[brown] GO...
[GO BP] Done: 6324 terms saved
[GO MF] Done: 1236 terms saved
[GO CC] Done: 736 terms saved
[brown] Reactome...
[Reactome] ReactomePA not installed; skipping. Install with: BiocManager::install('ReactomePA')
[brown] Enrichr...
[foreground] input n=8241 -> cleaned unique n=8241
[foreground] invalid-format count=0
[Enrichr] Attempt 1 of 5 for: brown
[Enrichr] Saved: brown_enrichr.xlsx

--- Enriching module: turquoise (13151 genes) ---
[turquoise] KEGG...
[KEGG] Done: 351 pathways saved
[turquoise] GO...
[GO BP] Done: 6370 terms saved
[GO MF] Done: 1254 terms saved
[GO CC] Done: 755 terms saved
[turquoise] Reactome...
[Reactome] ReactomePA not installed; skipping. Install with: BiocManager::install('ReactomePA')
[turquoise] Enrichr...
[foreground] input n=13151 -> cleaned unique n=13151
[foreground] invalid-format count=0
[Enrichr] Attempt 1 of 5 for: turquoise
[Enrichr] Saved: turquoise_enrichr.xlsx

--- Enriching module: violet (5 genes) ---
[violet] KEGG...
[KEGG] Done: 9 pathways saved
[violet] GO...
[GO BP] Done: 90 terms saved
[GO MF] Done: 16 terms saved
[GO CC] Done: 28 terms saved
[violet] Reactome...
[Reactome] ReactomePA not installed; skipping. Install with: BiocManager::install('ReactomePA')
[violet] Enrichr...
[foreground] input n=5 -> cleaned unique n=5
[foreground] invalid-format count=0
[Enrichr] Attempt 1 of 5 for: violet
[Enrichr] Saved: violet_enrichr.xlsx

--- Enriching module: purple (59 genes) ---
[purple] KEGG...
[KEGG] Done: 61 pathways saved
[purple] GO...
[GO BP] Done: 636 terms saved
[GO MF] Done: 102 terms saved
[GO CC] Done: 85 terms saved
[purple] Reactome...
[Reactome] ReactomePA not installed; skipping. Install with: BiocManager::install('ReactomePA')
[purple] Enrichr...
[foreground] input n=59 -> cleaned unique n=59
[foreground] invalid-format count=0
[Enrichr] Attempt 1 of 5 for: purple
[Enrichr] Saved: purple_enrichr.xlsx

--- Enriching module: royalblue (10 genes) ---
[royalblue] KEGG...
[KEGG] Done: 3 pathways saved
[royalblue] GO...
[GO BP] Done: 123 terms saved
[GO MF] Done: 33 terms saved
[GO CC] Done: 25 terms saved
[royalblue] Reactome...
[Reactome] ReactomePA not installed; skipping. Install with: BiocManager::install('ReactomePA')
[royalblue] Enrichr...
[foreground] input n=10 -> cleaned unique n=10
[foreground] invalid-format count=0
[Enrichr] Attempt 1 of 5 for: royalblue
[Enrichr] Saved: royalblue_enrichr.xlsx

--- Enriching module: white (24 genes) ---
[white] KEGG...
[KEGG] Done: 1 pathways saved
[white] GO...
[GO BP] Done: 48 terms saved
[GO MF] Done: 15 terms saved
[GO CC] Done: 12 terms saved
[white] Reactome...
[Reactome] ReactomePA not installed; skipping. Install with: BiocManager::install('ReactomePA')
[white] Enrichr...
[foreground] input n=24 -> cleaned unique n=24
[foreground] invalid-format count=0
[Enrichr] Attempt 1 of 5 for: white
[Enrichr] Saved: white_enrichr.xlsx

--- Summary plots (pvalue) ---
[plot] Saved: Summary_KEGG_top10_pvalue0.05.pdf
[plot] Saved: Summary_GO_BP_top10_pvalue0.05.pdf
[plot] Saved: Summary_GO_MF_top10_pvalue0.05.pdf
[plot] Saved: Summary_GO_CC_top10_pvalue0.05.pdf
[plot] No data to plot for: Top Reactome Pathways per Module
[plot] Saved: Summary_Enrichr_GO_Biological_Process_2025_top10_pvalue0.05.pdf
[plot] Saved: Summary_Enrichr_GO_Molecular_Function_2025_top10_pvalue0.05.pdf
[plot] Saved: Summary_Enrichr_GO_Cellular_Component_2025_top10_pvalue0.05.pdf
[plot] Saved: Summary_Enrichr_KEGG_2021_Human_top10_pvalue0.05.pdf
[plot] Saved: Summary_Enrichr_GWAS_Catalog_2025_top10_pvalue0.05.pdf
[plot] Saved: Summary_Enrichr_ClinVar_2025_top10_pvalue0.05.pdf
There were 50 or more warnings (use warnings() to see the first 50)


Starting Script 09b
Variants to process: 2

==============================
Running 09b for variant: v1_all_pcs
Output directory: /quobyte/lasallegrp/projects/CHDS/WGBS/2025_intergen_BrCa_comethyl_George/comethyl_output/09b_me_trait_presentation/cov3_75pct/covMin10_methSD0p07/v1_all_pcs
==============================

[getDendro] Clustering with bicor correlation as the distance
[plotMEtraitCor] Plotting ME trait correlation heatmap
[plotMEtraitCor] Drawing module color bar with labels
[plotMEtraitCor] Saving plot as /quobyte/lasallegrp/projects/CHDS/WGBS/2025_intergen_BrCa_comethyl_George/comethyl_output/09b_me_trait_presentation/cov3_75pct/covMin10_methSD0p07/v1_all_pcs/03_body_size_outcomes_F1/ME_Trait_Heatmap_FULL.pdf
[plotMEtraitCor] Plotting ME trait correlation heatmap
[plotMEtraitCor] Drawing module color bar with labels
[plotMEtraitCor] Saving plot as /quobyte/lasallegrp/projects/CHDS/WGBS/2025_intergen_BrCa_comethyl_George/comethyl_output/09b_me_trait_presentation/cov3_75pct/covMin10_methSD0p07/v1_all_pcs/03_body_size_outcomes_F1/ME_Trait_Heatmap_TOP.pdf
Done set '03_body_size_outcomes_F1' for variant 'v1_all_pcs'
  Traits found: 2 / 2
  Output: /quobyte/lasallegrp/projects/CHDS/WGBS/2025_intergen_BrCa_comethyl_George/comethyl_output/09b_me_trait_presentation/cov3_75pct/covMin10_methSD0p07/v1_all_pcs/03_body_size_outcomes_F1
[plotMEtraitCor] Plotting ME trait correlation heatmap
[plotMEtraitCor] Drawing module color bar with labels
[plotMEtraitCor] Saving plot as /quobyte/lasallegrp/projects/CHDS/WGBS/2025_intergen_BrCa_comethyl_George/comethyl_output/09b_me_trait_presentation/cov3_75pct/covMin10_methSD0p07/v1_all_pcs/04_organochlorine_exposures_ddt_dde/ME_Trait_Heatmap_FULL.pdf
[plotMEtraitCor] Plotting ME trait correlation heatmap
[plotMEtraitCor] Drawing module color bar with labels
[plotMEtraitCor] Saving plot as /quobyte/lasallegrp/projects/CHDS/WGBS/2025_intergen_BrCa_comethyl_George/comethyl_output/09b_me_trait_presentation/cov3_75pct/covMin10_methSD0p07/v1_all_pcs/04_organochlorine_exposures_ddt_dde/ME_Trait_Heatmap_TOP.pdf
Done set '04_organochlorine_exposures_ddt_dde' for variant 'v1_all_pcs'
  Traits found: 17 / 17
  Output: /quobyte/lasallegrp/projects/CHDS/WGBS/2025_intergen_BrCa_comethyl_George/comethyl_output/09b_me_trait_presentation/cov3_75pct/covMin10_methSD0p07/v1_all_pcs/04_organochlorine_exposures_ddt_dde
[plotMEtraitCor] Plotting ME trait correlation heatmap
[plotMEtraitCor] Drawing module color bar with labels
[plotMEtraitCor] Saving plot as /quobyte/lasallegrp/projects/CHDS/WGBS/2025_intergen_BrCa_comethyl_George/comethyl_output/09b_me_trait_presentation/cov3_75pct/covMin10_methSD0p07/v1_all_pcs/05_neighborhood_context_ice_variables/ME_Trait_Heatmap_FULL.pdf
[plotMEtraitCor] Plotting ME trait correlation heatmap
[plotMEtraitCor] Drawing module color bar with labels
[plotMEtraitCor] Saving plot as /quobyte/lasallegrp/projects/CHDS/WGBS/2025_intergen_BrCa_comethyl_George/comethyl_output/09b_me_trait_presentation/cov3_75pct/covMin10_methSD0p07/v1_all_pcs/05_neighborhood_context_ice_variables/ME_Trait_Heatmap_TOP.pdf
Done set '05_neighborhood_context_ice_variables' for variant 'v1_all_pcs'
  Traits found: 16 / 16
  Output: /quobyte/lasallegrp/projects/CHDS/WGBS/2025_intergen_BrCa_comethyl_George/comethyl_output/09b_me_trait_presentation/cov3_75pct/covMin10_methSD0p07/v1_all_pcs/05_neighborhood_context_ice_variables
[plotMEtraitCor] Plotting ME trait correlation heatmap
[plotMEtraitCor] Drawing module color bar with labels
[plotMEtraitCor] Saving plot as /quobyte/lasallegrp/projects/CHDS/WGBS/2025_intergen_BrCa_comethyl_George/comethyl_output/09b_me_trait_presentation/cov3_75pct/covMin10_methSD0p07/v1_all_pcs/06_puberty_and_menarche_variables/ME_Trait_Heatmap_FULL.pdf
[plotMEtraitCor] Plotting ME trait correlation heatmap
[plotMEtraitCor] Drawing module color bar with labels
[plotMEtraitCor] Saving plot as /quobyte/lasallegrp/projects/CHDS/WGBS/2025_intergen_BrCa_comethyl_George/comethyl_output/09b_me_trait_presentation/cov3_75pct/covMin10_methSD0p07/v1_all_pcs/06_puberty_and_menarche_variables/ME_Trait_Heatmap_TOP.pdf
Done set '06_puberty_and_menarche_variables' for variant 'v1_all_pcs'
  Traits found: 3 / 3
  Output: /quobyte/lasallegrp/projects/CHDS/WGBS/2025_intergen_BrCa_comethyl_George/comethyl_output/09b_me_trait_presentation/cov3_75pct/covMin10_methSD0p07/v1_all_pcs/06_puberty_and_menarche_variables
[plotMEtraitCor] Plotting ME trait correlation heatmap
[plotMEtraitCor] Drawing module color bar with labels
[plotMEtraitCor] Saving plot as /quobyte/lasallegrp/projects/CHDS/WGBS/2025_intergen_BrCa_comethyl_George/comethyl_output/09b_me_trait_presentation/cov3_75pct/covMin10_methSD0p07/v1_all_pcs/07_breast_cancer_outcomes/ME_Trait_Heatmap_FULL.pdf
[plotMEtraitCor] Plotting ME trait correlation heatmap
[plotMEtraitCor] Drawing module color bar with labels
[plotMEtraitCor] Saving plot as /quobyte/lasallegrp/projects/CHDS/WGBS/2025_intergen_BrCa_comethyl_George/comethyl_output/09b_me_trait_presentation/cov3_75pct/covMin10_methSD0p07/v1_all_pcs/07_breast_cancer_outcomes/ME_Trait_Heatmap_TOP.pdf
Done set '07_breast_cancer_outcomes' for variant 'v1_all_pcs'
  Traits found: 2 / 2
  Output: /quobyte/lasallegrp/projects/CHDS/WGBS/2025_intergen_BrCa_comethyl_George/comethyl_output/09b_me_trait_presentation/cov3_75pct/covMin10_methSD0p07/v1_all_pcs/07_breast_cancer_outcomes
Finished variant: v1_all_pcs

==============================
Running 09b for variant: v2_exclude_protected_pcs
Output directory: /quobyte/lasallegrp/projects/CHDS/WGBS/2025_intergen_BrCa_comethyl_George/comethyl_output/09b_me_trait_presentation/cov3_75pct/covMin10_methSD0p07/v2_exclude_protected_pcs
==============================

[getDendro] Clustering with bicor correlation as the distance
[plotMEtraitCor] Plotting ME trait correlation heatmap
[plotMEtraitCor] Drawing module color bar with labels
[plotMEtraitCor] Saving plot as /quobyte/lasallegrp/projects/CHDS/WGBS/2025_intergen_BrCa_comethyl_George/comethyl_output/09b_me_trait_presentation/cov3_75pct/covMin10_methSD0p07/v2_exclude_protected_pcs/03_body_size_outcomes_F1/ME_Trait_Heatmap_FULL.pdf
[plotMEtraitCor] Plotting ME trait correlation heatmap
[plotMEtraitCor] Drawing module color bar with labels
[plotMEtraitCor] Saving plot as /quobyte/lasallegrp/projects/CHDS/WGBS/2025_intergen_BrCa_comethyl_George/comethyl_output/09b_me_trait_presentation/cov3_75pct/covMin10_methSD0p07/v2_exclude_protected_pcs/03_body_size_outcomes_F1/ME_Trait_Heatmap_TOP.pdf
Done set '03_body_size_outcomes_F1' for variant 'v2_exclude_protected_pcs'
  Traits found: 2 / 2
  Output: /quobyte/lasallegrp/projects/CHDS/WGBS/2025_intergen_BrCa_comethyl_George/comethyl_output/09b_me_trait_presentation/cov3_75pct/covMin10_methSD0p07/v2_exclude_protected_pcs/03_body_size_outcomes_F1
[plotMEtraitCor] Plotting ME trait correlation heatmap
[plotMEtraitCor] Drawing module color bar with labels
[plotMEtraitCor] Saving plot as /quobyte/lasallegrp/projects/CHDS/WGBS/2025_intergen_BrCa_comethyl_George/comethyl_output/09b_me_trait_presentation/cov3_75pct/covMin10_methSD0p07/v2_exclude_protected_pcs/04_organochlorine_exposures_ddt_dde/ME_Trait_Heatmap_FULL.pdf
[plotMEtraitCor] Plotting ME trait correlation heatmap
[plotMEtraitCor] Drawing module color bar with labels
[plotMEtraitCor] Saving plot as /quobyte/lasallegrp/projects/CHDS/WGBS/2025_intergen_BrCa_comethyl_George/comethyl_output/09b_me_trait_presentation/cov3_75pct/covMin10_methSD0p07/v2_exclude_protected_pcs/04_organochlorine_exposures_ddt_dde/ME_Trait_Heatmap_TOP.pdf
Done set '04_organochlorine_exposures_ddt_dde' for variant 'v2_exclude_protected_pcs'
  Traits found: 17 / 17
  Output: /quobyte/lasallegrp/projects/CHDS/WGBS/2025_intergen_BrCa_comethyl_George/comethyl_output/09b_me_trait_presentation/cov3_75pct/covMin10_methSD0p07/v2_exclude_protected_pcs/04_organochlorine_exposures_ddt_dde
[plotMEtraitCor] Plotting ME trait correlation heatmap
[plotMEtraitCor] Drawing module color bar with labels
[plotMEtraitCor] Saving plot as /quobyte/lasallegrp/projects/CHDS/WGBS/2025_intergen_BrCa_comethyl_George/comethyl_output/09b_me_trait_presentation/cov3_75pct/covMin10_methSD0p07/v2_exclude_protected_pcs/05_neighborhood_context_ice_variables/ME_Trait_Heatmap_FULL.pdf
[plotMEtraitCor] Plotting ME trait correlation heatmap
[plotMEtraitCor] Drawing module color bar with labels
[plotMEtraitCor] Saving plot as /quobyte/lasallegrp/projects/CHDS/WGBS/2025_intergen_BrCa_comethyl_George/comethyl_output/09b_me_trait_presentation/cov3_75pct/covMin10_methSD0p07/v2_exclude_protected_pcs/05_neighborhood_context_ice_variables/ME_Trait_Heatmap_TOP.pdf
Done set '05_neighborhood_context_ice_variables' for variant 'v2_exclude_protected_pcs'
  Traits found: 16 / 16
  Output: /quobyte/lasallegrp/projects/CHDS/WGBS/2025_intergen_BrCa_comethyl_George/comethyl_output/09b_me_trait_presentation/cov3_75pct/covMin10_methSD0p07/v2_exclude_protected_pcs/05_neighborhood_context_ice_variables
[plotMEtraitCor] Plotting ME trait correlation heatmap
[plotMEtraitCor] Drawing module color bar with labels
[plotMEtraitCor] Saving plot as /quobyte/lasallegrp/projects/CHDS/WGBS/2025_intergen_BrCa_comethyl_George/comethyl_output/09b_me_trait_presentation/cov3_75pct/covMin10_methSD0p07/v2_exclude_protected_pcs/06_puberty_and_menarche_variables/ME_Trait_Heatmap_FULL.pdf
[plotMEtraitCor] Plotting ME trait correlation heatmap
[plotMEtraitCor] Drawing module color bar with labels
[plotMEtraitCor] Saving plot as /quobyte/lasallegrp/projects/CHDS/WGBS/2025_intergen_BrCa_comethyl_George/comethyl_output/09b_me_trait_presentation/cov3_75pct/covMin10_methSD0p07/v2_exclude_protected_pcs/06_puberty_and_menarche_variables/ME_Trait_Heatmap_TOP.pdf
Done set '06_puberty_and_menarche_variables' for variant 'v2_exclude_protected_pcs'
  Traits found: 3 / 3
  Output: /quobyte/lasallegrp/projects/CHDS/WGBS/2025_intergen_BrCa_comethyl_George/comethyl_output/09b_me_trait_presentation/cov3_75pct/covMin10_methSD0p07/v2_exclude_protected_pcs/06_puberty_and_menarche_variables
[plotMEtraitCor] Plotting ME trait correlation heatmap
[plotMEtraitCor] Drawing module color bar with labels
[plotMEtraitCor] Saving plot as /quobyte/lasallegrp/projects/CHDS/WGBS/2025_intergen_BrCa_comethyl_George/comethyl_output/09b_me_trait_presentation/cov3_75pct/covMin10_methSD0p07/v2_exclude_protected_pcs/07_breast_cancer_outcomes/ME_Trait_Heatmap_FULL.pdf
[plotMEtraitCor] Plotting ME trait correlation heatmap
[plotMEtraitCor] Drawing module color bar with labels
[plotMEtraitCor] Saving plot as /quobyte/lasallegrp/projects/CHDS/WGBS/2025_intergen_BrCa_comethyl_George/comethyl_output/09b_me_trait_presentation/cov3_75pct/covMin10_methSD0p07/v2_exclude_protected_pcs/07_breast_cancer_outcomes/ME_Trait_Heatmap_TOP.pdf
Done set '07_breast_cancer_outcomes' for variant 'v2_exclude_protected_pcs'
  Traits found: 2 / 2
  Output: /quobyte/lasallegrp/projects/CHDS/WGBS/2025_intergen_BrCa_comethyl_George/comethyl_output/09b_me_trait_presentation/cov3_75pct/covMin10_methSD0p07/v2_exclude_protected_pcs/07_breast_cancer_outcomes
Finished variant: v2_exclude_protected_pcs
Script 09a complete: Presentation ME-trait finished
Outputs saved under: /quobyte/lasallegrp/projects/CHDS/WGBS/2025_intergen_BrCa_comethyl_George/comethyl_output/09b_me_trait_presentation
Starting Script 11
Output directory: /quobyte/lasallegrp/projects/CHDS/WGBS/2025_intergen_BrCa_comethyl_George/comethyl_output/11_me_trait_pair_plots/cov3_75pct/covMin10_methSD0p07/v1_all_pcs
[readSampleInfo] Reading sample info: /quobyte/lasallegrp/projects/CHDS/WGBS/2025_intergen_BrCa_comethyl_George/data/metadata/Intergen173.xlsx
[readSampleInfo] No sample_id_col provided; using existing rownames.
[readSampleInfo] First 6 rownames used as sample IDs:
Samples in common: 173
Modules available: 3
Traits available: 46
[03_body_size_outcomes_F1] Pairs to plot: 1
✓ Done set: 03_body_size_outcomes_F1
  Output: /quobyte/lasallegrp/projects/CHDS/WGBS/2025_intergen_BrCa_comethyl_George/comethyl_output/11_me_trait_pair_plots/cov3_75pct/covMin10_methSD0p07/v1_all_pcs/03_body_size_outcomes_F1
[04_organochlorine_exposures_ddt_dde] Pairs to plot: 4
✓ Done set: 04_organochlorine_exposures_ddt_dde
  Output: /quobyte/lasallegrp/projects/CHDS/WGBS/2025_intergen_BrCa_comethyl_George/comethyl_output/11_me_trait_pair_plots/cov3_75pct/covMin10_methSD0p07/v1_all_pcs/04_organochlorine_exposures_ddt_dde
[05_neighborhood_context_ice_variables] Pairs to plot: 3
✓ Done set: 05_neighborhood_context_ice_variables
  Output: /quobyte/lasallegrp/projects/CHDS/WGBS/2025_intergen_BrCa_comethyl_George/comethyl_output/11_me_trait_pair_plots/cov3_75pct/covMin10_methSD0p07/v1_all_pcs/05_neighborhood_context_ice_variables
[06_puberty_and_menarche_variables] Pairs to plot: 2
✓ Done set: 06_puberty_and_menarche_variables
  Output: /quobyte/lasallegrp/projects/CHDS/WGBS/2025_intergen_BrCa_comethyl_George/comethyl_output/11_me_trait_pair_plots/cov3_75pct/covMin10_methSD0p07/v1_all_pcs/06_puberty_and_menarche_variables
Skipping set 07_breast_cancer_outcomes: no module-trait pairs left after filtering.
Script 10 complete: ME-trait pair plots finished
Outputs saved under:
  /quobyte/lasallegrp/projects/CHDS/WGBS/2025_intergen_BrCa_comethyl_George/comethyl_output/11_me_trait_pair_plots/cov3_75pct/covMin10_methSD0p07/v1_all_pcs
Starting Script 11
Output directory: /quobyte/lasallegrp/projects/CHDS/WGBS/2025_intergen_BrCa_comethyl_George/comethyl_output/11_me_trait_pair_plots/cov3_75pct/covMin10_methSD0p07/v2_exclude_protected_pcs
[readSampleInfo] Reading sample info: /quobyte/lasallegrp/projects/CHDS/WGBS/2025_intergen_BrCa_comethyl_George/data/metadata/Intergen173.xlsx
[readSampleInfo] No sample_id_col provided; using existing rownames.
[readSampleInfo] First 6 rownames used as sample IDs:
Samples in common: 173
Modules available: 35
Traits available: 46
[03_body_size_outcomes_F1] Pairs to plot: 5
✓ Done set: 03_body_size_outcomes_F1
  Output: /quobyte/lasallegrp/projects/CHDS/WGBS/2025_intergen_BrCa_comethyl_George/comethyl_output/11_me_trait_pair_plots/cov3_75pct/covMin10_methSD0p07/v2_exclude_protected_pcs/03_body_size_outcomes_F1
[04_organochlorine_exposures_ddt_dde] Pairs to plot: 35
✓ Done set: 04_organochlorine_exposures_ddt_dde
  Output: /quobyte/lasallegrp/projects/CHDS/WGBS/2025_intergen_BrCa_comethyl_George/comethyl_output/11_me_trait_pair_plots/cov3_75pct/covMin10_methSD0p07/v2_exclude_protected_pcs/04_organochlorine_exposures_ddt_dde
[05_neighborhood_context_ice_variables] Pairs to plot: 50
✓ Done set: 05_neighborhood_context_ice_variables
  Output: /quobyte/lasallegrp/projects/CHDS/WGBS/2025_intergen_BrCa_comethyl_George/comethyl_output/11_me_trait_pair_plots/cov3_75pct/covMin10_methSD0p07/v2_exclude_protected_pcs/05_neighborhood_context_ice_variables
[06_puberty_and_menarche_variables] Pairs to plot: 17
✓ Done set: 06_puberty_and_menarche_variables
  Output: /quobyte/lasallegrp/projects/CHDS/WGBS/2025_intergen_BrCa_comethyl_George/comethyl_output/11_me_trait_pair_plots/cov3_75pct/covMin10_methSD0p07/v2_exclude_protected_pcs/06_puberty_and_menarche_variables
[07_breast_cancer_outcomes] Pairs to plot: 3
✓ Done set: 07_breast_cancer_outcomes
  Output: /quobyte/lasallegrp/projects/CHDS/WGBS/2025_intergen_BrCa_comethyl_George/comethyl_output/11_me_trait_pair_plots/cov3_75pct/covMin10_methSD0p07/v2_exclude_protected_pcs/07_breast_cancer_outcomes
There were 38 warnings (use warnings() to see them)
Script 10 complete: ME-trait pair plots finished
Outputs saved under:
  /quobyte/lasallegrp/projects/CHDS/WGBS/2025_intergen_BrCa_comethyl_George/comethyl_output/11_me_trait_pair_plots/cov3_75pct/covMin10_methSD0p07/v2_exclude_protected_pcs
Starting Script 12b
Warning message:
In value[[3L]](cond) :
  Could not validate Enrichr DBs; using requested list as-is. Reason: Could not resolve hostname [maayanlab.cloud]:
Could not resolve host: maayanlab.cloud

======================================================
Running config [list: 03_body_size_outcomes_F1]
======================================================

--- Enriching module: darkolivegreen (2 genes) ---
[darkolivegreen] Enrichr...
[foreground] input n=2 -> cleaned unique n=2
[foreground] invalid-format count=0
[Enrichr] Attempt 1 of 5 for: darkolivegreen
[Enrichr] Failed attempt 1: Could not resolve hostname [maayanlab.cloud]:
Could not resolve host: maayanlab.cloud — retrying in 2s
[Enrichr] Attempt 2 of 5 for: darkolivegreen
[Enrichr] Failed attempt 2: Could not resolve hostname [maayanlab.cloud]:
Could not resolve host: maayanlab.cloud — retrying in 2s
[Enrichr] Attempt 3 of 5 for: darkolivegreen
[Enrichr] Failed attempt 3: Could not resolve hostname [maayanlab.cloud]:
Could not resolve host: maayanlab.cloud — retrying in 2s
[Enrichr] Attempt 4 of 5 for: darkolivegreen
[Enrichr] Failed attempt 4: Could not resolve hostname [maayanlab.cloud]:
Could not resolve host: maayanlab.cloud — retrying in 2s
[Enrichr] Attempt 5 of 5 for: darkolivegreen

--- Enriching module: yellow (6360 genes) ---
[yellow] Enrichr...
[foreground] input n=6360 -> cleaned unique n=6360
[foreground] invalid-format count=0
[Enrichr] Attempt 1 of 5 for: yellow
[Enrichr] Failed attempt 1: Could not resolve hostname [maayanlab.cloud]:
Could not resolve host: maayanlab.cloud — retrying in 2s
[Enrichr] Attempt 2 of 5 for: yellow
[Enrichr] Failed attempt 2: Could not resolve hostname [maayanlab.cloud]:
Could not resolve host: maayanlab.cloud — retrying in 2s
[Enrichr] Attempt 3 of 5 for: yellow
[Enrichr] Failed attempt 3: Could not resolve hostname [maayanlab.cloud]:
Could not resolve host: maayanlab.cloud — retrying in 2s
[Enrichr] Attempt 4 of 5 for: yellow
[Enrichr] Saved: yellow_enrichr.xlsx

--- Enriching module: magenta (42 genes) ---
[magenta] Enrichr...
[foreground] input n=42 -> cleaned unique n=42
[foreground] invalid-format count=0
[Enrichr] Attempt 1 of 5 for: magenta
[Enrichr] Saved: magenta_enrichr.xlsx

--- Enriching module: brown (8241 genes) ---
[brown] Enrichr...
[foreground] input n=8241 -> cleaned unique n=8241
[foreground] invalid-format count=0
[Enrichr] Attempt 1 of 5 for: brown
[Enrichr] Saved: brown_enrichr.xlsx

--- Summary plots (pvalue) ---
[plot] Saved: Summary_Enrichr_GO_Biological_Process_2025_top8_pvalue0.05.pdf
[plot] Saved: Summary_Enrichr_GO_Molecular_Function_2025_top8_pvalue0.05.pdf
[plot] Saved: Summary_Enrichr_GO_Cellular_Component_2025_top8_pvalue0.05.pdf
[plot] Saved: Summary_Enrichr_KEGG_2021_Human_top8_pvalue0.05.pdf
[plot] Saved: Summary_Enrichr_GWAS_Catalog_2025_top8_pvalue0.05.pdf
[plot] Saved: Summary_Enrichr_ClinVar_2025_top8_pvalue0.05.pdf

======================================================
Running config [list: 04_organochlorine_exposures_ddt_dde]
======================================================

--- Enriching module: green (1594 genes) ---
[green] Enrichr...
[foreground] input n=1594 -> cleaned unique n=1594
[foreground] invalid-format count=0
[Enrichr] Attempt 1 of 5 for: green
[Enrichr] Saved: green_enrichr.xlsx

--- Enriching module: blue (9294 genes) ---
[blue] Enrichr...
[foreground] input n=9294 -> cleaned unique n=9294
[foreground] invalid-format count=0
[Enrichr] Attempt 1 of 5 for: blue
[Enrichr] Saved: blue_enrichr.xlsx

--- Enriching module: darkolivegreen (2 genes) ---
[darkolivegreen] Enrichr...
[foreground] input n=2 -> cleaned unique n=2
[foreground] invalid-format count=0
[Enrichr] Attempt 1 of 5 for: darkolivegreen
[Enrichr] Saved: darkolivegreen_enrichr.xlsx

--- Enriching module: grey60 (21 genes) ---
[grey60] Enrichr...
[foreground] input n=21 -> cleaned unique n=21
[foreground] invalid-format count=0
[Enrichr] Attempt 1 of 5 for: grey60
[Enrichr] Saved: grey60_enrichr.xlsx

--- Enriching module: lightcyan (42 genes) ---
[lightcyan] Enrichr...
[foreground] input n=42 -> cleaned unique n=42
[foreground] invalid-format count=0
[Enrichr] Attempt 1 of 5 for: lightcyan
[Enrichr] Saved: lightcyan_enrichr.xlsx

--- Enriching module: lightyellow (34 genes) ---
[lightyellow] Enrichr...
[foreground] input n=34 -> cleaned unique n=34
[foreground] invalid-format count=0
[Enrichr] Attempt 1 of 5 for: lightyellow
[Enrichr] Saved: lightyellow_enrichr.xlsx

--- Enriching module: yellow (6360 genes) ---
[yellow] Enrichr...
[foreground] input n=6360 -> cleaned unique n=6360
[foreground] invalid-format count=0
[Enrichr] Attempt 1 of 5 for: yellow
[Enrichr] Saved: yellow_enrichr.xlsx

--- Enriching module: darkgreen (25 genes) ---
[darkgreen] Enrichr...
[foreground] input n=25 -> cleaned unique n=25
[foreground] invalid-format count=0
[Enrichr] Attempt 1 of 5 for: darkgreen
[Enrichr] Saved: darkgreen_enrichr.xlsx

--- Enriching module: paleturquoise (20 genes) ---
[paleturquoise] Enrichr...
[foreground] input n=20 -> cleaned unique n=20
[foreground] invalid-format count=0
[Enrichr] Attempt 1 of 5 for: paleturquoise
[Enrichr] Saved: paleturquoise_enrichr.xlsx

--- Enriching module: black (365 genes) ---
[black] Enrichr...
[foreground] input n=365 -> cleaned unique n=365
[foreground] invalid-format count=0
[Enrichr] Attempt 1 of 5 for: black
[Enrichr] Saved: black_enrichr.xlsx

--- Enriching module: orange (30 genes) ---
[orange] Enrichr...
[foreground] input n=30 -> cleaned unique n=30
[foreground] invalid-format count=0
[Enrichr] Attempt 1 of 5 for: orange
[Enrichr] Saved: orange_enrichr.xlsx

--- Enriching module: brown (8241 genes) ---
[brown] Enrichr...
[foreground] input n=8241 -> cleaned unique n=8241
[foreground] invalid-format count=0
[Enrichr] Attempt 1 of 5 for: brown
[Enrichr] Saved: brown_enrichr.xlsx

--- Enriching module: turquoise (13151 genes) ---
[turquoise] Enrichr...
[foreground] input n=13151 -> cleaned unique n=13151
[foreground] invalid-format count=0
[Enrichr] Attempt 1 of 5 for: turquoise
[Enrichr] Saved: turquoise_enrichr.xlsx

--- Enriching module: violet (5 genes) ---
[violet] Enrichr...
[foreground] input n=5 -> cleaned unique n=5
[foreground] invalid-format count=0
[Enrichr] Attempt 1 of 5 for: violet
[Enrichr] Saved: violet_enrichr.xlsx

--- Enriching module: saddlebrown (19 genes) ---
[saddlebrown] Enrichr...
[foreground] input n=19 -> cleaned unique n=19
[foreground] invalid-format count=0
[Enrichr] Attempt 1 of 5 for: saddlebrown
[Enrichr] Saved: saddlebrown_enrichr.xlsx

--- Enriching module: white (24 genes) ---
[white] Enrichr...
[foreground] input n=24 -> cleaned unique n=24
[foreground] invalid-format count=0
[Enrichr] Attempt 1 of 5 for: white
[Enrichr] Saved: white_enrichr.xlsx

--- Summary plots (pvalue) ---
[plot] Saved: Summary_Enrichr_GO_Biological_Process_2025_top8_pvalue0.05.pdf
[plot] Saved: Summary_Enrichr_GO_Molecular_Function_2025_top8_pvalue0.05.pdf
[plot] Saved: Summary_Enrichr_GO_Cellular_Component_2025_top8_pvalue0.05.pdf
[plot] Saved: Summary_Enrichr_KEGG_2021_Human_top8_pvalue0.05.pdf
[plot] Saved: Summary_Enrichr_GWAS_Catalog_2025_top8_pvalue0.05.pdf
[plot] Saved: Summary_Enrichr_ClinVar_2025_top8_pvalue0.05.pdf

======================================================
Running config [list: 05_neighborhood_context_ice_variables]
======================================================

--- Enriching module: turquoise (9 genes) ---
[turquoise] Enrichr...
[foreground] input n=9 -> cleaned unique n=9
[foreground] invalid-format count=0
[Enrichr] Attempt 1 of 5 for: turquoise

--- Summary plots (pvalue) ---
[plot_enrichr] No data for DB: GO_Biological_Process_2025
[plot_enrichr] No data for DB: GO_Molecular_Function_2025
[plot_enrichr] No data for DB: GO_Cellular_Component_2025
[plot_enrichr] No data for DB: KEGG_2021_Human
[plot_enrichr] No data for DB: GWAS_Catalog_2025
[plot_enrichr] No data for DB: ClinVar_2025

--- Enriching module: red (337 genes) ---
[red] Enrichr...
[foreground] input n=337 -> cleaned unique n=337
[foreground] invalid-format count=0
[Enrichr] Attempt 1 of 5 for: red
[Enrichr] Saved: red_enrichr.xlsx

--- Enriching module: darkred (26 genes) ---
[darkred] Enrichr...
[foreground] input n=26 -> cleaned unique n=26
[foreground] invalid-format count=0
[Enrichr] Attempt 1 of 5 for: darkred
[Enrichr] Saved: darkred_enrichr.xlsx

--- Enriching module: darkturquoise (23 genes) ---
[darkturquoise] Enrichr...
[foreground] input n=23 -> cleaned unique n=23
[foreground] invalid-format count=0
[Enrichr] Attempt 1 of 5 for: darkturquoise
[Enrichr] Saved: darkturquoise_enrichr.xlsx

--- Enriching module: tan (38 genes) ---
[tan] Enrichr...
[foreground] input n=38 -> cleaned unique n=38
[foreground] invalid-format count=0
[Enrichr] Attempt 1 of 5 for: tan
[Enrichr] Saved: tan_enrichr.xlsx

--- Enriching module: darkolivegreen (2 genes) ---
[darkolivegreen] Enrichr...
[foreground] input n=2 -> cleaned unique n=2
[foreground] invalid-format count=0
[Enrichr] Attempt 1 of 5 for: darkolivegreen
[Enrichr] Saved: darkolivegreen_enrichr.xlsx

--- Enriching module: darkorange (29 genes) ---
[darkorange] Enrichr...
[foreground] input n=29 -> cleaned unique n=29
[foreground] invalid-format count=0
[Enrichr] Attempt 1 of 5 for: darkorange
[Enrichr] Saved: darkorange_enrichr.xlsx

--- Enriching module: lightcyan (42 genes) ---
[lightcyan] Enrichr...
[foreground] input n=42 -> cleaned unique n=42
[foreground] invalid-format count=0
[Enrichr] Attempt 1 of 5 for: lightcyan
[Enrichr] Saved: lightcyan_enrichr.xlsx

--- Enriching module: lightyellow (34 genes) ---
[lightyellow] Enrichr...
[foreground] input n=34 -> cleaned unique n=34
[foreground] invalid-format count=0
[Enrichr] Attempt 1 of 5 for: lightyellow
[Enrichr] Saved: lightyellow_enrichr.xlsx

--- Enriching module: pink (49 genes) ---
[pink] Enrichr...
[foreground] input n=49 -> cleaned unique n=49
[foreground] invalid-format count=0
[Enrichr] Attempt 1 of 5 for: pink
[Enrichr] Saved: pink_enrichr.xlsx

--- Enriching module: yellow (6360 genes) ---
[yellow] Enrichr...
[foreground] input n=6360 -> cleaned unique n=6360
[foreground] invalid-format count=0
[Enrichr] Attempt 1 of 5 for: yellow
[Enrichr] Saved: yellow_enrichr.xlsx

--- Enriching module: darkgreen (25 genes) ---
[darkgreen] Enrichr...
[foreground] input n=25 -> cleaned unique n=25
[foreground] invalid-format count=0
[Enrichr] Attempt 1 of 5 for: darkgreen
[Enrichr] Saved: darkgreen_enrichr.xlsx

--- Enriching module: magenta (42 genes) ---
[magenta] Enrichr...
[foreground] input n=42 -> cleaned unique n=42
[foreground] invalid-format count=0
[Enrichr] Attempt 1 of 5 for: magenta
[Enrichr] Saved: magenta_enrichr.xlsx

--- Enriching module: skyblue (18 genes) ---
[skyblue] Enrichr...
[foreground] input n=18 -> cleaned unique n=18
[foreground] invalid-format count=0
[Enrichr] Attempt 1 of 5 for: skyblue
[Enrichr] Saved: skyblue_enrichr.xlsx

--- Enriching module: lightgreen (20 genes) ---
[lightgreen] Enrichr...
[foreground] input n=20 -> cleaned unique n=20
[foreground] invalid-format count=0
[Enrichr] Attempt 1 of 5 for: lightgreen
[Enrichr] Saved: lightgreen_enrichr.xlsx

--- Enriching module: salmon (20 genes) ---
[salmon] Enrichr...
[foreground] input n=20 -> cleaned unique n=20
[foreground] invalid-format count=0
[Enrichr] Attempt 1 of 5 for: salmon
[Enrichr] Saved: salmon_enrichr.xlsx

--- Enriching module: midnightblue (36 genes) ---
[midnightblue] Enrichr...
[foreground] input n=36 -> cleaned unique n=36
[foreground] invalid-format count=0
[Enrichr] Attempt 1 of 5 for: midnightblue
[Enrichr] Saved: midnightblue_enrichr.xlsx

--- Enriching module: black (365 genes) ---
[black] Enrichr...
[foreground] input n=365 -> cleaned unique n=365
[foreground] invalid-format count=0
[Enrichr] Attempt 1 of 5 for: black
[Enrichr] Saved: black_enrichr.xlsx

--- Enriching module: orange (30 genes) ---
[orange] Enrichr...
[foreground] input n=30 -> cleaned unique n=30
[foreground] invalid-format count=0
[Enrichr] Attempt 1 of 5 for: orange
[Enrichr] Saved: orange_enrichr.xlsx

--- Enriching module: cyan (49 genes) ---
[cyan] Enrichr...
[foreground] input n=49 -> cleaned unique n=49
[foreground] invalid-format count=0
[Enrichr] Attempt 1 of 5 for: cyan
[Enrichr] Saved: cyan_enrichr.xlsx

--- Enriching module: brown (8241 genes) ---
[brown] Enrichr...
[foreground] input n=8241 -> cleaned unique n=8241
[foreground] invalid-format count=0
[Enrichr] Attempt 1 of 5 for: brown
[Enrichr] Saved: brown_enrichr.xlsx

--- Enriching module: turquoise (13151 genes) ---
[turquoise] Enrichr...
[foreground] input n=13151 -> cleaned unique n=13151
[foreground] invalid-format count=0
[Enrichr] Attempt 1 of 5 for: turquoise
[Enrichr] Saved: turquoise_enrichr.xlsx

--- Enriching module: violet (5 genes) ---
[violet] Enrichr...
[foreground] input n=5 -> cleaned unique n=5
[foreground] invalid-format count=0
[Enrichr] Attempt 1 of 5 for: violet
[Enrichr] Saved: violet_enrichr.xlsx

--- Enriching module: purple (59 genes) ---
[purple] Enrichr...
[foreground] input n=59 -> cleaned unique n=59
[foreground] invalid-format count=0
[Enrichr] Attempt 1 of 5 for: purple
[Enrichr] Saved: purple_enrichr.xlsx

--- Enriching module: royalblue (10 genes) ---
[royalblue] Enrichr...
[foreground] input n=10 -> cleaned unique n=10
[foreground] invalid-format count=0
[Enrichr] Attempt 1 of 5 for: royalblue
[Enrichr] Saved: royalblue_enrichr.xlsx

--- Enriching module: white (24 genes) ---
[white] Enrichr...
[foreground] input n=24 -> cleaned unique n=24
[foreground] invalid-format count=0
[Enrichr] Attempt 1 of 5 for: white
[Enrichr] Saved: white_enrichr.xlsx

--- Summary plots (pvalue) ---
[plot] Saved: Summary_Enrichr_GO_Biological_Process_2025_top8_pvalue0.05.pdf
[plot] Saved: Summary_Enrichr_GO_Molecular_Function_2025_top8_pvalue0.05.pdf
[plot] Saved: Summary_Enrichr_GO_Cellular_Component_2025_top8_pvalue0.05.pdf
[plot] Saved: Summary_Enrichr_KEGG_2021_Human_top8_pvalue0.05.pdf
[plot] Saved: Summary_Enrichr_GWAS_Catalog_2025_top8_pvalue0.05.pdf
[plot] Saved: Summary_Enrichr_ClinVar_2025_top8_pvalue0.05.pdf

======================================================
Running config [list: 06_puberty_and_menarche_variables]
======================================================

--- Enriching module: blue (2 genes) ---
[blue] Enrichr...
[foreground] input n=2 -> cleaned unique n=2
[foreground] invalid-format count=0
[Enrichr] Attempt 1 of 5 for: blue
[Enrichr] Saved: blue_enrichr.xlsx

--- Summary plots (pvalue) ---
[plot] Saved: Summary_Enrichr_GO_Biological_Process_2025_top8_pvalue0.05.pdf
[plot] Saved: Summary_Enrichr_GO_Molecular_Function_2025_top8_pvalue0.05.pdf
[plot] Saved: Summary_Enrichr_GO_Cellular_Component_2025_top8_pvalue0.05.pdf
[plot] Saved: Summary_Enrichr_KEGG_2021_Human_top8_pvalue0.05.pdf
[plot] Saved: Summary_Enrichr_GWAS_Catalog_2025_top8_pvalue0.05.pdf
[plot] Saved: Summary_Enrichr_ClinVar_2025_top8_pvalue0.05.pdf

--- Enriching module: red (337 genes) ---
[red] Enrichr...
[foreground] input n=337 -> cleaned unique n=337
[foreground] invalid-format count=0
[Enrichr] Attempt 1 of 5 for: red
[Enrichr] Saved: red_enrichr.xlsx

--- Enriching module: darkolivegreen (2 genes) ---
[darkolivegreen] Enrichr...
[foreground] input n=2 -> cleaned unique n=2
[foreground] invalid-format count=0
[Enrichr] Attempt 1 of 5 for: darkolivegreen
[Enrichr] Saved: darkolivegreen_enrichr.xlsx

--- Enriching module: pink (49 genes) ---
[pink] Enrichr...
[foreground] input n=49 -> cleaned unique n=49
[foreground] invalid-format count=0
[Enrichr] Attempt 1 of 5 for: pink
[Enrichr] Saved: pink_enrichr.xlsx

--- Enriching module: yellow (6360 genes) ---
[yellow] Enrichr...
[foreground] input n=6360 -> cleaned unique n=6360
[foreground] invalid-format count=0
[Enrichr] Attempt 1 of 5 for: yellow
[Enrichr] Saved: yellow_enrichr.xlsx

--- Enriching module: magenta (42 genes) ---
[magenta] Enrichr...
[foreground] input n=42 -> cleaned unique n=42
[foreground] invalid-format count=0
[Enrichr] Attempt 1 of 5 for: magenta
[Enrichr] Saved: magenta_enrichr.xlsx

--- Enriching module: midnightblue (36 genes) ---
[midnightblue] Enrichr...
[foreground] input n=36 -> cleaned unique n=36
[foreground] invalid-format count=0
[Enrichr] Attempt 1 of 5 for: midnightblue
[Enrichr] Saved: midnightblue_enrichr.xlsx

--- Enriching module: darkmagenta (1 genes) ---
[darkmagenta] Enrichr...
[foreground] input n=1 -> cleaned unique n=1
[foreground] invalid-format count=0
[Enrichr] Attempt 1 of 5 for: darkmagenta

--- Enriching module: orange (30 genes) ---
[orange] Enrichr...
[foreground] input n=30 -> cleaned unique n=30
[foreground] invalid-format count=0
[Enrichr] Attempt 1 of 5 for: orange
[Enrichr] Saved: orange_enrichr.xlsx

--- Enriching module: brown (8241 genes) ---
[brown] Enrichr...
[foreground] input n=8241 -> cleaned unique n=8241
[foreground] invalid-format count=0
[Enrichr] Attempt 1 of 5 for: brown
[Enrichr] Saved: brown_enrichr.xlsx

--- Enriching module: violet (5 genes) ---
[violet] Enrichr...
[foreground] input n=5 -> cleaned unique n=5
[foreground] invalid-format count=0
[Enrichr] Attempt 1 of 5 for: violet
[Enrichr] Saved: violet_enrichr.xlsx

--- Enriching module: royalblue (10 genes) ---
[royalblue] Enrichr...
[foreground] input n=10 -> cleaned unique n=10
[foreground] invalid-format count=0
[Enrichr] Attempt 1 of 5 for: royalblue
[Enrichr] Saved: royalblue_enrichr.xlsx

--- Enriching module: saddlebrown (19 genes) ---
[saddlebrown] Enrichr...
[foreground] input n=19 -> cleaned unique n=19
[foreground] invalid-format count=0
[Enrichr] Attempt 1 of 5 for: saddlebrown
[Enrichr] Saved: saddlebrown_enrichr.xlsx

--- Summary plots (pvalue) ---
[plot] Saved: Summary_Enrichr_GO_Biological_Process_2025_top8_pvalue0.05.pdf
[plot] Saved: Summary_Enrichr_GO_Molecular_Function_2025_top8_pvalue0.05.pdf
[plot] Saved: Summary_Enrichr_GO_Cellular_Component_2025_top8_pvalue0.05.pdf
[plot] Saved: Summary_Enrichr_KEGG_2021_Human_top8_pvalue0.05.pdf
[plot] Saved: Summary_Enrichr_GWAS_Catalog_2025_top8_pvalue0.05.pdf
[plot] Saved: Summary_Enrichr_ClinVar_2025_top8_pvalue0.05.pdf

======================================================
Running config [list: 07_breast_cancer_outcomes]
======================================================

--- Enriching module: pink (49 genes) ---
[pink] Enrichr...
[foreground] input n=49 -> cleaned unique n=49
[foreground] invalid-format count=0
[Enrichr] Attempt 1 of 5 for: pink
[Enrichr] Saved: pink_enrichr.xlsx

--- Enriching module: paleturquoise (20 genes) ---
[paleturquoise] Enrichr...
[foreground] input n=20 -> cleaned unique n=20
[foreground] invalid-format count=0
[Enrichr] Attempt 1 of 5 for: paleturquoise
[Enrichr] Saved: paleturquoise_enrichr.xlsx

--- Enriching module: midnightblue (36 genes) ---
[midnightblue] Enrichr...
[foreground] input n=36 -> cleaned unique n=36
[foreground] invalid-format count=0
[Enrichr] Attempt 1 of 5 for: midnightblue
[Enrichr] Saved: midnightblue_enrichr.xlsx

--- Summary plots (pvalue) ---
[plot] Saved: Summary_Enrichr_GO_Biological_Process_2025_top8_pvalue0.05.pdf
[plot] Saved: Summary_Enrichr_GO_Molecular_Function_2025_top8_pvalue0.05.pdf
[plot] Saved: Summary_Enrichr_GO_Cellular_Component_2025_top8_pvalue0.05.pdf
[plot] Saved: Summary_Enrichr_KEGG_2021_Human_top8_pvalue0.05.pdf
[plot] Saved: Summary_Enrichr_GWAS_Catalog_2025_top8_pvalue0.05.pdf
[plot] Saved: Summary_Enrichr_ClinVar_2025_top8_pvalue0.05.pdf
There were 50 or more warnings (use warnings() to see the first 50)


Starting Script 09b
Variants to process: 2

==============================
Running 09b for variant: v1_all_pcs
Output directory: /quobyte/lasallegrp/projects/CHDS/WGBS/2025_intergen_BrCa_comethyl_George/comethyl_output/09b_me_trait_presentation/cov3_75pct/covMin10_methSD0p07/v1_all_pcs
==============================

[getDendro] Clustering with bicor correlation as the distance
[plotMEtraitCor] Plotting ME trait correlation heatmap
[plotMEtraitCor] Drawing module color bar with labels
[plotMEtraitCor] Saving plot as /quobyte/lasallegrp/projects/CHDS/WGBS/2025_intergen_BrCa_comethyl_George/comethyl_output/09b_me_trait_presentation/cov3_75pct/covMin10_methSD0p07/v1_all_pcs/03_body_size_outcomes_F1/ME_Trait_Heatmap_FULL.pdf
[plotMEtraitCor] Plotting ME trait correlation heatmap
[plotMEtraitCor] Drawing module color bar with labels
[plotMEtraitCor] Saving plot as /quobyte/lasallegrp/projects/CHDS/WGBS/2025_intergen_BrCa_comethyl_George/comethyl_output/09b_me_trait_presentation/cov3_75pct/covMin10_methSD0p07/v1_all_pcs/03_body_size_outcomes_F1/ME_Trait_Heatmap_TOP.pdf
Done set '03_body_size_outcomes_F1' for variant 'v1_all_pcs'
  Traits found: 2 / 2
  Output: /quobyte/lasallegrp/projects/CHDS/WGBS/2025_intergen_BrCa_comethyl_George/comethyl_output/09b_me_trait_presentation/cov3_75pct/covMin10_methSD0p07/v1_all_pcs/03_body_size_outcomes_F1
[plotMEtraitCor] Plotting ME trait correlation heatmap
[plotMEtraitCor] Drawing module color bar with labels
[plotMEtraitCor] Saving plot as /quobyte/lasallegrp/projects/CHDS/WGBS/2025_intergen_BrCa_comethyl_George/comethyl_output/09b_me_trait_presentation/cov3_75pct/covMin10_methSD0p07/v1_all_pcs/04_organochlorine_exposures_ddt_dde/ME_Trait_Heatmap_FULL.pdf
[plotMEtraitCor] Plotting ME trait correlation heatmap
[plotMEtraitCor] Drawing module color bar with labels
[plotMEtraitCor] Saving plot as /quobyte/lasallegrp/projects/CHDS/WGBS/2025_intergen_BrCa_comethyl_George/comethyl_output/09b_me_trait_presentation/cov3_75pct/covMin10_methSD0p07/v1_all_pcs/04_organochlorine_exposures_ddt_dde/ME_Trait_Heatmap_TOP.pdf
Done set '04_organochlorine_exposures_ddt_dde' for variant 'v1_all_pcs'
  Traits found: 17 / 17
  Output: /quobyte/lasallegrp/projects/CHDS/WGBS/2025_intergen_BrCa_comethyl_George/comethyl_output/09b_me_trait_presentation/cov3_75pct/covMin10_methSD0p07/v1_all_pcs/04_organochlorine_exposures_ddt_dde
[plotMEtraitCor] Plotting ME trait correlation heatmap
[plotMEtraitCor] Drawing module color bar with labels
[plotMEtraitCor] Saving plot as /quobyte/lasallegrp/projects/CHDS/WGBS/2025_intergen_BrCa_comethyl_George/comethyl_output/09b_me_trait_presentation/cov3_75pct/covMin10_methSD0p07/v1_all_pcs/05_neighborhood_context_ice_variables/ME_Trait_Heatmap_FULL.pdf
[plotMEtraitCor] Plotting ME trait correlation heatmap
[plotMEtraitCor] Drawing module color bar with labels
[plotMEtraitCor] Saving plot as /quobyte/lasallegrp/projects/CHDS/WGBS/2025_intergen_BrCa_comethyl_George/comethyl_output/09b_me_trait_presentation/cov3_75pct/covMin10_methSD0p07/v1_all_pcs/05_neighborhood_context_ice_variables/ME_Trait_Heatmap_TOP.pdf
Done set '05_neighborhood_context_ice_variables' for variant 'v1_all_pcs'
  Traits found: 16 / 16
  Output: /quobyte/lasallegrp/projects/CHDS/WGBS/2025_intergen_BrCa_comethyl_George/comethyl_output/09b_me_trait_presentation/cov3_75pct/covMin10_methSD0p07/v1_all_pcs/05_neighborhood_context_ice_variables
[plotMEtraitCor] Plotting ME trait correlation heatmap
[plotMEtraitCor] Drawing module color bar with labels
[plotMEtraitCor] Saving plot as /quobyte/lasallegrp/projects/CHDS/WGBS/2025_intergen_BrCa_comethyl_George/comethyl_output/09b_me_trait_presentation/cov3_75pct/covMin10_methSD0p07/v1_all_pcs/06_puberty_and_menarche_variables/ME_Trait_Heatmap_FULL.pdf
[plotMEtraitCor] Plotting ME trait correlation heatmap
[plotMEtraitCor] Drawing module color bar with labels
[plotMEtraitCor] Saving plot as /quobyte/lasallegrp/projects/CHDS/WGBS/2025_intergen_BrCa_comethyl_George/comethyl_output/09b_me_trait_presentation/cov3_75pct/covMin10_methSD0p07/v1_all_pcs/06_puberty_and_menarche_variables/ME_Trait_Heatmap_TOP.pdf
Done set '06_puberty_and_menarche_variables' for variant 'v1_all_pcs'
  Traits found: 3 / 3
  Output: /quobyte/lasallegrp/projects/CHDS/WGBS/2025_intergen_BrCa_comethyl_George/comethyl_output/09b_me_trait_presentation/cov3_75pct/covMin10_methSD0p07/v1_all_pcs/06_puberty_and_menarche_variables
[plotMEtraitCor] Plotting ME trait correlation heatmap
[plotMEtraitCor] Drawing module color bar with labels
[plotMEtraitCor] Saving plot as /quobyte/lasallegrp/projects/CHDS/WGBS/2025_intergen_BrCa_comethyl_George/comethyl_output/09b_me_trait_presentation/cov3_75pct/covMin10_methSD0p07/v1_all_pcs/07_breast_cancer_outcomes/ME_Trait_Heatmap_FULL.pdf
[plotMEtraitCor] Plotting ME trait correlation heatmap
[plotMEtraitCor] Drawing module color bar with labels
[plotMEtraitCor] Saving plot as /quobyte/lasallegrp/projects/CHDS/WGBS/2025_intergen_BrCa_comethyl_George/comethyl_output/09b_me_trait_presentation/cov3_75pct/covMin10_methSD0p07/v1_all_pcs/07_breast_cancer_outcomes/ME_Trait_Heatmap_TOP.pdf
Done set '07_breast_cancer_outcomes' for variant 'v1_all_pcs'
  Traits found: 2 / 2
  Output: /quobyte/lasallegrp/projects/CHDS/WGBS/2025_intergen_BrCa_comethyl_George/comethyl_output/09b_me_trait_presentation/cov3_75pct/covMin10_methSD0p07/v1_all_pcs/07_breast_cancer_outcomes
Finished variant: v1_all_pcs

==============================
Running 09b for variant: v2_exclude_protected_pcs
Output directory: /quobyte/lasallegrp/projects/CHDS/WGBS/2025_intergen_BrCa_comethyl_George/comethyl_output/09b_me_trait_presentation/cov3_75pct/covMin10_methSD0p07/v2_exclude_protected_pcs
==============================

[getDendro] Clustering with bicor correlation as the distance
[plotMEtraitCor] Plotting ME trait correlation heatmap
[plotMEtraitCor] Drawing module color bar with labels
[plotMEtraitCor] Saving plot as /quobyte/lasallegrp/projects/CHDS/WGBS/2025_intergen_BrCa_comethyl_George/comethyl_output/09b_me_trait_presentation/cov3_75pct/covMin10_methSD0p07/v2_exclude_protected_pcs/03_body_size_outcomes_F1/ME_Trait_Heatmap_FULL.pdf
[plotMEtraitCor] Plotting ME trait correlation heatmap
[plotMEtraitCor] Drawing module color bar with labels
[plotMEtraitCor] Saving plot as /quobyte/lasallegrp/projects/CHDS/WGBS/2025_intergen_BrCa_comethyl_George/comethyl_output/09b_me_trait_presentation/cov3_75pct/covMin10_methSD0p07/v2_exclude_protected_pcs/03_body_size_outcomes_F1/ME_Trait_Heatmap_TOP.pdf
Done set '03_body_size_outcomes_F1' for variant 'v2_exclude_protected_pcs'
  Traits found: 2 / 2
  Output: /quobyte/lasallegrp/projects/CHDS/WGBS/2025_intergen_BrCa_comethyl_George/comethyl_output/09b_me_trait_presentation/cov3_75pct/covMin10_methSD0p07/v2_exclude_protected_pcs/03_body_size_outcomes_F1
[plotMEtraitCor] Plotting ME trait correlation heatmap
[plotMEtraitCor] Drawing module color bar with labels
[plotMEtraitCor] Saving plot as /quobyte/lasallegrp/projects/CHDS/WGBS/2025_intergen_BrCa_comethyl_George/comethyl_output/09b_me_trait_presentation/cov3_75pct/covMin10_methSD0p07/v2_exclude_protected_pcs/04_organochlorine_exposures_ddt_dde/ME_Trait_Heatmap_FULL.pdf
[plotMEtraitCor] Plotting ME trait correlation heatmap
[plotMEtraitCor] Drawing module color bar with labels
[plotMEtraitCor] Saving plot as /quobyte/lasallegrp/projects/CHDS/WGBS/2025_intergen_BrCa_comethyl_George/comethyl_output/09b_me_trait_presentation/cov3_75pct/covMin10_methSD0p07/v2_exclude_protected_pcs/04_organochlorine_exposures_ddt_dde/ME_Trait_Heatmap_TOP.pdf
Done set '04_organochlorine_exposures_ddt_dde' for variant 'v2_exclude_protected_pcs'
  Traits found: 17 / 17
  Output: /quobyte/lasallegrp/projects/CHDS/WGBS/2025_intergen_BrCa_comethyl_George/comethyl_output/09b_me_trait_presentation/cov3_75pct/covMin10_methSD0p07/v2_exclude_protected_pcs/04_organochlorine_exposures_ddt_dde
[plotMEtraitCor] Plotting ME trait correlation heatmap
[plotMEtraitCor] Drawing module color bar with labels
[plotMEtraitCor] Saving plot as /quobyte/lasallegrp/projects/CHDS/WGBS/2025_intergen_BrCa_comethyl_George/comethyl_output/09b_me_trait_presentation/cov3_75pct/covMin10_methSD0p07/v2_exclude_protected_pcs/05_neighborhood_context_ice_variables/ME_Trait_Heatmap_FULL.pdf
[plotMEtraitCor] Plotting ME trait correlation heatmap
[plotMEtraitCor] Drawing module color bar with labels
[plotMEtraitCor] Saving plot as /quobyte/lasallegrp/projects/CHDS/WGBS/2025_intergen_BrCa_comethyl_George/comethyl_output/09b_me_trait_presentation/cov3_75pct/covMin10_methSD0p07/v2_exclude_protected_pcs/05_neighborhood_context_ice_variables/ME_Trait_Heatmap_TOP.pdf
Done set '05_neighborhood_context_ice_variables' for variant 'v2_exclude_protected_pcs'
  Traits found: 16 / 16
  Output: /quobyte/lasallegrp/projects/CHDS/WGBS/2025_intergen_BrCa_comethyl_George/comethyl_output/09b_me_trait_presentation/cov3_75pct/covMin10_methSD0p07/v2_exclude_protected_pcs/05_neighborhood_context_ice_variables
[plotMEtraitCor] Plotting ME trait correlation heatmap
[plotMEtraitCor] Drawing module color bar with labels
[plotMEtraitCor] Saving plot as /quobyte/lasallegrp/projects/CHDS/WGBS/2025_intergen_BrCa_comethyl_George/comethyl_output/09b_me_trait_presentation/cov3_75pct/covMin10_methSD0p07/v2_exclude_protected_pcs/06_puberty_and_menarche_variables/ME_Trait_Heatmap_FULL.pdf
[plotMEtraitCor] Plotting ME trait correlation heatmap
[plotMEtraitCor] Drawing module color bar with labels
[plotMEtraitCor] Saving plot as /quobyte/lasallegrp/projects/CHDS/WGBS/2025_intergen_BrCa_comethyl_George/comethyl_output/09b_me_trait_presentation/cov3_75pct/covMin10_methSD0p07/v2_exclude_protected_pcs/06_puberty_and_menarche_variables/ME_Trait_Heatmap_TOP.pdf
Done set '06_puberty_and_menarche_variables' for variant 'v2_exclude_protected_pcs'
  Traits found: 3 / 3
  Output: /quobyte/lasallegrp/projects/CHDS/WGBS/2025_intergen_BrCa_comethyl_George/comethyl_output/09b_me_trait_presentation/cov3_75pct/covMin10_methSD0p07/v2_exclude_protected_pcs/06_puberty_and_menarche_variables
[plotMEtraitCor] Plotting ME trait correlation heatmap
[plotMEtraitCor] Drawing module color bar with labels
[plotMEtraitCor] Saving plot as /quobyte/lasallegrp/projects/CHDS/WGBS/2025_intergen_BrCa_comethyl_George/comethyl_output/09b_me_trait_presentation/cov3_75pct/covMin10_methSD0p07/v2_exclude_protected_pcs/07_breast_cancer_outcomes/ME_Trait_Heatmap_FULL.pdf
[plotMEtraitCor] Plotting ME trait correlation heatmap
[plotMEtraitCor] Drawing module color bar with labels
[plotMEtraitCor] Saving plot as /quobyte/lasallegrp/projects/CHDS/WGBS/2025_intergen_BrCa_comethyl_George/comethyl_output/09b_me_trait_presentation/cov3_75pct/covMin10_methSD0p07/v2_exclude_protected_pcs/07_breast_cancer_outcomes/ME_Trait_Heatmap_TOP.pdf
Done set '07_breast_cancer_outcomes' for variant 'v2_exclude_protected_pcs'
  Traits found: 2 / 2
  Output: /quobyte/lasallegrp/projects/CHDS/WGBS/2025_intergen_BrCa_comethyl_George/comethyl_output/09b_me_trait_presentation/cov3_75pct/covMin10_methSD0p07/v2_exclude_protected_pcs/07_breast_cancer_outcomes
Finished variant: v2_exclude_protected_pcs
Script 09a complete: Presentation ME-trait finished
Outputs saved under: /quobyte/lasallegrp/projects/CHDS/WGBS/2025_intergen_BrCa_comethyl_George/comethyl_output/09b_me_trait_presentation
Starting Script 11
Output directory: /quobyte/lasallegrp/projects/CHDS/WGBS/2025_intergen_BrCa_comethyl_George/comethyl_output/11_me_trait_pair_plots/cov3_75pct/covMin10_methSD0p07/v1_all_pcs
[readSampleInfo] Reading sample info: /quobyte/lasallegrp/projects/CHDS/WGBS/2025_intergen_BrCa_comethyl_George/data/metadata/Intergen173.xlsx
[readSampleInfo] No sample_id_col provided; using existing rownames.
[readSampleInfo] First 6 rownames used as sample IDs:
Samples in common: 173
Modules available: 3
Traits available: 46
[03_body_size_outcomes_F1] Pairs to plot: 1
✓ Done set: 03_body_size_outcomes_F1
  Output: /quobyte/lasallegrp/projects/CHDS/WGBS/2025_intergen_BrCa_comethyl_George/comethyl_output/11_me_trait_pair_plots/cov3_75pct/covMin10_methSD0p07/v1_all_pcs/03_body_size_outcomes_F1
[04_organochlorine_exposures_ddt_dde] Pairs to plot: 4
✓ Done set: 04_organochlorine_exposures_ddt_dde
  Output: /quobyte/lasallegrp/projects/CHDS/WGBS/2025_intergen_BrCa_comethyl_George/comethyl_output/11_me_trait_pair_plots/cov3_75pct/covMin10_methSD0p07/v1_all_pcs/04_organochlorine_exposures_ddt_dde
[05_neighborhood_context_ice_variables] Pairs to plot: 3
✓ Done set: 05_neighborhood_context_ice_variables
  Output: /quobyte/lasallegrp/projects/CHDS/WGBS/2025_intergen_BrCa_comethyl_George/comethyl_output/11_me_trait_pair_plots/cov3_75pct/covMin10_methSD0p07/v1_all_pcs/05_neighborhood_context_ice_variables
[06_puberty_and_menarche_variables] Pairs to plot: 2
✓ Done set: 06_puberty_and_menarche_variables
  Output: /quobyte/lasallegrp/projects/CHDS/WGBS/2025_intergen_BrCa_comethyl_George/comethyl_output/11_me_trait_pair_plots/cov3_75pct/covMin10_methSD0p07/v1_all_pcs/06_puberty_and_menarche_variables
Skipping set 07_breast_cancer_outcomes: no module-trait pairs left after filtering.
Script 10 complete: ME-trait pair plots finished
Outputs saved under:
  /quobyte/lasallegrp/projects/CHDS/WGBS/2025_intergen_BrCa_comethyl_George/comethyl_output/11_me_trait_pair_plots/cov3_75pct/covMin10_methSD0p07/v1_all_pcs
Starting Script 11
Output directory: /quobyte/lasallegrp/projects/CHDS/WGBS/2025_intergen_BrCa_comethyl_George/comethyl_output/11_me_trait_pair_plots/cov3_75pct/covMin10_methSD0p07/v2_exclude_protected_pcs
[readSampleInfo] Reading sample info: /quobyte/lasallegrp/projects/CHDS/WGBS/2025_intergen_BrCa_comethyl_George/data/metadata/Intergen173.xlsx
[readSampleInfo] No sample_id_col provided; using existing rownames.
[readSampleInfo] First 6 rownames used as sample IDs:
Samples in common: 173
Modules available: 35
Traits available: 46
[03_body_size_outcomes_F1] Pairs to plot: 5
✓ Done set: 03_body_size_outcomes_F1
  Output: /quobyte/lasallegrp/projects/CHDS/WGBS/2025_intergen_BrCa_comethyl_George/comethyl_output/11_me_trait_pair_plots/cov3_75pct/covMin10_methSD0p07/v2_exclude_protected_pcs/03_body_size_outcomes_F1
[04_organochlorine_exposures_ddt_dde] Pairs to plot: 35
✓ Done set: 04_organochlorine_exposures_ddt_dde
  Output: /quobyte/lasallegrp/projects/CHDS/WGBS/2025_intergen_BrCa_comethyl_George/comethyl_output/11_me_trait_pair_plots/cov3_75pct/covMin10_methSD0p07/v2_exclude_protected_pcs/04_organochlorine_exposures_ddt_dde
[05_neighborhood_context_ice_variables] Pairs to plot: 50
✓ Done set: 05_neighborhood_context_ice_variables
  Output: /quobyte/lasallegrp/projects/CHDS/WGBS/2025_intergen_BrCa_comethyl_George/comethyl_output/11_me_trait_pair_plots/cov3_75pct/covMin10_methSD0p07/v2_exclude_protected_pcs/05_neighborhood_context_ice_variables
[06_puberty_and_menarche_variables] Pairs to plot: 17
✓ Done set: 06_puberty_and_menarche_variables
  Output: /quobyte/lasallegrp/projects/CHDS/WGBS/2025_intergen_BrCa_comethyl_George/comethyl_output/11_me_trait_pair_plots/cov3_75pct/covMin10_methSD0p07/v2_exclude_protected_pcs/06_puberty_and_menarche_variables
[07_breast_cancer_outcomes] Pairs to plot: 3
✓ Done set: 07_breast_cancer_outcomes
  Output: /quobyte/lasallegrp/projects/CHDS/WGBS/2025_intergen_BrCa_comethyl_George/comethyl_output/11_me_trait_pair_plots/cov3_75pct/covMin10_methSD0p07/v2_exclude_protected_pcs/07_breast_cancer_outcomes
There were 38 warnings (use warnings() to see them)
Script 10 complete: ME-trait pair plots finished
Outputs saved under:
  /quobyte/lasallegrp/projects/CHDS/WGBS/2025_intergen_BrCa_comethyl_George/comethyl_output/11_me_trait_pair_plots/cov3_75pct/covMin10_methSD0p07/v2_exclude_protected_pcs
Starting Script 12b

======================================================
Running config [list: 03_body_size_outcomes_F1]
======================================================

--- Enriching module: darkolivegreen (2 genes) ---
[darkolivegreen] Enrichr...
[foreground] input n=2 -> cleaned unique n=2
[foreground] invalid-format count=0
[Enrichr] Attempt 1 of 5 for: darkolivegreen
[Enrichr] Saved: darkolivegreen_enrichr.xlsx

--- Enriching module: yellow (6360 genes) ---
[yellow] Enrichr...
[foreground] input n=6360 -> cleaned unique n=6360
[foreground] invalid-format count=0
[Enrichr] Attempt 1 of 5 for: yellow
[Enrichr] Saved: yellow_enrichr.xlsx

--- Enriching module: magenta (42 genes) ---
[magenta] Enrichr...
[foreground] input n=42 -> cleaned unique n=42
[foreground] invalid-format count=0
[Enrichr] Attempt 1 of 5 for: magenta
[Enrichr] Saved: magenta_enrichr.xlsx

--- Enriching module: brown (8241 genes) ---
[brown] Enrichr...
[foreground] input n=8241 -> cleaned unique n=8241
[foreground] invalid-format count=0
[Enrichr] Attempt 1 of 5 for: brown
[Enrichr] Saved: brown_enrichr.xlsx

--- Summary plots (pvalue) ---
[plot] Saved: Summary_Enrichr_GO_Biological_Process_2025_top8_pvalue0.05.pdf
[plot] Saved: Summary_Enrichr_GO_Molecular_Function_2025_top8_pvalue0.05.pdf
[plot] Saved: Summary_Enrichr_GO_Cellular_Component_2025_top8_pvalue0.05.pdf
[plot] Saved: Summary_Enrichr_KEGG_2021_Human_top8_pvalue0.05.pdf
[plot] Saved: Summary_Enrichr_GWAS_Catalog_2025_top8_pvalue0.05.pdf
[plot] Saved: Summary_Enrichr_ClinVar_2025_top8_pvalue0.05.pdf

======================================================
Running config [list: 04_organochlorine_exposures_ddt_dde]
======================================================

--- Enriching module: green (1594 genes) ---
[green] Enrichr...
[foreground] input n=1594 -> cleaned unique n=1594
[foreground] invalid-format count=0
[Enrichr] Attempt 1 of 5 for: green
[Enrichr] Saved: green_enrichr.xlsx

--- Enriching module: blue (9294 genes) ---
[blue] Enrichr...
[foreground] input n=9294 -> cleaned unique n=9294
[foreground] invalid-format count=0
[Enrichr] Attempt 1 of 5 for: blue
[Enrichr] Saved: blue_enrichr.xlsx

--- Enriching module: darkolivegreen (2 genes) ---
[darkolivegreen] Enrichr...
[foreground] input n=2 -> cleaned unique n=2
[foreground] invalid-format count=0
[Enrichr] Attempt 1 of 5 for: darkolivegreen
[Enrichr] Saved: darkolivegreen_enrichr.xlsx

--- Enriching module: grey60 (21 genes) ---
[grey60] Enrichr...
[foreground] input n=21 -> cleaned unique n=21
[foreground] invalid-format count=0
[Enrichr] Attempt 1 of 5 for: grey60
[Enrichr] Saved: grey60_enrichr.xlsx

--- Enriching module: lightcyan (42 genes) ---
[lightcyan] Enrichr...
[foreground] input n=42 -> cleaned unique n=42
[foreground] invalid-format count=0
[Enrichr] Attempt 1 of 5 for: lightcyan
[Enrichr] Saved: lightcyan_enrichr.xlsx

--- Enriching module: lightyellow (34 genes) ---
[lightyellow] Enrichr...
[foreground] input n=34 -> cleaned unique n=34
[foreground] invalid-format count=0
[Enrichr] Attempt 1 of 5 for: lightyellow
[Enrichr] Saved: lightyellow_enrichr.xlsx

--- Enriching module: yellow (6360 genes) ---
[yellow] Enrichr...
[foreground] input n=6360 -> cleaned unique n=6360
[foreground] invalid-format count=0
[Enrichr] Attempt 1 of 5 for: yellow
[Enrichr] Saved: yellow_enrichr.xlsx

--- Enriching module: darkgreen (25 genes) ---
[darkgreen] Enrichr...
[foreground] input n=25 -> cleaned unique n=25
[foreground] invalid-format count=0
[Enrichr] Attempt 1 of 5 for: darkgreen
[Enrichr] Saved: darkgreen_enrichr.xlsx

--- Enriching module: paleturquoise (20 genes) ---
[paleturquoise] Enrichr...
[foreground] input n=20 -> cleaned unique n=20
[foreground] invalid-format count=0
[Enrichr] Attempt 1 of 5 for: paleturquoise
[Enrichr] Saved: paleturquoise_enrichr.xlsx

--- Enriching module: black (365 genes) ---
[black] Enrichr...
[foreground] input n=365 -> cleaned unique n=365
[foreground] invalid-format count=0
[Enrichr] Attempt 1 of 5 for: black
[Enrichr] Saved: black_enrichr.xlsx

--- Enriching module: orange (30 genes) ---
[orange] Enrichr...
[foreground] input n=30 -> cleaned unique n=30
[foreground] invalid-format count=0
[Enrichr] Attempt 1 of 5 for: orange
[Enrichr] Saved: orange_enrichr.xlsx

--- Enriching module: brown (8241 genes) ---
[brown] Enrichr...
[foreground] input n=8241 -> cleaned unique n=8241
[foreground] invalid-format count=0
[Enrichr] Attempt 1 of 5 for: brown
[Enrichr] Saved: brown_enrichr.xlsx

--- Enriching module: turquoise (13151 genes) ---
[turquoise] Enrichr...
[foreground] input n=13151 -> cleaned unique n=13151
[foreground] invalid-format count=0
[Enrichr] Attempt 1 of 5 for: turquoise
[Enrichr] Saved: turquoise_enrichr.xlsx

--- Enriching module: violet (5 genes) ---
[violet] Enrichr...
[foreground] input n=5 -> cleaned unique n=5
[foreground] invalid-format count=0
[Enrichr] Attempt 1 of 5 for: violet
[Enrichr] Saved: violet_enrichr.xlsx

--- Enriching module: saddlebrown (19 genes) ---
[saddlebrown] Enrichr...
[foreground] input n=19 -> cleaned unique n=19
[foreground] invalid-format count=0
[Enrichr] Attempt 1 of 5 for: saddlebrown
[Enrichr] Saved: saddlebrown_enrichr.xlsx

--- Enriching module: white (24 genes) ---
[white] Enrichr...
[foreground] input n=24 -> cleaned unique n=24
[foreground] invalid-format count=0
[Enrichr] Attempt 1 of 5 for: white
[Enrichr] Saved: white_enrichr.xlsx

--- Summary plots (pvalue) ---
[plot] Saved: Summary_Enrichr_GO_Biological_Process_2025_top8_pvalue0.05.pdf
[plot] Saved: Summary_Enrichr_GO_Molecular_Function_2025_top8_pvalue0.05.pdf
[plot] Saved: Summary_Enrichr_GO_Cellular_Component_2025_top8_pvalue0.05.pdf
[plot] Saved: Summary_Enrichr_KEGG_2021_Human_top8_pvalue0.05.pdf
[plot] Saved: Summary_Enrichr_GWAS_Catalog_2025_top8_pvalue0.05.pdf
[plot] Saved: Summary_Enrichr_ClinVar_2025_top8_pvalue0.05.pdf

======================================================
Running config [list: 05_neighborhood_context_ice_variables]
======================================================

--- Enriching module: turquoise (9 genes) ---
[turquoise] Enrichr...
[foreground] input n=9 -> cleaned unique n=9
[foreground] invalid-format count=0
[Enrichr] Attempt 1 of 5 for: turquoise

--- Summary plots (pvalue) ---
[plot_enrichr] No data for DB: GO_Biological_Process_2025
[plot_enrichr] No data for DB: GO_Molecular_Function_2025
[plot_enrichr] No data for DB: GO_Cellular_Component_2025
[plot_enrichr] No data for DB: KEGG_2021_Human
[plot_enrichr] No data for DB: GWAS_Catalog_2025
[plot_enrichr] No data for DB: ClinVar_2025

--- Enriching module: red (337 genes) ---
[red] Enrichr...
[foreground] input n=337 -> cleaned unique n=337
[foreground] invalid-format count=0
[Enrichr] Attempt 1 of 5 for: red
[Enrichr] Saved: red_enrichr.xlsx

--- Enriching module: darkred (26 genes) ---
[darkred] Enrichr...
[foreground] input n=26 -> cleaned unique n=26
[foreground] invalid-format count=0
[Enrichr] Attempt 1 of 5 for: darkred
[Enrichr] Saved: darkred_enrichr.xlsx

--- Enriching module: darkturquoise (23 genes) ---
[darkturquoise] Enrichr...
[foreground] input n=23 -> cleaned unique n=23
[foreground] invalid-format count=0
[Enrichr] Attempt 1 of 5 for: darkturquoise
[Enrichr] Saved: darkturquoise_enrichr.xlsx

--- Enriching module: tan (38 genes) ---
[tan] Enrichr...
[foreground] input n=38 -> cleaned unique n=38
[foreground] invalid-format count=0
[Enrichr] Attempt 1 of 5 for: tan
[Enrichr] Saved: tan_enrichr.xlsx

--- Enriching module: darkolivegreen (2 genes) ---
[darkolivegreen] Enrichr...
[foreground] input n=2 -> cleaned unique n=2
[foreground] invalid-format count=0
[Enrichr] Attempt 1 of 5 for: darkolivegreen
[Enrichr] Saved: darkolivegreen_enrichr.xlsx

--- Enriching module: darkorange (29 genes) ---
[darkorange] Enrichr...
[foreground] input n=29 -> cleaned unique n=29
[foreground] invalid-format count=0
[Enrichr] Attempt 1 of 5 for: darkorange
[Enrichr] Saved: darkorange_enrichr.xlsx

--- Enriching module: lightcyan (42 genes) ---
[lightcyan] Enrichr...
[foreground] input n=42 -> cleaned unique n=42
[foreground] invalid-format count=0
[Enrichr] Attempt 1 of 5 for: lightcyan
[Enrichr] Saved: lightcyan_enrichr.xlsx

--- Enriching module: lightyellow (34 genes) ---
[lightyellow] Enrichr...
[foreground] input n=34 -> cleaned unique n=34
[foreground] invalid-format count=0
[Enrichr] Attempt 1 of 5 for: lightyellow
[Enrichr] Saved: lightyellow_enrichr.xlsx

--- Enriching module: pink (49 genes) ---
[pink] Enrichr...
[foreground] input n=49 -> cleaned unique n=49
[foreground] invalid-format count=0
[Enrichr] Attempt 1 of 5 for: pink
[Enrichr] Saved: pink_enrichr.xlsx

--- Enriching module: yellow (6360 genes) ---
[yellow] Enrichr...
[foreground] input n=6360 -> cleaned unique n=6360
[foreground] invalid-format count=0
[Enrichr] Attempt 1 of 5 for: yellow
[Enrichr] Saved: yellow_enrichr.xlsx

--- Enriching module: darkgreen (25 genes) ---
[darkgreen] Enrichr...
[foreground] input n=25 -> cleaned unique n=25
[foreground] invalid-format count=0
[Enrichr] Attempt 1 of 5 for: darkgreen
[Enrichr] Saved: darkgreen_enrichr.xlsx

--- Enriching module: magenta (42 genes) ---
[magenta] Enrichr...
[foreground] input n=42 -> cleaned unique n=42
[foreground] invalid-format count=0
[Enrichr] Attempt 1 of 5 for: magenta
[Enrichr] Saved: magenta_enrichr.xlsx

--- Enriching module: skyblue (18 genes) ---
[skyblue] Enrichr...
[foreground] input n=18 -> cleaned unique n=18
[foreground] invalid-format count=0
[Enrichr] Attempt 1 of 5 for: skyblue
[Enrichr] Saved: skyblue_enrichr.xlsx

--- Enriching module: lightgreen (20 genes) ---
[lightgreen] Enrichr...
[foreground] input n=20 -> cleaned unique n=20
[foreground] invalid-format count=0
[Enrichr] Attempt 1 of 5 for: lightgreen
[Enrichr] Saved: lightgreen_enrichr.xlsx

--- Enriching module: salmon (20 genes) ---
[salmon] Enrichr...
[foreground] input n=20 -> cleaned unique n=20
[foreground] invalid-format count=0
[Enrichr] Attempt 1 of 5 for: salmon
[Enrichr] Saved: salmon_enrichr.xlsx

--- Enriching module: midnightblue (36 genes) ---
[midnightblue] Enrichr...
[foreground] input n=36 -> cleaned unique n=36
[foreground] invalid-format count=0
[Enrichr] Attempt 1 of 5 for: midnightblue
[Enrichr] Saved: midnightblue_enrichr.xlsx

--- Enriching module: black (365 genes) ---
[black] Enrichr...
[foreground] input n=365 -> cleaned unique n=365
[foreground] invalid-format count=0
[Enrichr] Attempt 1 of 5 for: black
[Enrichr] Saved: black_enrichr.xlsx

--- Enriching module: orange (30 genes) ---
[orange] Enrichr...
[foreground] input n=30 -> cleaned unique n=30
[foreground] invalid-format count=0
[Enrichr] Attempt 1 of 5 for: orange
[Enrichr] Saved: orange_enrichr.xlsx

--- Enriching module: cyan (49 genes) ---
[cyan] Enrichr...
[foreground] input n=49 -> cleaned unique n=49
[foreground] invalid-format count=0
[Enrichr] Attempt 1 of 5 for: cyan
[Enrichr] Saved: cyan_enrichr.xlsx

--- Enriching module: brown (8241 genes) ---
[brown] Enrichr...
[foreground] input n=8241 -> cleaned unique n=8241
[foreground] invalid-format count=0
[Enrichr] Attempt 1 of 5 for: brown
[Enrichr] Saved: brown_enrichr.xlsx

--- Enriching module: turquoise (13151 genes) ---
[turquoise] Enrichr...
[foreground] input n=13151 -> cleaned unique n=13151
[foreground] invalid-format count=0
[Enrichr] Attempt 1 of 5 for: turquoise
[Enrichr] Saved: turquoise_enrichr.xlsx

--- Enriching module: violet (5 genes) ---
[violet] Enrichr...
[foreground] input n=5 -> cleaned unique n=5
[foreground] invalid-format count=0
[Enrichr] Attempt 1 of 5 for: violet
[Enrichr] Saved: violet_enrichr.xlsx

--- Enriching module: purple (59 genes) ---
[purple] Enrichr...
[foreground] input n=59 -> cleaned unique n=59
[foreground] invalid-format count=0
[Enrichr] Attempt 1 of 5 for: purple
[Enrichr] Saved: purple_enrichr.xlsx

--- Enriching module: royalblue (10 genes) ---
[royalblue] Enrichr...
[foreground] input n=10 -> cleaned unique n=10
[foreground] invalid-format count=0
[Enrichr] Attempt 1 of 5 for: royalblue
[Enrichr] Saved: royalblue_enrichr.xlsx

--- Enriching module: white (24 genes) ---
[white] Enrichr...
[foreground] input n=24 -> cleaned unique n=24
[foreground] invalid-format count=0
[Enrichr] Attempt 1 of 5 for: white
[Enrichr] Saved: white_enrichr.xlsx

--- Summary plots (pvalue) ---
[plot] Saved: Summary_Enrichr_GO_Biological_Process_2025_top8_pvalue0.05.pdf
[plot] Saved: Summary_Enrichr_GO_Molecular_Function_2025_top8_pvalue0.05.pdf
[plot] Saved: Summary_Enrichr_GO_Cellular_Component_2025_top8_pvalue0.05.pdf
[plot] Saved: Summary_Enrichr_KEGG_2021_Human_top8_pvalue0.05.pdf
[plot] Saved: Summary_Enrichr_GWAS_Catalog_2025_top8_pvalue0.05.pdf
[plot] Saved: Summary_Enrichr_ClinVar_2025_top8_pvalue0.05.pdf

======================================================
Running config [list: 06_puberty_and_menarche_variables]
======================================================

--- Enriching module: blue (2 genes) ---
[blue] Enrichr...
[foreground] input n=2 -> cleaned unique n=2
[foreground] invalid-format count=0
[Enrichr] Attempt 1 of 5 for: blue
[Enrichr] Saved: blue_enrichr.xlsx

--- Summary plots (pvalue) ---
[plot] Saved: Summary_Enrichr_GO_Biological_Process_2025_top8_pvalue0.05.pdf
[plot] Saved: Summary_Enrichr_GO_Molecular_Function_2025_top8_pvalue0.05.pdf
[plot] Saved: Summary_Enrichr_GO_Cellular_Component_2025_top8_pvalue0.05.pdf
[plot] Saved: Summary_Enrichr_KEGG_2021_Human_top8_pvalue0.05.pdf
[plot] Saved: Summary_Enrichr_GWAS_Catalog_2025_top8_pvalue0.05.pdf
[plot] Saved: Summary_Enrichr_ClinVar_2025_top8_pvalue0.05.pdf

--- Enriching module: red (337 genes) ---
[red] Enrichr...
[foreground] input n=337 -> cleaned unique n=337
[foreground] invalid-format count=0
[Enrichr] Attempt 1 of 5 for: red
[Enrichr] Saved: red_enrichr.xlsx

--- Enriching module: darkolivegreen (2 genes) ---
[darkolivegreen] Enrichr...
[foreground] input n=2 -> cleaned unique n=2
[foreground] invalid-format count=0
[Enrichr] Attempt 1 of 5 for: darkolivegreen
[Enrichr] Saved: darkolivegreen_enrichr.xlsx

--- Enriching module: pink (49 genes) ---
[pink] Enrichr...
[foreground] input n=49 -> cleaned unique n=49
[foreground] invalid-format count=0
[Enrichr] Attempt 1 of 5 for: pink
[Enrichr] Saved: pink_enrichr.xlsx

--- Enriching module: yellow (6360 genes) ---
[yellow] Enrichr...
[foreground] input n=6360 -> cleaned unique n=6360
[foreground] invalid-format count=0
[Enrichr] Attempt 1 of 5 for: yellow
[Enrichr] Saved: yellow_enrichr.xlsx

--- Enriching module: magenta (42 genes) ---
[magenta] Enrichr...
[foreground] input n=42 -> cleaned unique n=42
[foreground] invalid-format count=0
[Enrichr] Attempt 1 of 5 for: magenta
[Enrichr] Saved: magenta_enrichr.xlsx

--- Enriching module: midnightblue (36 genes) ---
[midnightblue] Enrichr...
[foreground] input n=36 -> cleaned unique n=36
[foreground] invalid-format count=0
[Enrichr] Attempt 1 of 5 for: midnightblue
[Enrichr] Saved: midnightblue_enrichr.xlsx

--- Enriching module: darkmagenta (1 genes) ---
[darkmagenta] Enrichr...
[foreground] input n=1 -> cleaned unique n=1
[foreground] invalid-format count=0
[Enrichr] Attempt 1 of 5 for: darkmagenta

--- Enriching module: orange (30 genes) ---
[orange] Enrichr...
[foreground] input n=30 -> cleaned unique n=30
[foreground] invalid-format count=0
[Enrichr] Attempt 1 of 5 for: orange
[Enrichr] Saved: orange_enrichr.xlsx

--- Enriching module: brown (8241 genes) ---
[brown] Enrichr...
[foreground] input n=8241 -> cleaned unique n=8241
[foreground] invalid-format count=0
[Enrichr] Attempt 1 of 5 for: brown
[Enrichr] Saved: brown_enrichr.xlsx

--- Enriching module: violet (5 genes) ---
[violet] Enrichr...
[foreground] input n=5 -> cleaned unique n=5
[foreground] invalid-format count=0
[Enrichr] Attempt 1 of 5 for: violet
[Enrichr] Saved: violet_enrichr.xlsx

--- Enriching module: royalblue (10 genes) ---
[royalblue] Enrichr...
[foreground] input n=10 -> cleaned unique n=10
[foreground] invalid-format count=0
[Enrichr] Attempt 1 of 5 for: royalblue
[Enrichr] Saved: royalblue_enrichr.xlsx

--- Enriching module: saddlebrown (19 genes) ---
[saddlebrown] Enrichr...
[foreground] input n=19 -> cleaned unique n=19
[foreground] invalid-format count=0
[Enrichr] Attempt 1 of 5 for: saddlebrown
[Enrichr] Saved: saddlebrown_enrichr.xlsx

--- Summary plots (pvalue) ---
[plot] Saved: Summary_Enrichr_GO_Biological_Process_2025_top8_pvalue0.05.pdf
[plot] Saved: Summary_Enrichr_GO_Molecular_Function_2025_top8_pvalue0.05.pdf
[plot] Saved: Summary_Enrichr_GO_Cellular_Component_2025_top8_pvalue0.05.pdf
[plot] Saved: Summary_Enrichr_KEGG_2021_Human_top8_pvalue0.05.pdf
[plot] Saved: Summary_Enrichr_GWAS_Catalog_2025_top8_pvalue0.05.pdf
[plot] Saved: Summary_Enrichr_ClinVar_2025_top8_pvalue0.05.pdf

======================================================
Running config [list: 07_breast_cancer_outcomes]
======================================================

--- Enriching module: pink (49 genes) ---
[pink] Enrichr...
[foreground] input n=49 -> cleaned unique n=49
[foreground] invalid-format count=0
[Enrichr] Attempt 1 of 5 for: pink
[Enrichr] Saved: pink_enrichr.xlsx

--- Enriching module: paleturquoise (20 genes) ---
[paleturquoise] Enrichr...
[foreground] input n=20 -> cleaned unique n=20
[foreground] invalid-format count=0
[Enrichr] Attempt 1 of 5 for: paleturquoise
[Enrichr] Saved: paleturquoise_enrichr.xlsx

--- Enriching module: midnightblue (36 genes) ---
[midnightblue] Enrichr...
[foreground] input n=36 -> cleaned unique n=36
[foreground] invalid-format count=0
[Enrichr] Attempt 1 of 5 for: midnightblue
[Enrichr] Saved: midnightblue_enrichr.xlsx

--- Summary plots (pvalue) ---
[plot] Saved: Summary_Enrichr_GO_Biological_Process_2025_top8_pvalue0.05.pdf
[plot] Saved: Summary_Enrichr_GO_Molecular_Function_2025_top8_pvalue0.05.pdf
[plot] Saved: Summary_Enrichr_GO_Cellular_Component_2025_top8_pvalue0.05.pdf
[plot] Saved: Summary_Enrichr_KEGG_2021_Human_top8_pvalue0.05.pdf
[plot] Saved: Summary_Enrichr_GWAS_Catalog_2025_top8_pvalue0.05.pdf
[plot] Saved: Summary_Enrichr_ClinVar_2025_top8_pvalue0.05.pdf
There were 50 or more warnings (use warnings() to see the first 50)


Starting Script 09b
Variants to process: 2

==============================
Running 09b for variant: v1_all_pcs
Output directory: /quobyte/lasallegrp/projects/CHDS/WGBS/2025_intergen_BrCa_comethyl_George/comethyl_output/09b_me_trait_presentation/cov3_75pct/covMin10_methSD0p07/v1_all_pcs
==============================

[getDendro] Clustering with bicor correlation as the distance
[plotMEtraitCor] Plotting ME trait correlation heatmap
[plotMEtraitCor] Drawing module color bar with labels
[plotMEtraitCor] Saving plot as /quobyte/lasallegrp/projects/CHDS/WGBS/2025_intergen_BrCa_comethyl_George/comethyl_output/09b_me_trait_presentation/cov3_75pct/covMin10_methSD0p07/v1_all_pcs/03_dde/ME_Trait_Heatmap_FULL.pdf
[plotMEtraitCor] Plotting ME trait correlation heatmap
[plotMEtraitCor] Drawing module color bar with labels
[plotMEtraitCor] Saving plot as /quobyte/lasallegrp/projects/CHDS/WGBS/2025_intergen_BrCa_comethyl_George/comethyl_output/09b_me_trait_presentation/cov3_75pct/covMin10_methSD0p07/v1_all_pcs/03_dde/ME_Trait_Heatmap_TOP.pdf
Done set '03_dde' for variant 'v1_all_pcs'
  Traits found: 8 / 8
  Output: /quobyte/lasallegrp/projects/CHDS/WGBS/2025_intergen_BrCa_comethyl_George/comethyl_output/09b_me_trait_presentation/cov3_75pct/covMin10_methSD0p07/v1_all_pcs/03_dde
[plotMEtraitCor] Plotting ME trait correlation heatmap
[plotMEtraitCor] Drawing module color bar with labels
[plotMEtraitCor] Saving plot as /quobyte/lasallegrp/projects/CHDS/WGBS/2025_intergen_BrCa_comethyl_George/comethyl_output/09b_me_trait_presentation/cov3_75pct/covMin10_methSD0p07/v1_all_pcs/04_obesity_overweight/ME_Trait_Heatmap_FULL.pdf
[plotMEtraitCor] Plotting ME trait correlation heatmap
[plotMEtraitCor] Drawing module color bar with labels
[plotMEtraitCor] Saving plot as /quobyte/lasallegrp/projects/CHDS/WGBS/2025_intergen_BrCa_comethyl_George/comethyl_output/09b_me_trait_presentation/cov3_75pct/covMin10_methSD0p07/v1_all_pcs/04_obesity_overweight/ME_Trait_Heatmap_TOP.pdf
Done set '04_obesity_overweight' for variant 'v1_all_pcs'
  Traits found: 2 / 2
  Output: /quobyte/lasallegrp/projects/CHDS/WGBS/2025_intergen_BrCa_comethyl_George/comethyl_output/09b_me_trait_presentation/cov3_75pct/covMin10_methSD0p07/v1_all_pcs/04_obesity_overweight
[plotMEtraitCor] Plotting ME trait correlation heatmap
[plotMEtraitCor] Drawing module color bar with labels
[plotMEtraitCor] Saving plot as /quobyte/lasallegrp/projects/CHDS/WGBS/2025_intergen_BrCa_comethyl_George/comethyl_output/09b_me_trait_presentation/cov3_75pct/covMin10_methSD0p07/v1_all_pcs/09_incxrac/ME_Trait_Heatmap_FULL.pdf
[plotMEtraitCor] Plotting ME trait correlation heatmap
[plotMEtraitCor] Drawing module color bar with labels
[plotMEtraitCor] Saving plot as /quobyte/lasallegrp/projects/CHDS/WGBS/2025_intergen_BrCa_comethyl_George/comethyl_output/09b_me_trait_presentation/cov3_75pct/covMin10_methSD0p07/v1_all_pcs/09_incxrac/ME_Trait_Heatmap_TOP.pdf
Done set '09_incxrac' for variant 'v1_all_pcs'
  Traits found: 4 / 4
  Output: /quobyte/lasallegrp/projects/CHDS/WGBS/2025_intergen_BrCa_comethyl_George/comethyl_output/09b_me_trait_presentation/cov3_75pct/covMin10_methSD0p07/v1_all_pcs/09_incxrac
[plotMEtraitCor] Plotting ME trait correlation heatmap
[plotMEtraitCor] Drawing module color bar with labels
[plotMEtraitCor] Saving plot as /quobyte/lasallegrp/projects/CHDS/WGBS/2025_intergen_BrCa_comethyl_George/comethyl_output/09b_me_trait_presentation/cov3_75pct/covMin10_methSD0p07/v1_all_pcs/10_puberty_and_menarche_variables/ME_Trait_Heatmap_FULL.pdf
[plotMEtraitCor] Plotting ME trait correlation heatmap
[plotMEtraitCor] Drawing module color bar with labels
[plotMEtraitCor] Saving plot as /quobyte/lasallegrp/projects/CHDS/WGBS/2025_intergen_BrCa_comethyl_George/comethyl_output/09b_me_trait_presentation/cov3_75pct/covMin10_methSD0p07/v1_all_pcs/10_puberty_and_menarche_variables/ME_Trait_Heatmap_TOP.pdf
Done set '10_puberty_and_menarche_variables' for variant 'v1_all_pcs'
  Traits found: 3 / 3
  Output: /quobyte/lasallegrp/projects/CHDS/WGBS/2025_intergen_BrCa_comethyl_George/comethyl_output/09b_me_trait_presentation/cov3_75pct/covMin10_methSD0p07/v1_all_pcs/10_puberty_and_menarche_variables
[plotMEtraitCor] Plotting ME trait correlation heatmap
[plotMEtraitCor] Drawing module color bar with labels
[plotMEtraitCor] Saving plot as /quobyte/lasallegrp/projects/CHDS/WGBS/2025_intergen_BrCa_comethyl_George/comethyl_output/09b_me_trait_presentation/cov3_75pct/covMin10_methSD0p07/v1_all_pcs/11_breast_cancer_outcomes/ME_Trait_Heatmap_FULL.pdf
[plotMEtraitCor] Plotting ME trait correlation heatmap
[plotMEtraitCor] Drawing module color bar with labels
[plotMEtraitCor] Saving plot as /quobyte/lasallegrp/projects/CHDS/WGBS/2025_intergen_BrCa_comethyl_George/comethyl_output/09b_me_trait_presentation/cov3_75pct/covMin10_methSD0p07/v1_all_pcs/11_breast_cancer_outcomes/ME_Trait_Heatmap_TOP.pdf
Done set '11_breast_cancer_outcomes' for variant 'v1_all_pcs'
  Traits found: 2 / 2
  Output: /quobyte/lasallegrp/projects/CHDS/WGBS/2025_intergen_BrCa_comethyl_George/comethyl_output/09b_me_trait_presentation/cov3_75pct/covMin10_methSD0p07/v1_all_pcs/11_breast_cancer_outcomes
Finished variant: v1_all_pcs

==============================
Running 09b for variant: v2_exclude_protected_pcs
Output directory: /quobyte/lasallegrp/projects/CHDS/WGBS/2025_intergen_BrCa_comethyl_George/comethyl_output/09b_me_trait_presentation/cov3_75pct/covMin10_methSD0p07/v2_exclude_protected_pcs
==============================

[getDendro] Clustering with bicor correlation as the distance
[plotMEtraitCor] Plotting ME trait correlation heatmap
[plotMEtraitCor] Drawing module color bar with labels
[plotMEtraitCor] Saving plot as /quobyte/lasallegrp/projects/CHDS/WGBS/2025_intergen_BrCa_comethyl_George/comethyl_output/09b_me_trait_presentation/cov3_75pct/covMin10_methSD0p07/v2_exclude_protected_pcs/03_dde/ME_Trait_Heatmap_FULL.pdf
[plotMEtraitCor] Plotting ME trait correlation heatmap
[plotMEtraitCor] Drawing module color bar with labels
[plotMEtraitCor] Saving plot as /quobyte/lasallegrp/projects/CHDS/WGBS/2025_intergen_BrCa_comethyl_George/comethyl_output/09b_me_trait_presentation/cov3_75pct/covMin10_methSD0p07/v2_exclude_protected_pcs/03_dde/ME_Trait_Heatmap_TOP.pdf
Done set '03_dde' for variant 'v2_exclude_protected_pcs'
  Traits found: 8 / 8
  Output: /quobyte/lasallegrp/projects/CHDS/WGBS/2025_intergen_BrCa_comethyl_George/comethyl_output/09b_me_trait_presentation/cov3_75pct/covMin10_methSD0p07/v2_exclude_protected_pcs/03_dde
[plotMEtraitCor] Plotting ME trait correlation heatmap
[plotMEtraitCor] Drawing module color bar with labels
[plotMEtraitCor] Saving plot as /quobyte/lasallegrp/projects/CHDS/WGBS/2025_intergen_BrCa_comethyl_George/comethyl_output/09b_me_trait_presentation/cov3_75pct/covMin10_methSD0p07/v2_exclude_protected_pcs/04_obesity_overweight/ME_Trait_Heatmap_FULL.pdf
[plotMEtraitCor] Plotting ME trait correlation heatmap
[plotMEtraitCor] Drawing module color bar with labels
[plotMEtraitCor] Saving plot as /quobyte/lasallegrp/projects/CHDS/WGBS/2025_intergen_BrCa_comethyl_George/comethyl_output/09b_me_trait_presentation/cov3_75pct/covMin10_methSD0p07/v2_exclude_protected_pcs/04_obesity_overweight/ME_Trait_Heatmap_TOP.pdf
Done set '04_obesity_overweight' for variant 'v2_exclude_protected_pcs'
  Traits found: 2 / 2
  Output: /quobyte/lasallegrp/projects/CHDS/WGBS/2025_intergen_BrCa_comethyl_George/comethyl_output/09b_me_trait_presentation/cov3_75pct/covMin10_methSD0p07/v2_exclude_protected_pcs/04_obesity_overweight
[plotMEtraitCor] Plotting ME trait correlation heatmap
[plotMEtraitCor] Drawing module color bar with labels
[plotMEtraitCor] Saving plot as /quobyte/lasallegrp/projects/CHDS/WGBS/2025_intergen_BrCa_comethyl_George/comethyl_output/09b_me_trait_presentation/cov3_75pct/covMin10_methSD0p07/v2_exclude_protected_pcs/09_incxrac/ME_Trait_Heatmap_FULL.pdf
[plotMEtraitCor] Plotting ME trait correlation heatmap
[plotMEtraitCor] Drawing module color bar with labels
[plotMEtraitCor] Saving plot as /quobyte/lasallegrp/projects/CHDS/WGBS/2025_intergen_BrCa_comethyl_George/comethyl_output/09b_me_trait_presentation/cov3_75pct/covMin10_methSD0p07/v2_exclude_protected_pcs/09_incxrac/ME_Trait_Heatmap_TOP.pdf
Done set '09_incxrac' for variant 'v2_exclude_protected_pcs'
  Traits found: 4 / 4
  Output: /quobyte/lasallegrp/projects/CHDS/WGBS/2025_intergen_BrCa_comethyl_George/comethyl_output/09b_me_trait_presentation/cov3_75pct/covMin10_methSD0p07/v2_exclude_protected_pcs/09_incxrac
[plotMEtraitCor] Plotting ME trait correlation heatmap
[plotMEtraitCor] Drawing module color bar with labels
[plotMEtraitCor] Saving plot as /quobyte/lasallegrp/projects/CHDS/WGBS/2025_intergen_BrCa_comethyl_George/comethyl_output/09b_me_trait_presentation/cov3_75pct/covMin10_methSD0p07/v2_exclude_protected_pcs/10_puberty_and_menarche_variables/ME_Trait_Heatmap_FULL.pdf
[plotMEtraitCor] Plotting ME trait correlation heatmap
[plotMEtraitCor] Drawing module color bar with labels
[plotMEtraitCor] Saving plot as /quobyte/lasallegrp/projects/CHDS/WGBS/2025_intergen_BrCa_comethyl_George/comethyl_output/09b_me_trait_presentation/cov3_75pct/covMin10_methSD0p07/v2_exclude_protected_pcs/10_puberty_and_menarche_variables/ME_Trait_Heatmap_TOP.pdf
Done set '10_puberty_and_menarche_variables' for variant 'v2_exclude_protected_pcs'
  Traits found: 3 / 3
  Output: /quobyte/lasallegrp/projects/CHDS/WGBS/2025_intergen_BrCa_comethyl_George/comethyl_output/09b_me_trait_presentation/cov3_75pct/covMin10_methSD0p07/v2_exclude_protected_pcs/10_puberty_and_menarche_variables
[plotMEtraitCor] Plotting ME trait correlation heatmap
[plotMEtraitCor] Drawing module color bar with labels
[plotMEtraitCor] Saving plot as /quobyte/lasallegrp/projects/CHDS/WGBS/2025_intergen_BrCa_comethyl_George/comethyl_output/09b_me_trait_presentation/cov3_75pct/covMin10_methSD0p07/v2_exclude_protected_pcs/11_breast_cancer_outcomes/ME_Trait_Heatmap_FULL.pdf
[plotMEtraitCor] Plotting ME trait correlation heatmap
[plotMEtraitCor] Drawing module color bar with labels
[plotMEtraitCor] Saving plot as /quobyte/lasallegrp/projects/CHDS/WGBS/2025_intergen_BrCa_comethyl_George/comethyl_output/09b_me_trait_presentation/cov3_75pct/covMin10_methSD0p07/v2_exclude_protected_pcs/11_breast_cancer_outcomes/ME_Trait_Heatmap_TOP.pdf
Done set '11_breast_cancer_outcomes' for variant 'v2_exclude_protected_pcs'
  Traits found: 2 / 2
  Output: /quobyte/lasallegrp/projects/CHDS/WGBS/2025_intergen_BrCa_comethyl_George/comethyl_output/09b_me_trait_presentation/cov3_75pct/covMin10_methSD0p07/v2_exclude_protected_pcs/11_breast_cancer_outcomes
Finished variant: v2_exclude_protected_pcs
Script 09a complete: Presentation ME-trait finished
Outputs saved under: /quobyte/lasallegrp/projects/CHDS/WGBS/2025_intergen_BrCa_comethyl_George/comethyl_output/09b_me_trait_presentation
Starting Script 11
Output directory: /quobyte/lasallegrp/projects/CHDS/WGBS/2025_intergen_BrCa_comethyl_George/comethyl_output/11_me_trait_pair_plots/cov3_75pct/covMin10_methSD0p07/v1_all_pcs
[readSampleInfo] Reading sample info: /quobyte/lasallegrp/projects/CHDS/WGBS/2025_intergen_BrCa_comethyl_George/data/metadata/Intergen173.xlsx
[readSampleInfo] No sample_id_col provided; using existing rownames.
[readSampleInfo] First 6 rownames used as sample IDs:
Samples in common: 173
Modules available: 3
Traits available: 46
[03_dde] Pairs to plot: 4
✓ Done set: 03_dde
  Output: /quobyte/lasallegrp/projects/CHDS/WGBS/2025_intergen_BrCa_comethyl_George/comethyl_output/11_me_trait_pair_plots/cov3_75pct/covMin10_methSD0p07/v1_all_pcs/03_dde
[04_obesity_overweight] Pairs to plot: 1
✓ Done set: 04_obesity_overweight
  Output: /quobyte/lasallegrp/projects/CHDS/WGBS/2025_intergen_BrCa_comethyl_George/comethyl_output/11_me_trait_pair_plots/cov3_75pct/covMin10_methSD0p07/v1_all_pcs/04_obesity_overweight
[09_incxrac] Pairs to plot: 1
✓ Done set: 09_incxrac
  Output: /quobyte/lasallegrp/projects/CHDS/WGBS/2025_intergen_BrCa_comethyl_George/comethyl_output/11_me_trait_pair_plots/cov3_75pct/covMin10_methSD0p07/v1_all_pcs/09_incxrac
[10_puberty_and_menarche_variables] Pairs to plot: 2
✓ Done set: 10_puberty_and_menarche_variables
  Output: /quobyte/lasallegrp/projects/CHDS/WGBS/2025_intergen_BrCa_comethyl_George/comethyl_output/11_me_trait_pair_plots/cov3_75pct/covMin10_methSD0p07/v1_all_pcs/10_puberty_and_menarche_variables
Skipping set 11_breast_cancer_outcomes: no module-trait pairs left after filtering.
Script 10 complete: ME-trait pair plots finished
Outputs saved under:
  /quobyte/lasallegrp/projects/CHDS/WGBS/2025_intergen_BrCa_comethyl_George/comethyl_output/11_me_trait_pair_plots/cov3_75pct/covMin10_methSD0p07/v1_all_pcs
Starting Script 11
Output directory: /quobyte/lasallegrp/projects/CHDS/WGBS/2025_intergen_BrCa_comethyl_George/comethyl_output/11_me_trait_pair_plots/cov3_75pct/covMin10_methSD0p07/v2_exclude_protected_pcs
[readSampleInfo] Reading sample info: /quobyte/lasallegrp/projects/CHDS/WGBS/2025_intergen_BrCa_comethyl_George/data/metadata/Intergen173.xlsx
[readSampleInfo] No sample_id_col provided; using existing rownames.
[readSampleInfo] First 6 rownames used as sample IDs:
Samples in common: 173
Modules available: 35
Traits available: 46
[03_dde] Pairs to plot: 15
✓ Done set: 03_dde
  Output: /quobyte/lasallegrp/projects/CHDS/WGBS/2025_intergen_BrCa_comethyl_George/comethyl_output/11_me_trait_pair_plots/cov3_75pct/covMin10_methSD0p07/v2_exclude_protected_pcs/03_dde
[04_obesity_overweight] Pairs to plot: 5
✓ Done set: 04_obesity_overweight
  Output: /quobyte/lasallegrp/projects/CHDS/WGBS/2025_intergen_BrCa_comethyl_George/comethyl_output/11_me_trait_pair_plots/cov3_75pct/covMin10_methSD0p07/v2_exclude_protected_pcs/04_obesity_overweight
[09_incxrac] Pairs to plot: 21
✓ Done set: 09_incxrac
  Output: /quobyte/lasallegrp/projects/CHDS/WGBS/2025_intergen_BrCa_comethyl_George/comethyl_output/11_me_trait_pair_plots/cov3_75pct/covMin10_methSD0p07/v2_exclude_protected_pcs/09_incxrac
[10_puberty_and_menarche_variables] Pairs to plot: 17
✓ Done set: 10_puberty_and_menarche_variables
  Output: /quobyte/lasallegrp/projects/CHDS/WGBS/2025_intergen_BrCa_comethyl_George/comethyl_output/11_me_trait_pair_plots/cov3_75pct/covMin10_methSD0p07/v2_exclude_protected_pcs/10_puberty_and_menarche_variables
[11_breast_cancer_outcomes] Pairs to plot: 3
✓ Done set: 11_breast_cancer_outcomes
  Output: /quobyte/lasallegrp/projects/CHDS/WGBS/2025_intergen_BrCa_comethyl_George/comethyl_output/11_me_trait_pair_plots/cov3_75pct/covMin10_methSD0p07/v2_exclude_protected_pcs/11_breast_cancer_outcomes
There were 20 warnings (use warnings() to see them)
Script 10 complete: ME-trait pair plots finished
Outputs saved under:
  /quobyte/lasallegrp/projects/CHDS/WGBS/2025_intergen_BrCa_comethyl_George/comethyl_output/11_me_trait_pair_plots/cov3_75pct/covMin10_methSD0p07/v2_exclude_protected_pcs
Starting Script 12b

======================================================
Running config [list: 03_dde]
======================================================

--- Enriching module: green (1594 genes) ---
[green] Enrichr...
[foreground] input n=1594 -> cleaned unique n=1594
[foreground] invalid-format count=0
[Enrichr] Attempt 1 of 5 for: green
[Enrichr] Saved: green_enrichr.xlsx

--- Enriching module: blue (9294 genes) ---
[blue] Enrichr...
[foreground] input n=9294 -> cleaned unique n=9294
[foreground] invalid-format count=0
[Enrichr] Attempt 1 of 5 for: blue
[Enrichr] Saved: blue_enrichr.xlsx

--- Enriching module: grey60 (21 genes) ---
[grey60] Enrichr...
[foreground] input n=21 -> cleaned unique n=21
[foreground] invalid-format count=0
[Enrichr] Attempt 1 of 5 for: grey60
[Enrichr] Saved: grey60_enrichr.xlsx

--- Enriching module: darkgreen (25 genes) ---
[darkgreen] Enrichr...
[foreground] input n=25 -> cleaned unique n=25
[foreground] invalid-format count=0
[Enrichr] Attempt 1 of 5 for: darkgreen
[Enrichr] Saved: darkgreen_enrichr.xlsx

--- Enriching module: paleturquoise (20 genes) ---
[paleturquoise] Enrichr...
[foreground] input n=20 -> cleaned unique n=20
[foreground] invalid-format count=0
[Enrichr] Attempt 1 of 5 for: paleturquoise
[Enrichr] Saved: paleturquoise_enrichr.xlsx

--- Enriching module: black (365 genes) ---
[black] Enrichr...
[foreground] input n=365 -> cleaned unique n=365
[foreground] invalid-format count=0
[Enrichr] Attempt 1 of 5 for: black
[Enrichr] Saved: black_enrichr.xlsx

--- Enriching module: turquoise (13151 genes) ---
[turquoise] Enrichr...
[foreground] input n=13151 -> cleaned unique n=13151
[foreground] invalid-format count=0
[Enrichr] Attempt 1 of 5 for: turquoise
[Enrichr] Saved: turquoise_enrichr.xlsx

--- Enriching module: saddlebrown (19 genes) ---
[saddlebrown] Enrichr...
[foreground] input n=19 -> cleaned unique n=19
[foreground] invalid-format count=0
[Enrichr] Attempt 1 of 5 for: saddlebrown
[Enrichr] Saved: saddlebrown_enrichr.xlsx

--- Enriching module: white (24 genes) ---
[white] Enrichr...
[foreground] input n=24 -> cleaned unique n=24
[foreground] invalid-format count=0
[Enrichr] Attempt 1 of 5 for: white
[Enrichr] Saved: white_enrichr.xlsx

--- Summary plots (pvalue) ---
[plot] Saved: Summary_Enrichr_GO_Biological_Process_2025_top8_pvalue0.05.pdf
[plot] Saved: Summary_Enrichr_GO_Molecular_Function_2025_top8_pvalue0.05.pdf
[plot] Saved: Summary_Enrichr_GO_Cellular_Component_2025_top8_pvalue0.05.pdf
[plot] Saved: Summary_Enrichr_KEGG_2021_Human_top8_pvalue0.05.pdf
[plot] Saved: Summary_Enrichr_GWAS_Catalog_2025_top8_pvalue0.05.pdf
[plot] Saved: Summary_Enrichr_ClinVar_2025_top8_pvalue0.05.pdf

======================================================
Running config [list: 04_obesity_overweight]
======================================================

--- Enriching module: darkolivegreen (2 genes) ---
[darkolivegreen] Enrichr...
[foreground] input n=2 -> cleaned unique n=2
[foreground] invalid-format count=0
[Enrichr] Attempt 1 of 5 for: darkolivegreen
[Enrichr] Saved: darkolivegreen_enrichr.xlsx

--- Enriching module: yellow (6360 genes) ---
[yellow] Enrichr...
[foreground] input n=6360 -> cleaned unique n=6360
[foreground] invalid-format count=0
[Enrichr] Attempt 1 of 5 for: yellow
[Enrichr] Saved: yellow_enrichr.xlsx

--- Enriching module: magenta (42 genes) ---
[magenta] Enrichr...
[foreground] input n=42 -> cleaned unique n=42
[foreground] invalid-format count=0
[Enrichr] Attempt 1 of 5 for: magenta
[Enrichr] Saved: magenta_enrichr.xlsx

--- Enriching module: brown (8241 genes) ---
[brown] Enrichr...
[foreground] input n=8241 -> cleaned unique n=8241
[foreground] invalid-format count=0
[Enrichr] Attempt 1 of 5 for: brown
[Enrichr] Saved: brown_enrichr.xlsx

--- Summary plots (pvalue) ---
[plot] Saved: Summary_Enrichr_GO_Biological_Process_2025_top8_pvalue0.05.pdf
[plot] Saved: Summary_Enrichr_GO_Molecular_Function_2025_top8_pvalue0.05.pdf
[plot] Saved: Summary_Enrichr_GO_Cellular_Component_2025_top8_pvalue0.05.pdf
[plot] Saved: Summary_Enrichr_KEGG_2021_Human_top8_pvalue0.05.pdf
[plot] Saved: Summary_Enrichr_GWAS_Catalog_2025_top8_pvalue0.05.pdf
[plot] Saved: Summary_Enrichr_ClinVar_2025_top8_pvalue0.05.pdf

======================================================
Running config [list: 09_incxrac]
======================================================

--- Enriching module: turquoise (9 genes) ---
[turquoise] Enrichr...
[foreground] input n=9 -> cleaned unique n=9
[foreground] invalid-format count=0
[Enrichr] Attempt 1 of 5 for: turquoise

--- Summary plots (pvalue) ---
[plot_enrichr] No data for DB: GO_Biological_Process_2025
[plot_enrichr] No data for DB: GO_Molecular_Function_2025
[plot_enrichr] No data for DB: GO_Cellular_Component_2025
[plot_enrichr] No data for DB: KEGG_2021_Human
[plot_enrichr] No data for DB: GWAS_Catalog_2025
[plot_enrichr] No data for DB: ClinVar_2025

--- Enriching module: darkred (26 genes) ---
[darkred] Enrichr...
[foreground] input n=26 -> cleaned unique n=26
[foreground] invalid-format count=0
[Enrichr] Attempt 1 of 5 for: darkred
[Enrichr] Saved: darkred_enrichr.xlsx

--- Enriching module: darkturquoise (23 genes) ---
[darkturquoise] Enrichr...
[foreground] input n=23 -> cleaned unique n=23
[foreground] invalid-format count=0
[Enrichr] Attempt 1 of 5 for: darkturquoise
[Enrichr] Saved: darkturquoise_enrichr.xlsx

--- Enriching module: tan (38 genes) ---
[tan] Enrichr...
[foreground] input n=38 -> cleaned unique n=38
[foreground] invalid-format count=0
[Enrichr] Attempt 1 of 5 for: tan
[Enrichr] Saved: tan_enrichr.xlsx

--- Enriching module: darkolivegreen (2 genes) ---
[darkolivegreen] Enrichr...
[foreground] input n=2 -> cleaned unique n=2
[foreground] invalid-format count=0
[Enrichr] Attempt 1 of 5 for: darkolivegreen
[Enrichr] Saved: darkolivegreen_enrichr.xlsx

--- Enriching module: pink (49 genes) ---
[pink] Enrichr...
[foreground] input n=49 -> cleaned unique n=49
[foreground] invalid-format count=0
[Enrichr] Attempt 1 of 5 for: pink
[Enrichr] Saved: pink_enrichr.xlsx

--- Enriching module: yellow (6360 genes) ---
[yellow] Enrichr...
[foreground] input n=6360 -> cleaned unique n=6360
[foreground] invalid-format count=0
[Enrichr] Attempt 1 of 5 for: yellow
[Enrichr] Saved: yellow_enrichr.xlsx

--- Enriching module: darkgreen (25 genes) ---
[darkgreen] Enrichr...
[foreground] input n=25 -> cleaned unique n=25
[foreground] invalid-format count=0
[Enrichr] Attempt 1 of 5 for: darkgreen
[Enrichr] Saved: darkgreen_enrichr.xlsx

--- Enriching module: magenta (42 genes) ---
[magenta] Enrichr...
[foreground] input n=42 -> cleaned unique n=42
[foreground] invalid-format count=0
[Enrichr] Attempt 1 of 5 for: magenta
[Enrichr] Saved: magenta_enrichr.xlsx

--- Enriching module: skyblue (18 genes) ---
[skyblue] Enrichr...
[foreground] input n=18 -> cleaned unique n=18
[foreground] invalid-format count=0
[Enrichr] Attempt 1 of 5 for: skyblue
[Enrichr] Saved: skyblue_enrichr.xlsx

--- Enriching module: orange (30 genes) ---
[orange] Enrichr...
[foreground] input n=30 -> cleaned unique n=30
[foreground] invalid-format count=0
[Enrichr] Attempt 1 of 5 for: orange
[Enrichr] Saved: orange_enrichr.xlsx

--- Enriching module: cyan (49 genes) ---
[cyan] Enrichr...
[foreground] input n=49 -> cleaned unique n=49
[foreground] invalid-format count=0
[Enrichr] Attempt 1 of 5 for: cyan
[Enrichr] Saved: cyan_enrichr.xlsx

--- Enriching module: brown (8241 genes) ---
[brown] Enrichr...
[foreground] input n=8241 -> cleaned unique n=8241
[foreground] invalid-format count=0
[Enrichr] Attempt 1 of 5 for: brown
[Enrichr] Saved: brown_enrichr.xlsx

--- Enriching module: violet (5 genes) ---
[violet] Enrichr...
[foreground] input n=5 -> cleaned unique n=5
[foreground] invalid-format count=0
[Enrichr] Attempt 1 of 5 for: violet
[Enrichr] Saved: violet_enrichr.xlsx

--- Enriching module: white (24 genes) ---
[white] Enrichr...
[foreground] input n=24 -> cleaned unique n=24
[foreground] invalid-format count=0
[Enrichr] Attempt 1 of 5 for: white
[Enrichr] Saved: white_enrichr.xlsx

--- Summary plots (pvalue) ---
[plot] Saved: Summary_Enrichr_GO_Biological_Process_2025_top8_pvalue0.05.pdf
[plot] Saved: Summary_Enrichr_GO_Molecular_Function_2025_top8_pvalue0.05.pdf
[plot] Saved: Summary_Enrichr_GO_Cellular_Component_2025_top8_pvalue0.05.pdf
[plot] Saved: Summary_Enrichr_KEGG_2021_Human_top8_pvalue0.05.pdf
[plot] Saved: Summary_Enrichr_GWAS_Catalog_2025_top8_pvalue0.05.pdf
[plot] Saved: Summary_Enrichr_ClinVar_2025_top8_pvalue0.05.pdf

======================================================
Running config [list: 10_puberty_and_menarche_variables]
======================================================

--- Enriching module: blue (2 genes) ---
[blue] Enrichr...
[foreground] input n=2 -> cleaned unique n=2
[foreground] invalid-format count=0
[Enrichr] Attempt 1 of 5 for: blue
[Enrichr] Saved: blue_enrichr.xlsx

--- Summary plots (pvalue) ---
[plot] Saved: Summary_Enrichr_GO_Biological_Process_2025_top8_pvalue0.05.pdf
[plot] Saved: Summary_Enrichr_GO_Molecular_Function_2025_top8_pvalue0.05.pdf
[plot] Saved: Summary_Enrichr_GO_Cellular_Component_2025_top8_pvalue0.05.pdf
[plot] Saved: Summary_Enrichr_KEGG_2021_Human_top8_pvalue0.05.pdf
[plot] Saved: Summary_Enrichr_GWAS_Catalog_2025_top8_pvalue0.05.pdf
[plot] Saved: Summary_Enrichr_ClinVar_2025_top8_pvalue0.05.pdf

--- Enriching module: red (337 genes) ---
[red] Enrichr...
[foreground] input n=337 -> cleaned unique n=337
[foreground] invalid-format count=0
[Enrichr] Attempt 1 of 5 for: red
[Enrichr] Saved: red_enrichr.xlsx

--- Enriching module: darkolivegreen (2 genes) ---
[darkolivegreen] Enrichr...
[foreground] input n=2 -> cleaned unique n=2
[foreground] invalid-format count=0
[Enrichr] Attempt 1 of 5 for: darkolivegreen
[Enrichr] Saved: darkolivegreen_enrichr.xlsx

--- Enriching module: pink (49 genes) ---
[pink] Enrichr...
[foreground] input n=49 -> cleaned unique n=49
[foreground] invalid-format count=0
[Enrichr] Attempt 1 of 5 for: pink
[Enrichr] Saved: pink_enrichr.xlsx

--- Enriching module: yellow (6360 genes) ---
[yellow] Enrichr...
[foreground] input n=6360 -> cleaned unique n=6360
[foreground] invalid-format count=0
[Enrichr] Attempt 1 of 5 for: yellow
[Enrichr] Saved: yellow_enrichr.xlsx

--- Enriching module: magenta (42 genes) ---
[magenta] Enrichr...
[foreground] input n=42 -> cleaned unique n=42
[foreground] invalid-format count=0
[Enrichr] Attempt 1 of 5 for: magenta
[Enrichr] Saved: magenta_enrichr.xlsx

--- Enriching module: midnightblue (36 genes) ---
[midnightblue] Enrichr...
[foreground] input n=36 -> cleaned unique n=36
[foreground] invalid-format count=0
[Enrichr] Attempt 1 of 5 for: midnightblue
[Enrichr] Saved: midnightblue_enrichr.xlsx

--- Enriching module: darkmagenta (1 genes) ---
[darkmagenta] Enrichr...
[foreground] input n=1 -> cleaned unique n=1
[foreground] invalid-format count=0
[Enrichr] Attempt 1 of 5 for: darkmagenta

--- Enriching module: orange (30 genes) ---
[orange] Enrichr...
[foreground] input n=30 -> cleaned unique n=30
[foreground] invalid-format count=0
[Enrichr] Attempt 1 of 5 for: orange
[Enrichr] Saved: orange_enrichr.xlsx

--- Enriching module: brown (8241 genes) ---
[brown] Enrichr...
[foreground] input n=8241 -> cleaned unique n=8241
[foreground] invalid-format count=0
[Enrichr] Attempt 1 of 5 for: brown
[Enrichr] Saved: brown_enrichr.xlsx

--- Enriching module: violet (5 genes) ---
[violet] Enrichr...
[foreground] input n=5 -> cleaned unique n=5
[foreground] invalid-format count=0
[Enrichr] Attempt 1 of 5 for: violet
[Enrichr] Saved: violet_enrichr.xlsx

--- Enriching module: royalblue (10 genes) ---
[royalblue] Enrichr...
[foreground] input n=10 -> cleaned unique n=10
[foreground] invalid-format count=0
[Enrichr] Attempt 1 of 5 for: royalblue
[Enrichr] Saved: royalblue_enrichr.xlsx

--- Enriching module: saddlebrown (19 genes) ---
[saddlebrown] Enrichr...
[foreground] input n=19 -> cleaned unique n=19
[foreground] invalid-format count=0
[Enrichr] Attempt 1 of 5 for: saddlebrown
[Enrichr] Saved: saddlebrown_enrichr.xlsx

--- Summary plots (pvalue) ---
[plot] Saved: Summary_Enrichr_GO_Biological_Process_2025_top8_pvalue0.05.pdf
[plot] Saved: Summary_Enrichr_GO_Molecular_Function_2025_top8_pvalue0.05.pdf
[plot] Saved: Summary_Enrichr_GO_Cellular_Component_2025_top8_pvalue0.05.pdf
[plot] Saved: Summary_Enrichr_KEGG_2021_Human_top8_pvalue0.05.pdf
[plot] Saved: Summary_Enrichr_GWAS_Catalog_2025_top8_pvalue0.05.pdf
[plot] Saved: Summary_Enrichr_ClinVar_2025_top8_pvalue0.05.pdf

======================================================
Running config [list: 11_breast_cancer_outcomes]
======================================================

--- Enriching module: pink (49 genes) ---
[pink] Enrichr...
[foreground] input n=49 -> cleaned unique n=49
[foreground] invalid-format count=0
[Enrichr] Attempt 1 of 5 for: pink
[Enrichr] Saved: pink_enrichr.xlsx

--- Enriching module: paleturquoise (20 genes) ---
[paleturquoise] Enrichr...
[foreground] input n=20 -> cleaned unique n=20
[foreground] invalid-format count=0
[Enrichr] Attempt 1 of 5 for: paleturquoise
[Enrichr] Saved: paleturquoise_enrichr.xlsx

--- Enriching module: midnightblue (36 genes) ---
[midnightblue] Enrichr...
[foreground] input n=36 -> cleaned unique n=36
[foreground] invalid-format count=0
[Enrichr] Attempt 1 of 5 for: midnightblue
[Enrichr] Saved: midnightblue_enrichr.xlsx

--- Summary plots (pvalue) ---
[plot] Saved: Summary_Enrichr_GO_Biological_Process_2025_top8_pvalue0.05.pdf
[plot] Saved: Summary_Enrichr_GO_Molecular_Function_2025_top8_pvalue0.05.pdf
[plot] Saved: Summary_Enrichr_GO_Cellular_Component_2025_top8_pvalue0.05.pdf
[plot] Saved: Summary_Enrichr_KEGG_2021_Human_top8_pvalue0.05.pdf
[plot] Saved: Summary_Enrichr_GWAS_Catalog_2025_top8_pvalue0.05.pdf
[plot] Saved: Summary_Enrichr_ClinVar_2025_top8_pvalue0.05.pdf
There were 50 or more warnings (use warnings() to see the first 50)


Starting Script 04
Output directory: /quobyte/lasallegrp/projects/CHDS/WGBS/2025_intergen_BrCa_comethyl_George/comethyl_output/04_pc_diagnostics/cov3_75pct/covMin10_methSD0p07
Loaded methylation matrix: 465397 regions x 173 samples
[readSampleInfo] Reading sample info: /quobyte/lasallegrp/projects/CHDS/WGBS/2025_intergen_BrCa_comethyl_George/data/metadata/Intergen173.xlsx
[readSampleInfo] No sample_id_col provided; using existing rownames.
[readSampleInfo] First 6 rownames used as sample IDs:
After alignment: 465397 regions x 173 samples
Numeric trait columns retained for diagnostics: 45
[readTraitFile] Loaded 9 traits from: /quobyte/lasallegrp/projects/CHDS/WGBS/2025_intergen_BrCa_comethyl_George/config/protected_traits.txt
[readTraitFile] Loaded 3 traits from: /quobyte/lasallegrp/projects/CHDS/WGBS/2025_intergen_BrCa_comethyl_George/config/technical_traits.txt
[resolveTraits] protected_traits: requested = 9, found = 9, missing = 0
[resolveTraits] technical_traits: requested = 3, found = 0, missing = 3
Using protected traits in SVA model matrix: aakid, ddt, dde, op_ddt, ICE60incxrac1_q1, breastcaF1, breastcaF0, youngmen_adol, oldmen_adol
[getPCs_generic] Determining number of PCs using sva::num.sv
[getPCs_generic] NAs detected in model matrix; centering and replacing with 0
[getPCs_generic] num.sv selected 30 PCs as surrogate variables
PC matrix dimensions: 173 samples x 30 PCs
Surrogate variables (num.sv): PC_1 through PC_30
Saved variance explained plot: /quobyte/lasallegrp/projects/CHDS/WGBS/2025_intergen_BrCa_comethyl_George/comethyl_output/04_pc_diagnostics/cov3_75pct/covMin10_methSD0p07/Variance_Explained_Top20_PCs.pdf
[getMEtraitCor] Testing associations between module eigennodes and sample traits using pearson correlation
[getMEtraitCor] Saving file as /quobyte/lasallegrp/projects/CHDS/WGBS/2025_intergen_BrCa_comethyl_George/comethyl_output/04_pc_diagnostics/cov3_75pct/covMin10_methSD0p07/PC_Trait_Correlation_Stats_Pearson.tsv
[getMEtraitCor] Testing associations between module eigennodes and sample traits using bicor correlation
[getMEtraitCor] Saving file as /quobyte/lasallegrp/projects/CHDS/WGBS/2025_intergen_BrCa_comethyl_George/comethyl_output/04_pc_diagnostics/cov3_75pct/covMin10_methSD0p07/PC_Trait_Correlation_Stats_Bicor.tsv
[plotMEtraitCor_pub] corType = bicor
[plotMEtraitCor_pub] autoSize -> width=7.30, height=5.00 (nX=30,nY=9)
[plotMEtraitCor_pub] corType = bicor
[plotMEtraitCor_pub] autoSize -> width=7.30, height=9.70 (nX=30,nY=45)
[plotMEtraitCor_pub] corType = bicor
[plotMEtraitCor_pub] autoSize -> width=7.30, height=9.70 (nX=30,nY=45)
[plotTraitDendrogramFromPC] Saved: /quobyte/lasallegrp/projects/CHDS/WGBS/2025_intergen_BrCa_comethyl_George/comethyl_output/04_pc_diagnostics/cov3_75pct/covMin10_methSD0p07/Trait_Dendrogram_From_PC_Associations.pdf
Surrogate variables identified by num.sv: 30 (PC_1 through PC_30)
Consensus Script 04 complete: PC derivation and diagnostics finished
Output folder: /quobyte/lasallegrp/projects/CHDS/WGBS/2025_intergen_BrCa_comethyl_George/comethyl_output/04_pc_diagnostics/cov3_75pct/covMin10_methSD0p07
------------------------------------------------------------
[LATENT STRUCTURE SUMMARY]
------------------------------------------------------------
Samples: 173
Selected latent factors for adjustment (num.sv): 30

Returned adjustment matrix: 173 x 30 (samples x selected PCs)

Variance captured by selected PCs: 28.03%

Starting Script 05
Output directory: /quobyte/lasallegrp/projects/CHDS/WGBS/2025_intergen_BrCa_comethyl_George/comethyl_output/05_methylation_adjustment/cov3_75pct/covMin10_methSD0p07
After alignment: meth = 465397 regions x 173 samples; PCs = 173 samples x 30 PCs
[readTraitFile] Loaded 9 traits from: /quobyte/lasallegrp/projects/CHDS/WGBS/2025_intergen_BrCa_comethyl_George/config/protected_traits.txt
[readTraitFile] Loaded 3 traits from: /quobyte/lasallegrp/projects/CHDS/WGBS/2025_intergen_BrCa_comethyl_George/config/technical_traits.txt
[resolveTraits] protected_traits: requested = 9, found = 9, missing = 0
[resolveTraits] technical_traits: requested = 3, found = 0, missing = 3
[adjustRegionMeth] Adjusting region methylation for the top principal components
[adjustRegionMeth] Saving file as /quobyte/lasallegrp/projects/CHDS/WGBS/2025_intergen_BrCa_comethyl_George/comethyl_output/05_methylation_adjustment/cov3_75pct/covMin10_methSD0p07/v1_all_pcs/Adjusted_Region_Methylation_allPCs.rds
✓ v1 complete: adjusted using all PCs (n = 30)
[adjustRegionMeth] Adjusting region methylation for the top principal components
[adjustRegionMeth] Saving file as /quobyte/lasallegrp/projects/CHDS/WGBS/2025_intergen_BrCa_comethyl_George/comethyl_output/05_methylation_adjustment/cov3_75pct/covMin10_methSD0p07/v2_exclude_protected_pcs/Adjusted_Region_Methylation_excluding_protected_PCs_bicor.rds
✓ v2 complete: removed 15 protected-associated PCs; used 15 PCs
Skipping v3 (run_v3 = FALSE)
Script 05 complete: methylation adjustment finished
Starting Script 06
Output directory: /quobyte/lasallegrp/projects/CHDS/WGBS/2025_intergen_BrCa_comethyl_George/comethyl_output/06_soft_power/cov3_75pct/covMin10_methSD0p07

==============================
Running soft power for variant: v1_all_pcs
Correlation method: pearson
==============================

[getSoftPower] Analyzing scale-free topology with pearson correlation to estimate best soft-thresholding power
[getSoftPower] At soft power threshold = 19, fit = 0.933 and mean connectivity = 2.6
[getSoftPower] Saving file as /quobyte/lasallegrp/projects/CHDS/WGBS/2025_intergen_BrCa_comethyl_George/comethyl_output/06_soft_power/cov3_75pct/covMin10_methSD0p07/v1_all_pcs/SoftPower_pearson.rds
[plotSoftPower] Plotting scale-free topology fit and mean connectivity by soft power threshold
[plotSoftPower] Saving plots as /quobyte/lasallegrp/projects/CHDS/WGBS/2025_intergen_BrCa_comethyl_George/comethyl_output/06_soft_power/cov3_75pct/covMin10_methSD0p07/v1_all_pcs/SoftPower_pearson_Plots.pdf
[getDendro] Clustering by euclidean distance
[plotDendro] Plotting dendrogram
[plotDendro] Saving plot as /quobyte/lasallegrp/projects/CHDS/WGBS/2025_intergen_BrCa_comethyl_George/comethyl_output/06_soft_power/cov3_75pct/covMin10_methSD0p07/v1_all_pcs/Sample_Dendrogram_pearson.pdf
✓ Sample dendrogram saved: /quobyte/lasallegrp/projects/CHDS/WGBS/2025_intergen_BrCa_comethyl_George/comethyl_output/06_soft_power/cov3_75pct/covMin10_methSD0p07/v1_all_pcs/Sample_Dendrogram_pearson.pdf
✓ Finished soft-power run for: v1_all_pcs
  RDS: /quobyte/lasallegrp/projects/CHDS/WGBS/2025_intergen_BrCa_comethyl_George/comethyl_output/06_soft_power/cov3_75pct/covMin10_methSD0p07/v1_all_pcs/SoftPower_pearson.rds
  PDF: /quobyte/lasallegrp/projects/CHDS/WGBS/2025_intergen_BrCa_comethyl_George/comethyl_output/06_soft_power/cov3_75pct/covMin10_methSD0p07/v1_all_pcs/SoftPower_pearson_Plots.pdf

==============================
Running soft power for variant: v2_exclude_protected_pcs
Correlation method: pearson
==============================

[getSoftPower] Analyzing scale-free topology with pearson correlation to estimate best soft-thresholding power
[getSoftPower] At soft power threshold = 6, fit = 0.829 and mean connectivity = 9262.2
[getSoftPower] Saving file as /quobyte/lasallegrp/projects/CHDS/WGBS/2025_intergen_BrCa_comethyl_George/comethyl_output/06_soft_power/cov3_75pct/covMin10_methSD0p07/v2_exclude_protected_pcs/SoftPower_pearson.rds
[plotSoftPower] Plotting scale-free topology fit and mean connectivity by soft power threshold
[plotSoftPower] Saving plots as /quobyte/lasallegrp/projects/CHDS/WGBS/2025_intergen_BrCa_comethyl_George/comethyl_output/06_soft_power/cov3_75pct/covMin10_methSD0p07/v2_exclude_protected_pcs/SoftPower_pearson_Plots.pdf
[getDendro] Clustering by euclidean distance
[plotDendro] Plotting dendrogram
[plotDendro] Saving plot as /quobyte/lasallegrp/projects/CHDS/WGBS/2025_intergen_BrCa_comethyl_George/comethyl_output/06_soft_power/cov3_75pct/covMin10_methSD0p07/v2_exclude_protected_pcs/Sample_Dendrogram_pearson.pdf
✓ Sample dendrogram saved: /quobyte/lasallegrp/projects/CHDS/WGBS/2025_intergen_BrCa_comethyl_George/comethyl_output/06_soft_power/cov3_75pct/covMin10_methSD0p07/v2_exclude_protected_pcs/Sample_Dendrogram_pearson.pdf
✓ Finished soft-power run for: v2_exclude_protected_pcs
  RDS: /quobyte/lasallegrp/projects/CHDS/WGBS/2025_intergen_BrCa_comethyl_George/comethyl_output/06_soft_power/cov3_75pct/covMin10_methSD0p07/v2_exclude_protected_pcs/SoftPower_pearson.rds
  PDF: /quobyte/lasallegrp/projects/CHDS/WGBS/2025_intergen_BrCa_comethyl_George/comethyl_output/06_soft_power/cov3_75pct/covMin10_methSD0p07/v2_exclude_protected_pcs/SoftPower_pearson_Plots.pdf
Script 06 complete: soft power finished
Outputs saved under:
  /quobyte/lasallegrp/projects/CHDS/WGBS/2025_intergen_BrCa_comethyl_George/comethyl_output/06_soft_power/cov3_75pct/covMin10_methSD0p07
/var/spool/slurmd/job12245121/slurm_script: line 131: --input_v3: command not found


Starting Script 07
Output directory: /quobyte/lasallegrp/projects/CHDS/WGBS/2025_intergen_BrCa_comethyl_George/comethyl_output/07_module_detection/cov3_75pct/covMin10_methSD0p07
Loaded regions: 465397 rows

==============================
Running module detection for variant: v1_all_pcs
==============================

[v1_all_pcs] methylation dimensions: 173 regions x 465397 samples
[v1_all_pcs] using powerEstimate = 19
[v1_all_pcs] module correlation = pearson
[getModules] Constructing network and detecting modules in blocks using pearson correlation
[getModules] Assigning modules and calculating module membership using pearson correlation
[getModules] Saving modules as /quobyte/lasallegrp/projects/CHDS/WGBS/2025_intergen_BrCa_comethyl_George/comethyl_output/07_module_detection/cov3_75pct/covMin10_methSD0p07/v1_all_pcs/Modules.rds
[plotRegionDendro] Plotting region dendrograms and modules for each block
[plotRegionDendro] Saving plot as /quobyte/lasallegrp/projects/CHDS/WGBS/2025_intergen_BrCa_comethyl_George/comethyl_output/07_module_detection/cov3_75pct/covMin10_methSD0p07/v1_all_pcs/Region_Dendrograms.pdf
[getModuleBED] Creating bed file of regions annotated with identified modules
[getModuleBED] Excluding regions in grey (unassigned) module
[getModuleBED] Saving file as /quobyte/lasallegrp/projects/CHDS/WGBS/2025_intergen_BrCa_comethyl_George/comethyl_output/07_module_detection/cov3_75pct/covMin10_methSD0p07/v1_all_pcs/Modules.bed
✓ Finished variant: v1_all_pcs
  Modules RDS: /quobyte/lasallegrp/projects/CHDS/WGBS/2025_intergen_BrCa_comethyl_George/comethyl_output/07_module_detection/cov3_75pct/covMin10_methSD0p07/v1_all_pcs/Modules.rds
  Dendrogram:  /quobyte/lasallegrp/projects/CHDS/WGBS/2025_intergen_BrCa_comethyl_George/comethyl_output/07_module_detection/cov3_75pct/covMin10_methSD0p07/v1_all_pcs/Region_Dendrograms.pdf
  BED:         /quobyte/lasallegrp/projects/CHDS/WGBS/2025_intergen_BrCa_comethyl_George/comethyl_output/07_module_detection/cov3_75pct/covMin10_methSD0p07/v1_all_pcs/Modules.bed

==============================
Running module detection for variant: v2_exclude_protected_pcs
==============================

[v2_exclude_protected_pcs] methylation dimensions: 173 regions x 465397 samples
[v2_exclude_protected_pcs] using powerEstimate = 6
[v2_exclude_protected_pcs] module correlation = pearson
[getModules] Constructing network and detecting modules in blocks using pearson correlation
[getModules] Assigning modules and calculating module membership using pearson correlation
[getModules] Saving modules as /quobyte/lasallegrp/projects/CHDS/WGBS/2025_intergen_BrCa_comethyl_George/comethyl_output/07_module_detection/cov3_75pct/covMin10_methSD0p07/v2_exclude_protected_pcs/Modules.rds
[plotRegionDendro] Plotting region dendrograms and modules for each block
[plotRegionDendro] Saving plot as /quobyte/lasallegrp/projects/CHDS/WGBS/2025_intergen_BrCa_comethyl_George/comethyl_output/07_module_detection/cov3_75pct/covMin10_methSD0p07/v2_exclude_protected_pcs/Region_Dendrograms.pdf
[getModuleBED] Creating bed file of regions annotated with identified modules
[getModuleBED] Excluding regions in grey (unassigned) module
[getModuleBED] Saving file as /quobyte/lasallegrp/projects/CHDS/WGBS/2025_intergen_BrCa_comethyl_George/comethyl_output/07_module_detection/cov3_75pct/covMin10_methSD0p07/v2_exclude_protected_pcs/Modules.bed
✓ Finished variant: v2_exclude_protected_pcs
  Modules RDS: /quobyte/lasallegrp/projects/CHDS/WGBS/2025_intergen_BrCa_comethyl_George/comethyl_output/07_module_detection/cov3_75pct/covMin10_methSD0p07/v2_exclude_protected_pcs/Modules.rds
  Dendrogram:  /quobyte/lasallegrp/projects/CHDS/WGBS/2025_intergen_BrCa_comethyl_George/comethyl_output/07_module_detection/cov3_75pct/covMin10_methSD0p07/v2_exclude_protected_pcs/Region_Dendrograms.pdf
  BED:         /quobyte/lasallegrp/projects/CHDS/WGBS/2025_intergen_BrCa_comethyl_George/comethyl_output/07_module_detection/cov3_75pct/covMin10_methSD0p07/v2_exclude_protected_pcs/Modules.bed
Script 07 complete: module detection finished
Outputs saved under:
  /quobyte/lasallegrp/projects/CHDS/WGBS/2025_intergen_BrCa_comethyl_George/comethyl_output/07_module_detection/cov3_75pct/covMin10_methSD0p07
Starting Script 08
Loaded sample_info: /quobyte/lasallegrp/projects/CHDS/WGBS/2025_intergen_BrCa_comethyl_George/data/metadata/Intergen173.xlsx
colData dimensions: 173 samples x 46 traits
colData_num dimensions: 173 samples x 46 numeric traits
Output directory: /quobyte/lasallegrp/projects/CHDS/WGBS/2025_intergen_BrCa_comethyl_George/comethyl_output/08_module_and_sample_diagnostics/cov3_75pct/covMin10_methSD0p07

==============================
Running module/sample diagnostics for variant: v1_all_pcs
==============================

[v1_all_pcs] No MEgrey column found (2 real MEs remaining)
[v1_all_pcs] Sample alignment to metadata: 173 overlapping samples retained from 173 ME samples and 173 metadata samples
[v1_all_pcs] MEs used: 173 samples x 2 modules
[getDendro] Clustering with pearson correlation as the distance
[plotDendro] Plotting dendrogram
[plotDendro] Saving plot as /quobyte/lasallegrp/projects/CHDS/WGBS/2025_intergen_BrCa_comethyl_George/comethyl_output/08_module_and_sample_diagnostics/cov3_75pct/covMin10_methSD0p07/v1_all_pcs/Module_ME_Dendrogram.pdf
[v1_all_pcs] Saved module ME dendrogram
[getCor] Calculating correlations using pearson correlation
[plotHeatmap] Plotting heatmap with dendrograms
[plotHeatmap] Using colors in row names for y-axis labels
[plotHeatmap] Using colors in column names for x-axis labels
[plotHeatmap] Saving plot as /quobyte/lasallegrp/projects/CHDS/WGBS/2025_intergen_BrCa_comethyl_George/comethyl_output/08_module_and_sample_diagnostics/cov3_75pct/covMin10_methSD0p07/v1_all_pcs/Module_Correlation_Heatmap.pdf
[v1_all_pcs] Saved module correlation heatmap
[getMEtraitCor] Testing associations between module eigennodes and sample traits using pearson correlation
[getMEtraitCor] Saving file as /quobyte/lasallegrp/projects/CHDS/WGBS/2025_intergen_BrCa_comethyl_George/comethyl_output/08_module_and_sample_diagnostics/cov3_75pct/covMin10_methSD0p07/v1_all_pcs/Module_Correlation_Stats.tsv
[v1_all_pcs] Saved module correlation stats
[getDendro] Clustering by euclidean distance
[plotDendro] Plotting dendrogram
[plotDendro] Saving plot as /quobyte/lasallegrp/projects/CHDS/WGBS/2025_intergen_BrCa_comethyl_George/comethyl_output/08_module_and_sample_diagnostics/cov3_75pct/covMin10_methSD0p07/v1_all_pcs/Sample_ME_Dendrogram.pdf
[v1_all_pcs] Saved sample ME dendrogram
[getCor] Transposing data
[getCor] Calculating correlations using pearson correlation
[plotHeatmap] Plotting heatmap with dendrograms
[plotHeatmap] Saving plot as /quobyte/lasallegrp/projects/CHDS/WGBS/2025_intergen_BrCa_comethyl_George/comethyl_output/08_module_and_sample_diagnostics/cov3_75pct/covMin10_methSD0p07/v1_all_pcs/Sample_Correlation_Heatmap.pdf
[v1_all_pcs] Saved sample correlation heatmap
[plotHeatmap] Plotting heatmap with dendrograms
[plotHeatmap] Using colors in column names for x-axis labels
[plotHeatmap] Saving plot as /quobyte/lasallegrp/projects/CHDS/WGBS/2025_intergen_BrCa_comethyl_George/comethyl_output/08_module_and_sample_diagnostics/cov3_75pct/covMin10_methSD0p07/v1_all_pcs/Sample_ME_Heatmap.pdf
[v1_all_pcs] Saved sample x module eigengene heatmap
Finished variant: v1_all_pcs
  Outputs in: /quobyte/lasallegrp/projects/CHDS/WGBS/2025_intergen_BrCa_comethyl_George/comethyl_output/08_module_and_sample_diagnostics/cov3_75pct/covMin10_methSD0p07/v1_all_pcs

==============================
Running module/sample diagnostics for variant: v2_exclude_protected_pcs
==============================

[v2_exclude_protected_pcs] No MEgrey column found (37 real MEs remaining)
[v2_exclude_protected_pcs] Sample alignment to metadata: 173 overlapping samples retained from 173 ME samples and 173 metadata samples
[v2_exclude_protected_pcs] MEs used: 173 samples x 37 modules
[getDendro] Clustering with pearson correlation as the distance
[plotDendro] Plotting dendrogram
[plotDendro] Saving plot as /quobyte/lasallegrp/projects/CHDS/WGBS/2025_intergen_BrCa_comethyl_George/comethyl_output/08_module_and_sample_diagnostics/cov3_75pct/covMin10_methSD0p07/v2_exclude_protected_pcs/Module_ME_Dendrogram.pdf
[v2_exclude_protected_pcs] Saved module ME dendrogram
[getCor] Calculating correlations using pearson correlation
[plotHeatmap] Plotting heatmap with dendrograms
[plotHeatmap] Using colors in row names for y-axis labels
[plotHeatmap] Using colors in column names for x-axis labels
[plotHeatmap] Saving plot as /quobyte/lasallegrp/projects/CHDS/WGBS/2025_intergen_BrCa_comethyl_George/comethyl_output/08_module_and_sample_diagnostics/cov3_75pct/covMin10_methSD0p07/v2_exclude_protected_pcs/Module_Correlation_Heatmap.pdf
[v2_exclude_protected_pcs] Saved module correlation heatmap
[getMEtraitCor] Testing associations between module eigennodes and sample traits using pearson correlation
[getMEtraitCor] Saving file as /quobyte/lasallegrp/projects/CHDS/WGBS/2025_intergen_BrCa_comethyl_George/comethyl_output/08_module_and_sample_diagnostics/cov3_75pct/covMin10_methSD0p07/v2_exclude_protected_pcs/Module_Correlation_Stats.tsv
[v2_exclude_protected_pcs] Saved module correlation stats
[getDendro] Clustering by euclidean distance
[plotDendro] Plotting dendrogram
[plotDendro] Saving plot as /quobyte/lasallegrp/projects/CHDS/WGBS/2025_intergen_BrCa_comethyl_George/comethyl_output/08_module_and_sample_diagnostics/cov3_75pct/covMin10_methSD0p07/v2_exclude_protected_pcs/Sample_ME_Dendrogram.pdf
[v2_exclude_protected_pcs] Saved sample ME dendrogram
[getCor] Transposing data
[getCor] Calculating correlations using pearson correlation
[plotHeatmap] Plotting heatmap with dendrograms
[plotHeatmap] Saving plot as /quobyte/lasallegrp/projects/CHDS/WGBS/2025_intergen_BrCa_comethyl_George/comethyl_output/08_module_and_sample_diagnostics/cov3_75pct/covMin10_methSD0p07/v2_exclude_protected_pcs/Sample_Correlation_Heatmap.pdf
[v2_exclude_protected_pcs] Saved sample correlation heatmap
[plotHeatmap] Plotting heatmap with dendrograms
[plotHeatmap] Using colors in column names for x-axis labels
[plotHeatmap] Saving plot as /quobyte/lasallegrp/projects/CHDS/WGBS/2025_intergen_BrCa_comethyl_George/comethyl_output/08_module_and_sample_diagnostics/cov3_75pct/covMin10_methSD0p07/v2_exclude_protected_pcs/Sample_ME_Heatmap.pdf
[v2_exclude_protected_pcs] Saved sample x module eigengene heatmap
Finished variant: v2_exclude_protected_pcs
  Outputs in: /quobyte/lasallegrp/projects/CHDS/WGBS/2025_intergen_BrCa_comethyl_George/comethyl_output/08_module_and_sample_diagnostics/cov3_75pct/covMin10_methSD0p07/v2_exclude_protected_pcs
Script 08 complete: module and sample diagnostics finished
Outputs saved under:
  /quobyte/lasallegrp/projects/CHDS/WGBS/2025_intergen_BrCa_comethyl_George/comethyl_output/08_module_and_sample_diagnostics/cov3_75pct/covMin10_methSD0p07
Starting Script 09a
Output directory: /quobyte/lasallegrp/projects/CHDS/WGBS/2025_intergen_BrCa_comethyl_George/comethyl_output/09a_me_trait_analysis/cov3_75pct/covMin10_methSD0p07
[readSampleInfo] Reading sample info: /quobyte/lasallegrp/projects/CHDS/WGBS/2025_intergen_BrCa_comethyl_George/data/metadata/Intergen173.xlsx
[readSampleInfo] No sample_id_col provided; using existing rownames.
[readSampleInfo] First 6 rownames used as sample IDs:

==============================
Running ME-trait analysis for variant: v1_all_pcs
==============================

[v1_all_pcs] MEs dimensions: 173 samples x 2 modules
[getDendro] Clustering with bicor correlation as the distance
[v1_all_pcs] Running bicor ME-trait correlations
[getMEtraitCor] Testing associations between module eigennodes and sample traits using bicor correlation
[getMEtraitCor] Saving file as /tmp/Rtmp4amlOY/file11ca7f66e0cbe4.tsv
[plotMEtraitCor] Plotting ME trait correlation heatmap
[plotMEtraitCor] Drawing module color bar with labels
[plotMEtraitCor] Saving plot as /quobyte/lasallegrp/projects/CHDS/WGBS/2025_intergen_BrCa_comethyl_George/comethyl_output/09a_me_trait_analysis/cov3_75pct/covMin10_methSD0p07/v1_all_pcs/ME_Trait_Correlation_Heatmap_Bicor_FULL.pdf
[plotMEtraitCor] Plotting ME trait correlation heatmap
[plotMEtraitCor] Drawing module color bar with labels
[plotMEtraitCor] Saving plot as /quobyte/lasallegrp/projects/CHDS/WGBS/2025_intergen_BrCa_comethyl_George/comethyl_output/09a_me_trait_analysis/cov3_75pct/covMin10_methSD0p07/v1_all_pcs/ME_Trait_Correlation_Heatmap_Bicor_TOP.pdf
✓ Finished variant: v1_all_pcs
  Outputs in: /quobyte/lasallegrp/projects/CHDS/WGBS/2025_intergen_BrCa_comethyl_George/comethyl_output/09a_me_trait_analysis/cov3_75pct/covMin10_methSD0p07/v1_all_pcs

==============================
Running ME-trait analysis for variant: v2_exclude_protected_pcs
==============================

[v2_exclude_protected_pcs] MEs dimensions: 173 samples x 37 modules
[getDendro] Clustering with bicor correlation as the distance
[v2_exclude_protected_pcs] Running bicor ME-trait correlations
[getMEtraitCor] Testing associations between module eigennodes and sample traits using bicor correlation
[getMEtraitCor] Saving file as /tmp/Rtmp4amlOY/file11ca7f77134ebd.tsv
[plotMEtraitCor] Plotting ME trait correlation heatmap
[plotMEtraitCor] Drawing module color bar with labels
[plotMEtraitCor] Saving plot as /quobyte/lasallegrp/projects/CHDS/WGBS/2025_intergen_BrCa_comethyl_George/comethyl_output/09a_me_trait_analysis/cov3_75pct/covMin10_methSD0p07/v2_exclude_protected_pcs/ME_Trait_Correlation_Heatmap_Bicor_FULL.pdf
[plotMEtraitCor] Plotting ME trait correlation heatmap
[plotMEtraitCor] Drawing module color bar with labels
[plotMEtraitCor] Saving plot as /quobyte/lasallegrp/projects/CHDS/WGBS/2025_intergen_BrCa_comethyl_George/comethyl_output/09a_me_trait_analysis/cov3_75pct/covMin10_methSD0p07/v2_exclude_protected_pcs/ME_Trait_Correlation_Heatmap_Bicor_TOP.pdf
✓ Finished variant: v2_exclude_protected_pcs
  Outputs in: /quobyte/lasallegrp/projects/CHDS/WGBS/2025_intergen_BrCa_comethyl_George/comethyl_output/09a_me_trait_analysis/cov3_75pct/covMin10_methSD0p07/v2_exclude_protected_pcs
Script 09a complete: core ME-trait finished
Outputs saved under:
  /quobyte/lasallegrp/projects/CHDS/WGBS/2025_intergen_BrCa_comethyl_George/comethyl_output/09a_me_trait_analysis/cov3_75pct/covMin10_methSD0p07
Starting Script 09b
Variants to process: 2

==============================
Running 09b for variant: v1_all_pcs
Output directory: /quobyte/lasallegrp/projects/CHDS/WGBS/2025_intergen_BrCa_comethyl_George/comethyl_output/09b_me_trait_presentation/cov3_75pct/covMin10_methSD0p07/v1_all_pcs
==============================

[getDendro] Clustering with bicor correlation as the distance
[plotMEtraitCor] Plotting ME trait correlation heatmap
[plotMEtraitCor] Drawing module color bar with labels
[plotMEtraitCor] Saving plot as /quobyte/lasallegrp/projects/CHDS/WGBS/2025_intergen_BrCa_comethyl_George/comethyl_output/09b_me_trait_presentation/cov3_75pct/covMin10_methSD0p07/v1_all_pcs/03_dde/ME_Trait_Heatmap_FULL.pdf
[plotMEtraitCor] Plotting ME trait correlation heatmap
[plotMEtraitCor] Drawing module color bar with labels
[plotMEtraitCor] Saving plot as /quobyte/lasallegrp/projects/CHDS/WGBS/2025_intergen_BrCa_comethyl_George/comethyl_output/09b_me_trait_presentation/cov3_75pct/covMin10_methSD0p07/v1_all_pcs/03_dde/ME_Trait_Heatmap_TOP.pdf
Done set '03_dde' for variant 'v1_all_pcs'
  Traits found: 8 / 8
  Output: /quobyte/lasallegrp/projects/CHDS/WGBS/2025_intergen_BrCa_comethyl_George/comethyl_output/09b_me_trait_presentation/cov3_75pct/covMin10_methSD0p07/v1_all_pcs/03_dde
[plotMEtraitCor] Plotting ME trait correlation heatmap
[plotMEtraitCor] Drawing module color bar with labels
[plotMEtraitCor] Saving plot as /quobyte/lasallegrp/projects/CHDS/WGBS/2025_intergen_BrCa_comethyl_George/comethyl_output/09b_me_trait_presentation/cov3_75pct/covMin10_methSD0p07/v1_all_pcs/04_obesity_overweight/ME_Trait_Heatmap_FULL.pdf
[plotMEtraitCor] Plotting ME trait correlation heatmap
[plotMEtraitCor] Drawing module color bar with labels
[plotMEtraitCor] Saving plot as /quobyte/lasallegrp/projects/CHDS/WGBS/2025_intergen_BrCa_comethyl_George/comethyl_output/09b_me_trait_presentation/cov3_75pct/covMin10_methSD0p07/v1_all_pcs/04_obesity_overweight/ME_Trait_Heatmap_TOP.pdf
Done set '04_obesity_overweight' for variant 'v1_all_pcs'
  Traits found: 2 / 2
  Output: /quobyte/lasallegrp/projects/CHDS/WGBS/2025_intergen_BrCa_comethyl_George/comethyl_output/09b_me_trait_presentation/cov3_75pct/covMin10_methSD0p07/v1_all_pcs/04_obesity_overweight
[plotMEtraitCor] Plotting ME trait correlation heatmap
[plotMEtraitCor] Drawing module color bar with labels
[plotMEtraitCor] Saving plot as /quobyte/lasallegrp/projects/CHDS/WGBS/2025_intergen_BrCa_comethyl_George/comethyl_output/09b_me_trait_presentation/cov3_75pct/covMin10_methSD0p07/v1_all_pcs/09_incxrac/ME_Trait_Heatmap_FULL.pdf
[plotMEtraitCor] Plotting ME trait correlation heatmap
[plotMEtraitCor] Drawing module color bar with labels
[plotMEtraitCor] Saving plot as /quobyte/lasallegrp/projects/CHDS/WGBS/2025_intergen_BrCa_comethyl_George/comethyl_output/09b_me_trait_presentation/cov3_75pct/covMin10_methSD0p07/v1_all_pcs/09_incxrac/ME_Trait_Heatmap_TOP.pdf
Done set '09_incxrac' for variant 'v1_all_pcs'
  Traits found: 4 / 4
  Output: /quobyte/lasallegrp/projects/CHDS/WGBS/2025_intergen_BrCa_comethyl_George/comethyl_output/09b_me_trait_presentation/cov3_75pct/covMin10_methSD0p07/v1_all_pcs/09_incxrac
[plotMEtraitCor] Plotting ME trait correlation heatmap
[plotMEtraitCor] Drawing module color bar with labels
[plotMEtraitCor] Saving plot as /quobyte/lasallegrp/projects/CHDS/WGBS/2025_intergen_BrCa_comethyl_George/comethyl_output/09b_me_trait_presentation/cov3_75pct/covMin10_methSD0p07/v1_all_pcs/10_puberty_and_menarche_variables/ME_Trait_Heatmap_FULL.pdf
[plotMEtraitCor] Plotting ME trait correlation heatmap
[plotMEtraitCor] Drawing module color bar with labels
[plotMEtraitCor] Saving plot as /quobyte/lasallegrp/projects/CHDS/WGBS/2025_intergen_BrCa_comethyl_George/comethyl_output/09b_me_trait_presentation/cov3_75pct/covMin10_methSD0p07/v1_all_pcs/10_puberty_and_menarche_variables/ME_Trait_Heatmap_TOP.pdf
Done set '10_puberty_and_menarche_variables' for variant 'v1_all_pcs'
  Traits found: 3 / 3
  Output: /quobyte/lasallegrp/projects/CHDS/WGBS/2025_intergen_BrCa_comethyl_George/comethyl_output/09b_me_trait_presentation/cov3_75pct/covMin10_methSD0p07/v1_all_pcs/10_puberty_and_menarche_variables
[plotMEtraitCor] Plotting ME trait correlation heatmap
[plotMEtraitCor] Drawing module color bar with labels
[plotMEtraitCor] Saving plot as /quobyte/lasallegrp/projects/CHDS/WGBS/2025_intergen_BrCa_comethyl_George/comethyl_output/09b_me_trait_presentation/cov3_75pct/covMin10_methSD0p07/v1_all_pcs/11_breast_cancer_outcomes/ME_Trait_Heatmap_FULL.pdf
[plotMEtraitCor] Plotting ME trait correlation heatmap
[plotMEtraitCor] Drawing module color bar with labels
[plotMEtraitCor] Saving plot as /quobyte/lasallegrp/projects/CHDS/WGBS/2025_intergen_BrCa_comethyl_George/comethyl_output/09b_me_trait_presentation/cov3_75pct/covMin10_methSD0p07/v1_all_pcs/11_breast_cancer_outcomes/ME_Trait_Heatmap_TOP.pdf
Done set '11_breast_cancer_outcomes' for variant 'v1_all_pcs'
  Traits found: 2 / 2
  Output: /quobyte/lasallegrp/projects/CHDS/WGBS/2025_intergen_BrCa_comethyl_George/comethyl_output/09b_me_trait_presentation/cov3_75pct/covMin10_methSD0p07/v1_all_pcs/11_breast_cancer_outcomes
Finished variant: v1_all_pcs

==============================
Running 09b for variant: v2_exclude_protected_pcs
Output directory: /quobyte/lasallegrp/projects/CHDS/WGBS/2025_intergen_BrCa_comethyl_George/comethyl_output/09b_me_trait_presentation/cov3_75pct/covMin10_methSD0p07/v2_exclude_protected_pcs
==============================

[getDendro] Clustering with bicor correlation as the distance
[plotMEtraitCor] Plotting ME trait correlation heatmap
[plotMEtraitCor] Drawing module color bar with labels
[plotMEtraitCor] Saving plot as /quobyte/lasallegrp/projects/CHDS/WGBS/2025_intergen_BrCa_comethyl_George/comethyl_output/09b_me_trait_presentation/cov3_75pct/covMin10_methSD0p07/v2_exclude_protected_pcs/03_dde/ME_Trait_Heatmap_FULL.pdf
[plotMEtraitCor] Plotting ME trait correlation heatmap
[plotMEtraitCor] Drawing module color bar with labels
[plotMEtraitCor] Saving plot as /quobyte/lasallegrp/projects/CHDS/WGBS/2025_intergen_BrCa_comethyl_George/comethyl_output/09b_me_trait_presentation/cov3_75pct/covMin10_methSD0p07/v2_exclude_protected_pcs/03_dde/ME_Trait_Heatmap_TOP.pdf
Done set '03_dde' for variant 'v2_exclude_protected_pcs'
  Traits found: 8 / 8
  Output: /quobyte/lasallegrp/projects/CHDS/WGBS/2025_intergen_BrCa_comethyl_George/comethyl_output/09b_me_trait_presentation/cov3_75pct/covMin10_methSD0p07/v2_exclude_protected_pcs/03_dde
[plotMEtraitCor] Plotting ME trait correlation heatmap
[plotMEtraitCor] Drawing module color bar with labels
[plotMEtraitCor] Saving plot as /quobyte/lasallegrp/projects/CHDS/WGBS/2025_intergen_BrCa_comethyl_George/comethyl_output/09b_me_trait_presentation/cov3_75pct/covMin10_methSD0p07/v2_exclude_protected_pcs/04_obesity_overweight/ME_Trait_Heatmap_FULL.pdf
[plotMEtraitCor] Plotting ME trait correlation heatmap
[plotMEtraitCor] Drawing module color bar with labels
[plotMEtraitCor] Saving plot as /quobyte/lasallegrp/projects/CHDS/WGBS/2025_intergen_BrCa_comethyl_George/comethyl_output/09b_me_trait_presentation/cov3_75pct/covMin10_methSD0p07/v2_exclude_protected_pcs/04_obesity_overweight/ME_Trait_Heatmap_TOP.pdf
Done set '04_obesity_overweight' for variant 'v2_exclude_protected_pcs'
  Traits found: 2 / 2
  Output: /quobyte/lasallegrp/projects/CHDS/WGBS/2025_intergen_BrCa_comethyl_George/comethyl_output/09b_me_trait_presentation/cov3_75pct/covMin10_methSD0p07/v2_exclude_protected_pcs/04_obesity_overweight
[plotMEtraitCor] Plotting ME trait correlation heatmap
[plotMEtraitCor] Drawing module color bar with labels
[plotMEtraitCor] Saving plot as /quobyte/lasallegrp/projects/CHDS/WGBS/2025_intergen_BrCa_comethyl_George/comethyl_output/09b_me_trait_presentation/cov3_75pct/covMin10_methSD0p07/v2_exclude_protected_pcs/09_incxrac/ME_Trait_Heatmap_FULL.pdf
[plotMEtraitCor] Plotting ME trait correlation heatmap
[plotMEtraitCor] Drawing module color bar with labels
[plotMEtraitCor] Saving plot as /quobyte/lasallegrp/projects/CHDS/WGBS/2025_intergen_BrCa_comethyl_George/comethyl_output/09b_me_trait_presentation/cov3_75pct/covMin10_methSD0p07/v2_exclude_protected_pcs/09_incxrac/ME_Trait_Heatmap_TOP.pdf
Done set '09_incxrac' for variant 'v2_exclude_protected_pcs'
  Traits found: 4 / 4
  Output: /quobyte/lasallegrp/projects/CHDS/WGBS/2025_intergen_BrCa_comethyl_George/comethyl_output/09b_me_trait_presentation/cov3_75pct/covMin10_methSD0p07/v2_exclude_protected_pcs/09_incxrac
[plotMEtraitCor] Plotting ME trait correlation heatmap
[plotMEtraitCor] Drawing module color bar with labels
[plotMEtraitCor] Saving plot as /quobyte/lasallegrp/projects/CHDS/WGBS/2025_intergen_BrCa_comethyl_George/comethyl_output/09b_me_trait_presentation/cov3_75pct/covMin10_methSD0p07/v2_exclude_protected_pcs/10_puberty_and_menarche_variables/ME_Trait_Heatmap_FULL.pdf
[plotMEtraitCor] Plotting ME trait correlation heatmap
[plotMEtraitCor] Drawing module color bar with labels
[plotMEtraitCor] Saving plot as /quobyte/lasallegrp/projects/CHDS/WGBS/2025_intergen_BrCa_comethyl_George/comethyl_output/09b_me_trait_presentation/cov3_75pct/covMin10_methSD0p07/v2_exclude_protected_pcs/10_puberty_and_menarche_variables/ME_Trait_Heatmap_TOP.pdf
Done set '10_puberty_and_menarche_variables' for variant 'v2_exclude_protected_pcs'
  Traits found: 3 / 3
  Output: /quobyte/lasallegrp/projects/CHDS/WGBS/2025_intergen_BrCa_comethyl_George/comethyl_output/09b_me_trait_presentation/cov3_75pct/covMin10_methSD0p07/v2_exclude_protected_pcs/10_puberty_and_menarche_variables
[plotMEtraitCor] Plotting ME trait correlation heatmap
[plotMEtraitCor] Drawing module color bar with labels
[plotMEtraitCor] Saving plot as /quobyte/lasallegrp/projects/CHDS/WGBS/2025_intergen_BrCa_comethyl_George/comethyl_output/09b_me_trait_presentation/cov3_75pct/covMin10_methSD0p07/v2_exclude_protected_pcs/11_breast_cancer_outcomes/ME_Trait_Heatmap_FULL.pdf
[plotMEtraitCor] Plotting ME trait correlation heatmap
[plotMEtraitCor] Drawing module color bar with labels
[plotMEtraitCor] Saving plot as /quobyte/lasallegrp/projects/CHDS/WGBS/2025_intergen_BrCa_comethyl_George/comethyl_output/09b_me_trait_presentation/cov3_75pct/covMin10_methSD0p07/v2_exclude_protected_pcs/11_breast_cancer_outcomes/ME_Trait_Heatmap_TOP.pdf
Done set '11_breast_cancer_outcomes' for variant 'v2_exclude_protected_pcs'
  Traits found: 2 / 2
  Output: /quobyte/lasallegrp/projects/CHDS/WGBS/2025_intergen_BrCa_comethyl_George/comethyl_output/09b_me_trait_presentation/cov3_75pct/covMin10_methSD0p07/v2_exclude_protected_pcs/11_breast_cancer_outcomes
Finished variant: v2_exclude_protected_pcs
Script 09a complete: Presentation ME-trait finished
Outputs saved under: /quobyte/lasallegrp/projects/CHDS/WGBS/2025_intergen_BrCa_comethyl_George/comethyl_output/09b_me_trait_presentation
Starting Script 10
Output directory: /quobyte/lasallegrp/projects/CHDS/WGBS/2025_intergen_BrCa_comethyl_George/comethyl_output/10_circos_and_module_summaries/cov3_75pct/covMin10_methSD0p07

==============================
Running circos/module summaries for variant: v1_all_pcs
==============================

Error in names(x) <- value : 
  'names' attribute [2] must be the same length as the vector [1]
Calls: colnames<- -> colnames<-
In addition: Warning messages:
1: Use of .data in tidyselect expressions was deprecated in tidyselect 1.2.0.
ℹ Please use `"chr"` instead of `.data$chr` 
2: Use of .data in tidyselect expressions was deprecated in tidyselect 1.2.0.
ℹ Please use `"start"` instead of `.data$start` 
3: Use of .data in tidyselect expressions was deprecated in tidyselect 1.2.0.
ℹ Please use `"end"` instead of `.data$end` 
4: Use of .data in tidyselect expressions was deprecated in tidyselect 1.2.0.
ℹ Please use `"module"` instead of `.data$module` 
Execution halted


Starting Script 07
Output directory: /quobyte/lasallegrp/projects/CHDS/WGBS/2025_intergen_BrCa_comethyl_George/comethyl_output/07_module_detection/cov3_75pct/covMin10_methSD0p07
Loaded regions: 465397 rows

==============================
Running module detection for variant: v1_all_pcs
==============================

[v1_all_pcs] methylation dimensions: 173 regions x 465397 samples
[v1_all_pcs] using powerEstimate = 19
[v1_all_pcs] module correlation = pearson
[getModules] Constructing network and detecting modules in blocks using pearson correlation
[getModules] Assigning modules and calculating module membership using pearson correlation
[getModules] Saving modules as /quobyte/lasallegrp/projects/CHDS/WGBS/2025_intergen_BrCa_comethyl_George/comethyl_output/07_module_detection/cov3_75pct/covMin10_methSD0p07/v1_all_pcs/Modules.rds
[plotRegionDendro] Plotting region dendrograms and modules for each block
[plotRegionDendro] Saving plot as /quobyte/lasallegrp/projects/CHDS/WGBS/2025_intergen_BrCa_comethyl_George/comethyl_output/07_module_detection/cov3_75pct/covMin10_methSD0p07/v1_all_pcs/Region_Dendrograms.pdf
[getModuleBED] Creating bed file of regions annotated with identified modules
[getModuleBED] Excluding regions in grey (unassigned) module
[getModuleBED] Saving file as /quobyte/lasallegrp/projects/CHDS/WGBS/2025_intergen_BrCa_comethyl_George/comethyl_output/07_module_detection/cov3_75pct/covMin10_methSD0p07/v1_all_pcs/Modules.bed
✓ Finished variant: v1_all_pcs
  Modules RDS: /quobyte/lasallegrp/projects/CHDS/WGBS/2025_intergen_BrCa_comethyl_George/comethyl_output/07_module_detection/cov3_75pct/covMin10_methSD0p07/v1_all_pcs/Modules.rds
  Dendrogram:  /quobyte/lasallegrp/projects/CHDS/WGBS/2025_intergen_BrCa_comethyl_George/comethyl_output/07_module_detection/cov3_75pct/covMin10_methSD0p07/v1_all_pcs/Region_Dendrograms.pdf
  BED:         /quobyte/lasallegrp/projects/CHDS/WGBS/2025_intergen_BrCa_comethyl_George/comethyl_output/07_module_detection/cov3_75pct/covMin10_methSD0p07/v1_all_pcs/Modules.bed
Script 07 complete: module detection finished
Outputs saved under:
  /quobyte/lasallegrp/projects/CHDS/WGBS/2025_intergen_BrCa_comethyl_George/comethyl_output/07_module_detection/cov3_75pct/covMin10_methSD0p07
Starting Script 08
Loaded sample_info: /quobyte/lasallegrp/projects/CHDS/WGBS/2025_intergen_BrCa_comethyl_George/data/metadata/Intergen173.xlsx
colData dimensions: 173 samples x 46 traits
colData_num dimensions: 173 samples x 46 numeric traits
Output directory: /quobyte/lasallegrp/projects/CHDS/WGBS/2025_intergen_BrCa_comethyl_George/comethyl_output/08_module_and_sample_diagnostics/cov3_75pct/covMin10_methSD0p07

==============================
Running module/sample diagnostics for variant: v1_all_pcs
==============================

[v1_all_pcs] No MEgrey column found (69 real MEs remaining)
[v1_all_pcs] Sample alignment to metadata: 173 overlapping samples retained from 173 ME samples and 173 metadata samples
[v1_all_pcs] MEs used: 173 samples x 69 modules
[getDendro] Clustering with pearson correlation as the distance
[plotDendro] Plotting dendrogram
[plotDendro] Saving plot as /quobyte/lasallegrp/projects/CHDS/WGBS/2025_intergen_BrCa_comethyl_George/comethyl_output/08_module_and_sample_diagnostics/cov3_75pct/covMin10_methSD0p07/v1_all_pcs/Module_ME_Dendrogram.pdf
[v1_all_pcs] Saved module ME dendrogram
[getCor] Calculating correlations using pearson correlation
[plotHeatmap] Plotting heatmap with dendrograms
[plotHeatmap] Using colors in row names for y-axis labels
[plotHeatmap] Using colors in column names for x-axis labels
[plotHeatmap] Saving plot as /quobyte/lasallegrp/projects/CHDS/WGBS/2025_intergen_BrCa_comethyl_George/comethyl_output/08_module_and_sample_diagnostics/cov3_75pct/covMin10_methSD0p07/v1_all_pcs/Module_Correlation_Heatmap.pdf
[v1_all_pcs] Saved module correlation heatmap
[getMEtraitCor] Testing associations between module eigennodes and sample traits using pearson correlation
[getMEtraitCor] Saving file as /quobyte/lasallegrp/projects/CHDS/WGBS/2025_intergen_BrCa_comethyl_George/comethyl_output/08_module_and_sample_diagnostics/cov3_75pct/covMin10_methSD0p07/v1_all_pcs/Module_Correlation_Stats.tsv
[v1_all_pcs] Saved module correlation stats
[getDendro] Clustering by euclidean distance
[plotDendro] Plotting dendrogram
[plotDendro] Saving plot as /quobyte/lasallegrp/projects/CHDS/WGBS/2025_intergen_BrCa_comethyl_George/comethyl_output/08_module_and_sample_diagnostics/cov3_75pct/covMin10_methSD0p07/v1_all_pcs/Sample_ME_Dendrogram.pdf
[v1_all_pcs] Saved sample ME dendrogram
[getCor] Transposing data
[getCor] Calculating correlations using pearson correlation
[plotHeatmap] Plotting heatmap with dendrograms
[plotHeatmap] Saving plot as /quobyte/lasallegrp/projects/CHDS/WGBS/2025_intergen_BrCa_comethyl_George/comethyl_output/08_module_and_sample_diagnostics/cov3_75pct/covMin10_methSD0p07/v1_all_pcs/Sample_Correlation_Heatmap.pdf
[v1_all_pcs] Saved sample correlation heatmap
[plotHeatmap] Plotting heatmap with dendrograms
[plotHeatmap] Using colors in column names for x-axis labels
[plotHeatmap] Saving plot as /quobyte/lasallegrp/projects/CHDS/WGBS/2025_intergen_BrCa_comethyl_George/comethyl_output/08_module_and_sample_diagnostics/cov3_75pct/covMin10_methSD0p07/v1_all_pcs/Sample_ME_Heatmap.pdf
[v1_all_pcs] Saved sample x module eigengene heatmap
Finished variant: v1_all_pcs
  Outputs in: /quobyte/lasallegrp/projects/CHDS/WGBS/2025_intergen_BrCa_comethyl_George/comethyl_output/08_module_and_sample_diagnostics/cov3_75pct/covMin10_methSD0p07/v1_all_pcs

==============================
Running module/sample diagnostics for variant: v2_exclude_protected_pcs
==============================

[v2_exclude_protected_pcs] No MEgrey column found (37 real MEs remaining)
[v2_exclude_protected_pcs] Sample alignment to metadata: 173 overlapping samples retained from 173 ME samples and 173 metadata samples
[v2_exclude_protected_pcs] MEs used: 173 samples x 37 modules
[getDendro] Clustering with pearson correlation as the distance
[plotDendro] Plotting dendrogram
[plotDendro] Saving plot as /quobyte/lasallegrp/projects/CHDS/WGBS/2025_intergen_BrCa_comethyl_George/comethyl_output/08_module_and_sample_diagnostics/cov3_75pct/covMin10_methSD0p07/v2_exclude_protected_pcs/Module_ME_Dendrogram.pdf
[v2_exclude_protected_pcs] Saved module ME dendrogram
[getCor] Calculating correlations using pearson correlation
[plotHeatmap] Plotting heatmap with dendrograms
[plotHeatmap] Using colors in row names for y-axis labels
[plotHeatmap] Using colors in column names for x-axis labels
[plotHeatmap] Saving plot as /quobyte/lasallegrp/projects/CHDS/WGBS/2025_intergen_BrCa_comethyl_George/comethyl_output/08_module_and_sample_diagnostics/cov3_75pct/covMin10_methSD0p07/v2_exclude_protected_pcs/Module_Correlation_Heatmap.pdf
[v2_exclude_protected_pcs] Saved module correlation heatmap
[getMEtraitCor] Testing associations between module eigennodes and sample traits using pearson correlation
[getMEtraitCor] Saving file as /quobyte/lasallegrp/projects/CHDS/WGBS/2025_intergen_BrCa_comethyl_George/comethyl_output/08_module_and_sample_diagnostics/cov3_75pct/covMin10_methSD0p07/v2_exclude_protected_pcs/Module_Correlation_Stats.tsv
[v2_exclude_protected_pcs] Saved module correlation stats
[getDendro] Clustering by euclidean distance
[plotDendro] Plotting dendrogram
[plotDendro] Saving plot as /quobyte/lasallegrp/projects/CHDS/WGBS/2025_intergen_BrCa_comethyl_George/comethyl_output/08_module_and_sample_diagnostics/cov3_75pct/covMin10_methSD0p07/v2_exclude_protected_pcs/Sample_ME_Dendrogram.pdf
[v2_exclude_protected_pcs] Saved sample ME dendrogram
[getCor] Transposing data
[getCor] Calculating correlations using pearson correlation
[plotHeatmap] Plotting heatmap with dendrograms
[plotHeatmap] Saving plot as /quobyte/lasallegrp/projects/CHDS/WGBS/2025_intergen_BrCa_comethyl_George/comethyl_output/08_module_and_sample_diagnostics/cov3_75pct/covMin10_methSD0p07/v2_exclude_protected_pcs/Sample_Correlation_Heatmap.pdf
[v2_exclude_protected_pcs] Saved sample correlation heatmap
[plotHeatmap] Plotting heatmap with dendrograms
[plotHeatmap] Using colors in column names for x-axis labels
[plotHeatmap] Saving plot as /quobyte/lasallegrp/projects/CHDS/WGBS/2025_intergen_BrCa_comethyl_George/comethyl_output/08_module_and_sample_diagnostics/cov3_75pct/covMin10_methSD0p07/v2_exclude_protected_pcs/Sample_ME_Heatmap.pdf
[v2_exclude_protected_pcs] Saved sample x module eigengene heatmap
Finished variant: v2_exclude_protected_pcs
  Outputs in: /quobyte/lasallegrp/projects/CHDS/WGBS/2025_intergen_BrCa_comethyl_George/comethyl_output/08_module_and_sample_diagnostics/cov3_75pct/covMin10_methSD0p07/v2_exclude_protected_pcs
Script 08 complete: module and sample diagnostics finished
Outputs saved under:
  /quobyte/lasallegrp/projects/CHDS/WGBS/2025_intergen_BrCa_comethyl_George/comethyl_output/08_module_and_sample_diagnostics/cov3_75pct/covMin10_methSD0p07
Starting Script 09a
Output directory: /quobyte/lasallegrp/projects/CHDS/WGBS/2025_intergen_BrCa_comethyl_George/comethyl_output/09a_me_trait_analysis/cov3_75pct/covMin10_methSD0p07
[readSampleInfo] Reading sample info: /quobyte/lasallegrp/projects/CHDS/WGBS/2025_intergen_BrCa_comethyl_George/data/metadata/Intergen173.xlsx
[readSampleInfo] No sample_id_col provided; using existing rownames.
[readSampleInfo] First 6 rownames used as sample IDs:

==============================
Running ME-trait analysis for variant: v1_all_pcs
==============================

[v1_all_pcs] MEs dimensions: 173 samples x 69 modules
[getDendro] Clustering with bicor correlation as the distance
[v1_all_pcs] Running bicor ME-trait correlations
[getMEtraitCor] Testing associations between module eigennodes and sample traits using bicor correlation
[getMEtraitCor] Saving file as /tmp/Rtmp3DHtW7/file28a865ff79bd1.tsv
[plotMEtraitCor] Plotting ME trait correlation heatmap
[plotMEtraitCor] Drawing module color bar with labels
[plotMEtraitCor] Saving plot as /quobyte/lasallegrp/projects/CHDS/WGBS/2025_intergen_BrCa_comethyl_George/comethyl_output/09a_me_trait_analysis/cov3_75pct/covMin10_methSD0p07/v1_all_pcs/ME_Trait_Correlation_Heatmap_Bicor_FULL.pdf
[plotMEtraitCor] Plotting ME trait correlation heatmap
[plotMEtraitCor] Drawing module color bar with labels
[plotMEtraitCor] Saving plot as /quobyte/lasallegrp/projects/CHDS/WGBS/2025_intergen_BrCa_comethyl_George/comethyl_output/09a_me_trait_analysis/cov3_75pct/covMin10_methSD0p07/v1_all_pcs/ME_Trait_Correlation_Heatmap_Bicor_TOP.pdf
✓ Finished variant: v1_all_pcs
  Outputs in: /quobyte/lasallegrp/projects/CHDS/WGBS/2025_intergen_BrCa_comethyl_George/comethyl_output/09a_me_trait_analysis/cov3_75pct/covMin10_methSD0p07/v1_all_pcs

==============================
Running ME-trait analysis for variant: v2_exclude_protected_pcs
==============================

[v2_exclude_protected_pcs] MEs dimensions: 173 samples x 37 modules
[getDendro] Clustering with bicor correlation as the distance
[v2_exclude_protected_pcs] Running bicor ME-trait correlations
[getMEtraitCor] Testing associations between module eigennodes and sample traits using bicor correlation
[getMEtraitCor] Saving file as /tmp/Rtmp3DHtW7/file28a8615b7a421.tsv
[plotMEtraitCor] Plotting ME trait correlation heatmap
[plotMEtraitCor] Drawing module color bar with labels
[plotMEtraitCor] Saving plot as /quobyte/lasallegrp/projects/CHDS/WGBS/2025_intergen_BrCa_comethyl_George/comethyl_output/09a_me_trait_analysis/cov3_75pct/covMin10_methSD0p07/v2_exclude_protected_pcs/ME_Trait_Correlation_Heatmap_Bicor_FULL.pdf
[plotMEtraitCor] Plotting ME trait correlation heatmap
[plotMEtraitCor] Drawing module color bar with labels
[plotMEtraitCor] Saving plot as /quobyte/lasallegrp/projects/CHDS/WGBS/2025_intergen_BrCa_comethyl_George/comethyl_output/09a_me_trait_analysis/cov3_75pct/covMin10_methSD0p07/v2_exclude_protected_pcs/ME_Trait_Correlation_Heatmap_Bicor_TOP.pdf
✓ Finished variant: v2_exclude_protected_pcs
  Outputs in: /quobyte/lasallegrp/projects/CHDS/WGBS/2025_intergen_BrCa_comethyl_George/comethyl_output/09a_me_trait_analysis/cov3_75pct/covMin10_methSD0p07/v2_exclude_protected_pcs
Script 09a complete: core ME-trait finished
Outputs saved under:
  /quobyte/lasallegrp/projects/CHDS/WGBS/2025_intergen_BrCa_comethyl_George/comethyl_output/09a_me_trait_analysis/cov3_75pct/covMin10_methSD0p07
Starting Script 09b
Variants to process: 2

==============================
Running 09b for variant: v1_all_pcs
Output directory: /quobyte/lasallegrp/projects/CHDS/WGBS/2025_intergen_BrCa_comethyl_George/comethyl_output/09b_me_trait_presentation/cov3_75pct/covMin10_methSD0p07/v1_all_pcs
==============================

[getDendro] Clustering with bicor correlation as the distance
[plotMEtraitCor] Plotting ME trait correlation heatmap
[plotMEtraitCor] Drawing module color bar with labels
[plotMEtraitCor] Saving plot as /quobyte/lasallegrp/projects/CHDS/WGBS/2025_intergen_BrCa_comethyl_George/comethyl_output/09b_me_trait_presentation/cov3_75pct/covMin10_methSD0p07/v1_all_pcs/03_dde/ME_Trait_Heatmap_FULL.pdf
[plotMEtraitCor] Plotting ME trait correlation heatmap
[plotMEtraitCor] Drawing module color bar with labels
[plotMEtraitCor] Saving plot as /quobyte/lasallegrp/projects/CHDS/WGBS/2025_intergen_BrCa_comethyl_George/comethyl_output/09b_me_trait_presentation/cov3_75pct/covMin10_methSD0p07/v1_all_pcs/03_dde/ME_Trait_Heatmap_TOP.pdf
Done set '03_dde' for variant 'v1_all_pcs'
  Traits found: 8 / 8
  Output: /quobyte/lasallegrp/projects/CHDS/WGBS/2025_intergen_BrCa_comethyl_George/comethyl_output/09b_me_trait_presentation/cov3_75pct/covMin10_methSD0p07/v1_all_pcs/03_dde
[plotMEtraitCor] Plotting ME trait correlation heatmap
[plotMEtraitCor] Drawing module color bar with labels
[plotMEtraitCor] Saving plot as /quobyte/lasallegrp/projects/CHDS/WGBS/2025_intergen_BrCa_comethyl_George/comethyl_output/09b_me_trait_presentation/cov3_75pct/covMin10_methSD0p07/v1_all_pcs/04_obesity_overweight/ME_Trait_Heatmap_FULL.pdf
[plotMEtraitCor] Plotting ME trait correlation heatmap
[plotMEtraitCor] Drawing module color bar with labels
[plotMEtraitCor] Saving plot as /quobyte/lasallegrp/projects/CHDS/WGBS/2025_intergen_BrCa_comethyl_George/comethyl_output/09b_me_trait_presentation/cov3_75pct/covMin10_methSD0p07/v1_all_pcs/04_obesity_overweight/ME_Trait_Heatmap_TOP.pdf
Done set '04_obesity_overweight' for variant 'v1_all_pcs'
  Traits found: 2 / 2
  Output: /quobyte/lasallegrp/projects/CHDS/WGBS/2025_intergen_BrCa_comethyl_George/comethyl_output/09b_me_trait_presentation/cov3_75pct/covMin10_methSD0p07/v1_all_pcs/04_obesity_overweight
[plotMEtraitCor] Plotting ME trait correlation heatmap
[plotMEtraitCor] Drawing module color bar with labels
[plotMEtraitCor] Saving plot as /quobyte/lasallegrp/projects/CHDS/WGBS/2025_intergen_BrCa_comethyl_George/comethyl_output/09b_me_trait_presentation/cov3_75pct/covMin10_methSD0p07/v1_all_pcs/09_incxrac/ME_Trait_Heatmap_FULL.pdf
[plotMEtraitCor] Plotting ME trait correlation heatmap
[plotMEtraitCor] Drawing module color bar with labels
[plotMEtraitCor] Saving plot as /quobyte/lasallegrp/projects/CHDS/WGBS/2025_intergen_BrCa_comethyl_George/comethyl_output/09b_me_trait_presentation/cov3_75pct/covMin10_methSD0p07/v1_all_pcs/09_incxrac/ME_Trait_Heatmap_TOP.pdf
Done set '09_incxrac' for variant 'v1_all_pcs'
  Traits found: 4 / 4
  Output: /quobyte/lasallegrp/projects/CHDS/WGBS/2025_intergen_BrCa_comethyl_George/comethyl_output/09b_me_trait_presentation/cov3_75pct/covMin10_methSD0p07/v1_all_pcs/09_incxrac
[plotMEtraitCor] Plotting ME trait correlation heatmap
[plotMEtraitCor] Drawing module color bar with labels
[plotMEtraitCor] Saving plot as /quobyte/lasallegrp/projects/CHDS/WGBS/2025_intergen_BrCa_comethyl_George/comethyl_output/09b_me_trait_presentation/cov3_75pct/covMin10_methSD0p07/v1_all_pcs/10_puberty_and_menarche_variables/ME_Trait_Heatmap_FULL.pdf
[plotMEtraitCor] Plotting ME trait correlation heatmap
[plotMEtraitCor] Drawing module color bar with labels
[plotMEtraitCor] Saving plot as /quobyte/lasallegrp/projects/CHDS/WGBS/2025_intergen_BrCa_comethyl_George/comethyl_output/09b_me_trait_presentation/cov3_75pct/covMin10_methSD0p07/v1_all_pcs/10_puberty_and_menarche_variables/ME_Trait_Heatmap_TOP.pdf
Done set '10_puberty_and_menarche_variables' for variant 'v1_all_pcs'
  Traits found: 3 / 3
  Output: /quobyte/lasallegrp/projects/CHDS/WGBS/2025_intergen_BrCa_comethyl_George/comethyl_output/09b_me_trait_presentation/cov3_75pct/covMin10_methSD0p07/v1_all_pcs/10_puberty_and_menarche_variables
[plotMEtraitCor] Plotting ME trait correlation heatmap
[plotMEtraitCor] Drawing module color bar with labels
[plotMEtraitCor] Saving plot as /quobyte/lasallegrp/projects/CHDS/WGBS/2025_intergen_BrCa_comethyl_George/comethyl_output/09b_me_trait_presentation/cov3_75pct/covMin10_methSD0p07/v1_all_pcs/11_breast_cancer_outcomes/ME_Trait_Heatmap_FULL.pdf
[plotMEtraitCor] Plotting ME trait correlation heatmap
[plotMEtraitCor] Drawing module color bar with labels
[plotMEtraitCor] Saving plot as /quobyte/lasallegrp/projects/CHDS/WGBS/2025_intergen_BrCa_comethyl_George/comethyl_output/09b_me_trait_presentation/cov3_75pct/covMin10_methSD0p07/v1_all_pcs/11_breast_cancer_outcomes/ME_Trait_Heatmap_TOP.pdf
Done set '11_breast_cancer_outcomes' for variant 'v1_all_pcs'
  Traits found: 2 / 2
  Output: /quobyte/lasallegrp/projects/CHDS/WGBS/2025_intergen_BrCa_comethyl_George/comethyl_output/09b_me_trait_presentation/cov3_75pct/covMin10_methSD0p07/v1_all_pcs/11_breast_cancer_outcomes
Finished variant: v1_all_pcs

==============================
Running 09b for variant: v2_exclude_protected_pcs
Output directory: /quobyte/lasallegrp/projects/CHDS/WGBS/2025_intergen_BrCa_comethyl_George/comethyl_output/09b_me_trait_presentation/cov3_75pct/covMin10_methSD0p07/v2_exclude_protected_pcs
==============================

[getDendro] Clustering with bicor correlation as the distance
[plotMEtraitCor] Plotting ME trait correlation heatmap
[plotMEtraitCor] Drawing module color bar with labels
[plotMEtraitCor] Saving plot as /quobyte/lasallegrp/projects/CHDS/WGBS/2025_intergen_BrCa_comethyl_George/comethyl_output/09b_me_trait_presentation/cov3_75pct/covMin10_methSD0p07/v2_exclude_protected_pcs/03_dde/ME_Trait_Heatmap_FULL.pdf
[plotMEtraitCor] Plotting ME trait correlation heatmap
[plotMEtraitCor] Drawing module color bar with labels
[plotMEtraitCor] Saving plot as /quobyte/lasallegrp/projects/CHDS/WGBS/2025_intergen_BrCa_comethyl_George/comethyl_output/09b_me_trait_presentation/cov3_75pct/covMin10_methSD0p07/v2_exclude_protected_pcs/03_dde/ME_Trait_Heatmap_TOP.pdf
Done set '03_dde' for variant 'v2_exclude_protected_pcs'
  Traits found: 8 / 8
  Output: /quobyte/lasallegrp/projects/CHDS/WGBS/2025_intergen_BrCa_comethyl_George/comethyl_output/09b_me_trait_presentation/cov3_75pct/covMin10_methSD0p07/v2_exclude_protected_pcs/03_dde
[plotMEtraitCor] Plotting ME trait correlation heatmap
[plotMEtraitCor] Drawing module color bar with labels
[plotMEtraitCor] Saving plot as /quobyte/lasallegrp/projects/CHDS/WGBS/2025_intergen_BrCa_comethyl_George/comethyl_output/09b_me_trait_presentation/cov3_75pct/covMin10_methSD0p07/v2_exclude_protected_pcs/04_obesity_overweight/ME_Trait_Heatmap_FULL.pdf
[plotMEtraitCor] Plotting ME trait correlation heatmap
[plotMEtraitCor] Drawing module color bar with labels
[plotMEtraitCor] Saving plot as /quobyte/lasallegrp/projects/CHDS/WGBS/2025_intergen_BrCa_comethyl_George/comethyl_output/09b_me_trait_presentation/cov3_75pct/covMin10_methSD0p07/v2_exclude_protected_pcs/04_obesity_overweight/ME_Trait_Heatmap_TOP.pdf
Done set '04_obesity_overweight' for variant 'v2_exclude_protected_pcs'
  Traits found: 2 / 2
  Output: /quobyte/lasallegrp/projects/CHDS/WGBS/2025_intergen_BrCa_comethyl_George/comethyl_output/09b_me_trait_presentation/cov3_75pct/covMin10_methSD0p07/v2_exclude_protected_pcs/04_obesity_overweight
[plotMEtraitCor] Plotting ME trait correlation heatmap
[plotMEtraitCor] Drawing module color bar with labels
[plotMEtraitCor] Saving plot as /quobyte/lasallegrp/projects/CHDS/WGBS/2025_intergen_BrCa_comethyl_George/comethyl_output/09b_me_trait_presentation/cov3_75pct/covMin10_methSD0p07/v2_exclude_protected_pcs/09_incxrac/ME_Trait_Heatmap_FULL.pdf
[plotMEtraitCor] Plotting ME trait correlation heatmap
[plotMEtraitCor] Drawing module color bar with labels
[plotMEtraitCor] Saving plot as /quobyte/lasallegrp/projects/CHDS/WGBS/2025_intergen_BrCa_comethyl_George/comethyl_output/09b_me_trait_presentation/cov3_75pct/covMin10_methSD0p07/v2_exclude_protected_pcs/09_incxrac/ME_Trait_Heatmap_TOP.pdf
Done set '09_incxrac' for variant 'v2_exclude_protected_pcs'
  Traits found: 4 / 4
  Output: /quobyte/lasallegrp/projects/CHDS/WGBS/2025_intergen_BrCa_comethyl_George/comethyl_output/09b_me_trait_presentation/cov3_75pct/covMin10_methSD0p07/v2_exclude_protected_pcs/09_incxrac
[plotMEtraitCor] Plotting ME trait correlation heatmap
[plotMEtraitCor] Drawing module color bar with labels
[plotMEtraitCor] Saving plot as /quobyte/lasallegrp/projects/CHDS/WGBS/2025_intergen_BrCa_comethyl_George/comethyl_output/09b_me_trait_presentation/cov3_75pct/covMin10_methSD0p07/v2_exclude_protected_pcs/10_puberty_and_menarche_variables/ME_Trait_Heatmap_FULL.pdf
[plotMEtraitCor] Plotting ME trait correlation heatmap
[plotMEtraitCor] Drawing module color bar with labels
[plotMEtraitCor] Saving plot as /quobyte/lasallegrp/projects/CHDS/WGBS/2025_intergen_BrCa_comethyl_George/comethyl_output/09b_me_trait_presentation/cov3_75pct/covMin10_methSD0p07/v2_exclude_protected_pcs/10_puberty_and_menarche_variables/ME_Trait_Heatmap_TOP.pdf
Done set '10_puberty_and_menarche_variables' for variant 'v2_exclude_protected_pcs'
  Traits found: 3 / 3
  Output: /quobyte/lasallegrp/projects/CHDS/WGBS/2025_intergen_BrCa_comethyl_George/comethyl_output/09b_me_trait_presentation/cov3_75pct/covMin10_methSD0p07/v2_exclude_protected_pcs/10_puberty_and_menarche_variables
[plotMEtraitCor] Plotting ME trait correlation heatmap
[plotMEtraitCor] Drawing module color bar with labels
[plotMEtraitCor] Saving plot as /quobyte/lasallegrp/projects/CHDS/WGBS/2025_intergen_BrCa_comethyl_George/comethyl_output/09b_me_trait_presentation/cov3_75pct/covMin10_methSD0p07/v2_exclude_protected_pcs/11_breast_cancer_outcomes/ME_Trait_Heatmap_FULL.pdf
[plotMEtraitCor] Plotting ME trait correlation heatmap
[plotMEtraitCor] Drawing module color bar with labels
[plotMEtraitCor] Saving plot as /quobyte/lasallegrp/projects/CHDS/WGBS/2025_intergen_BrCa_comethyl_George/comethyl_output/09b_me_trait_presentation/cov3_75pct/covMin10_methSD0p07/v2_exclude_protected_pcs/11_breast_cancer_outcomes/ME_Trait_Heatmap_TOP.pdf
Done set '11_breast_cancer_outcomes' for variant 'v2_exclude_protected_pcs'
  Traits found: 2 / 2
  Output: /quobyte/lasallegrp/projects/CHDS/WGBS/2025_intergen_BrCa_comethyl_George/comethyl_output/09b_me_trait_presentation/cov3_75pct/covMin10_methSD0p07/v2_exclude_protected_pcs/11_breast_cancer_outcomes
Finished variant: v2_exclude_protected_pcs
Script 09a complete: Presentation ME-trait finished
Outputs saved under: /quobyte/lasallegrp/projects/CHDS/WGBS/2025_intergen_BrCa_comethyl_George/comethyl_output/09b_me_trait_presentation
Starting Script 10
Output directory: /quobyte/lasallegrp/projects/CHDS/WGBS/2025_intergen_BrCa_comethyl_George/comethyl_output/10_circos_and_module_summaries/cov3_75pct/covMin10_methSD0p07

==============================
Running circos/module summaries for variant: v1_all_pcs
==============================

✓ Finished variant: v1_all_pcs
  Outputs in: /quobyte/lasallegrp/projects/CHDS/WGBS/2025_intergen_BrCa_comethyl_George/comethyl_output/10_circos_and_module_summaries/cov3_75pct/covMin10_methSD0p07/v1_all_pcs

==============================
Running circos/module summaries for variant: v2_exclude_protected_pcs
==============================

✓ Finished variant: v2_exclude_protected_pcs
  Outputs in: /quobyte/lasallegrp/projects/CHDS/WGBS/2025_intergen_BrCa_comethyl_George/comethyl_output/10_circos_and_module_summaries/cov3_75pct/covMin10_methSD0p07/v2_exclude_protected_pcs
Warning messages:
1: Use of .data in tidyselect expressions was deprecated in tidyselect 1.2.0.
ℹ Please use `"chr"` instead of `.data$chr` 
2: Use of .data in tidyselect expressions was deprecated in tidyselect 1.2.0.
ℹ Please use `"start"` instead of `.data$start` 
3: Use of .data in tidyselect expressions was deprecated in tidyselect 1.2.0.
ℹ Please use `"end"` instead of `.data$end` 
4: Use of .data in tidyselect expressions was deprecated in tidyselect 1.2.0.
ℹ Please use `"module"` instead of `.data$module` 
Script 10 complete: Circos plots finished
Outputs saved under:
  /quobyte/lasallegrp/projects/CHDS/WGBS/2025_intergen_BrCa_comethyl_George/comethyl_output/10_circos_and_module_summaries/cov3_75pct/covMin10_methSD0p07
Starting Script 11
Output directory: /quobyte/lasallegrp/projects/CHDS/WGBS/2025_intergen_BrCa_comethyl_George/comethyl_output/11_me_trait_pair_plots/cov3_75pct/covMin10_methSD0p07/v1_all_pcs
[readSampleInfo] Reading sample info: /quobyte/lasallegrp/projects/CHDS/WGBS/2025_intergen_BrCa_comethyl_George/data/metadata/Intergen173.xlsx
[readSampleInfo] No sample_id_col provided; using existing rownames.
[readSampleInfo] First 6 rownames used as sample IDs:
Samples in common: 173
Modules available: 69
Traits available: 46
[03_dde] Pairs to plot: 26
✓ Done set: 03_dde
  Output: /quobyte/lasallegrp/projects/CHDS/WGBS/2025_intergen_BrCa_comethyl_George/comethyl_output/11_me_trait_pair_plots/cov3_75pct/covMin10_methSD0p07/v1_all_pcs/03_dde
[04_obesity_overweight] Pairs to plot: 10
✓ Done set: 04_obesity_overweight
  Output: /quobyte/lasallegrp/projects/CHDS/WGBS/2025_intergen_BrCa_comethyl_George/comethyl_output/11_me_trait_pair_plots/cov3_75pct/covMin10_methSD0p07/v1_all_pcs/04_obesity_overweight
[09_incxrac] Pairs to plot: 15
✓ Done set: 09_incxrac
  Output: /quobyte/lasallegrp/projects/CHDS/WGBS/2025_intergen_BrCa_comethyl_George/comethyl_output/11_me_trait_pair_plots/cov3_75pct/covMin10_methSD0p07/v1_all_pcs/09_incxrac
[10_puberty_and_menarche_variables] Pairs to plot: 8
✓ Done set: 10_puberty_and_menarche_variables
  Output: /quobyte/lasallegrp/projects/CHDS/WGBS/2025_intergen_BrCa_comethyl_George/comethyl_output/11_me_trait_pair_plots/cov3_75pct/covMin10_methSD0p07/v1_all_pcs/10_puberty_and_menarche_variables
[11_breast_cancer_outcomes] Pairs to plot: 6
✓ Done set: 11_breast_cancer_outcomes
  Output: /quobyte/lasallegrp/projects/CHDS/WGBS/2025_intergen_BrCa_comethyl_George/comethyl_output/11_me_trait_pair_plots/cov3_75pct/covMin10_methSD0p07/v1_all_pcs/11_breast_cancer_outcomes
There were 16 warnings (use warnings() to see them)
Script 10 complete: ME-trait pair plots finished
Outputs saved under:
  /quobyte/lasallegrp/projects/CHDS/WGBS/2025_intergen_BrCa_comethyl_George/comethyl_output/11_me_trait_pair_plots/cov3_75pct/covMin10_methSD0p07/v1_all_pcs
Starting Script 11
Output directory: /quobyte/lasallegrp/projects/CHDS/WGBS/2025_intergen_BrCa_comethyl_George/comethyl_output/11_me_trait_pair_plots/cov3_75pct/covMin10_methSD0p07/v2_exclude_protected_pcs
[readSampleInfo] Reading sample info: /quobyte/lasallegrp/projects/CHDS/WGBS/2025_intergen_BrCa_comethyl_George/data/metadata/Intergen173.xlsx
[readSampleInfo] No sample_id_col provided; using existing rownames.
[readSampleInfo] First 6 rownames used as sample IDs:
Samples in common: 173
Modules available: 37
Traits available: 46
[03_dde] Pairs to plot: 19
✓ Done set: 03_dde
  Output: /quobyte/lasallegrp/projects/CHDS/WGBS/2025_intergen_BrCa_comethyl_George/comethyl_output/11_me_trait_pair_plots/cov3_75pct/covMin10_methSD0p07/v2_exclude_protected_pcs/03_dde
[04_obesity_overweight] Pairs to plot: 8
✓ Done set: 04_obesity_overweight
  Output: /quobyte/lasallegrp/projects/CHDS/WGBS/2025_intergen_BrCa_comethyl_George/comethyl_output/11_me_trait_pair_plots/cov3_75pct/covMin10_methSD0p07/v2_exclude_protected_pcs/04_obesity_overweight
[09_incxrac] Pairs to plot: 28
✓ Done set: 09_incxrac
  Output: /quobyte/lasallegrp/projects/CHDS/WGBS/2025_intergen_BrCa_comethyl_George/comethyl_output/11_me_trait_pair_plots/cov3_75pct/covMin10_methSD0p07/v2_exclude_protected_pcs/09_incxrac
[10_puberty_and_menarche_variables] Pairs to plot: 23
✓ Done set: 10_puberty_and_menarche_variables
  Output: /quobyte/lasallegrp/projects/CHDS/WGBS/2025_intergen_BrCa_comethyl_George/comethyl_output/11_me_trait_pair_plots/cov3_75pct/covMin10_methSD0p07/v2_exclude_protected_pcs/10_puberty_and_menarche_variables
[11_breast_cancer_outcomes] Pairs to plot: 2
✓ Done set: 11_breast_cancer_outcomes
  Output: /quobyte/lasallegrp/projects/CHDS/WGBS/2025_intergen_BrCa_comethyl_George/comethyl_output/11_me_trait_pair_plots/cov3_75pct/covMin10_methSD0p07/v2_exclude_protected_pcs/11_breast_cancer_outcomes
There were 20 warnings (use warnings() to see them)
Script 10 complete: ME-trait pair plots finished
Outputs saved under:
  /quobyte/lasallegrp/projects/CHDS/WGBS/2025_intergen_BrCa_comethyl_George/comethyl_output/11_me_trait_pair_plots/cov3_75pct/covMin10_methSD0p07/v2_exclude_protected_pcs
Starting Script 12a
[annotate] Trying comethyl::annotateModule()
[annotateModule] Excluding regions in grey (unassigned) module
[annotateModule] Using the hg38 genome assembly for annotations
[annotateModule] Adding genes to regions using GREAT v4.0.4 with the basalPlusExt rule
[annotate] GREAT-based annotation failed: error in evaluating the argument 'y' in selecting a method for function 'merge': error in evaluating the argument 'x' in selecting a method for function 'as.data.frame': unused argument (type = 1)
[annotate] Falling back to offline nearest-gene annotation.
[offline] Using TxDb.Hsapiens.UCSC.hg38.knownGene
  2135 genes were dropped because they have exons located on both strands
  of the same reference sequence or on more than one reference sequence,
  so cannot be represented by a single genomic range.
  Use 'single.strand.genes.only=FALSE' to get all the genes in a
  GRangesList object, or use suppressMessages() to suppress this message.
'select()' returned 1:1 mapping between keys and columns
[annotate] Trying comethyl::annotateModule()
[annotateModule] Excluding regions in grey (unassigned) module
[annotateModule] Using the hg38 genome assembly for annotations
[annotateModule] Adding genes to regions using GREAT v4.0.4 with the basalPlusExt rule
[annotate] GREAT-based annotation failed: GREAT encountered a user error (message from GREAT web server):
Line 136283: The second field (chromStart) must be a non-negative
integer (not 1.3e+07). Input data: 'chr16 1.3e+07 13000205
/chr16:1.3e+07-13000205'
[annotate] Falling back to offline nearest-gene annotation.
[offline] Using TxDb.Hsapiens.UCSC.hg38.knownGene
  2135 genes were dropped because they have exons located on both strands
  of the same reference sequence or on more than one reference sequence,
  so cannot be represented by a single genomic range.
  Use 'single.strand.genes.only=FALSE' to get all the genes in a
  GRangesList object, or use suppressMessages() to suppress this message.
'select()' returned 1:1 mapping between keys and columns
Script 12a complete: Annotate Modules finished
Starting Script 12b

======================================================
Running config [list: 03_dde]
======================================================

--- Enriching module: darkgreen (1 genes) ---
[darkgreen] Enrichr...
[foreground] input n=1 -> cleaned unique n=1
[foreground] invalid-format count=0
[Enrichr] Attempt 1 of 5 for: darkgreen
[Enrichr] Saved: darkgreen_enrichr.xlsx
[Enrichr] Plot saved: darkgreen_enrichr_GO_Biological_Process_2025.pdf
[Enrichr] Plot saved: darkgreen_enrichr_GO_Molecular_Function_2025.pdf
[Enrichr] Plot saved: darkgreen_enrichr_GO_Cellular_Component_2025.pdf
[Enrichr] Plot saved: darkgreen_enrichr_GWAS_Catalog_2025.pdf
[Enrichr] Plot saved: darkgreen_enrichr_ClinVar_2025.pdf

--- Enriching module: orangered4 (1 genes) ---
[orangered4] Enrichr...
[foreground] input n=1 -> cleaned unique n=1
[foreground] invalid-format count=0
[Enrichr] Attempt 1 of 5 for: orangered4
[Enrichr] Saved: orangered4_enrichr.xlsx
[Enrichr] Plot saved: orangered4_enrichr_KEGG_2021_Human.pdf
[Enrichr] Plot saved: orangered4_enrichr_GWAS_Catalog_2025.pdf

--- Enriching module: cyan (4 genes) ---
[cyan] Enrichr...
[foreground] input n=4 -> cleaned unique n=4
[foreground] invalid-format count=0
[Enrichr] Attempt 1 of 5 for: cyan
[Enrichr] Saved: cyan_enrichr.xlsx
[Enrichr] Plot saved: cyan_enrichr_GO_Biological_Process_2025.pdf
[Enrichr] Plot saved: cyan_enrichr_GO_Molecular_Function_2025.pdf
[Enrichr] Plot saved: cyan_enrichr_GO_Cellular_Component_2025.pdf
[Enrichr] Plot saved: cyan_enrichr_KEGG_2021_Human.pdf
[Enrichr] Plot saved: cyan_enrichr_GWAS_Catalog_2025.pdf
[Enrichr] Plot saved: cyan_enrichr_ClinVar_2025.pdf

--- Enriching module: darkseagreen4 (1 genes) ---
[darkseagreen4] Enrichr...
[foreground] input n=1 -> cleaned unique n=1
[foreground] invalid-format count=0
[Enrichr] Attempt 1 of 5 for: darkseagreen4
[Enrichr] Saved: darkseagreen4_enrichr.xlsx
[Enrichr] Plot saved: darkseagreen4_enrichr_GO_Biological_Process_2025.pdf
[Enrichr] Plot saved: darkseagreen4_enrichr_GO_Molecular_Function_2025.pdf
[Enrichr] Plot saved: darkseagreen4_enrichr_GO_Cellular_Component_2025.pdf
[Enrichr] Plot saved: darkseagreen4_enrichr_KEGG_2021_Human.pdf
[Enrichr] Plot saved: darkseagreen4_enrichr_GWAS_Catalog_2025.pdf
[Enrichr] Plot saved: darkseagreen4_enrichr_ClinVar_2025.pdf

--- Enriching module: bisque4 (3 genes) ---
[bisque4] Enrichr...
[foreground] input n=3 -> cleaned unique n=3
[foreground] invalid-format count=0
[Enrichr] Attempt 1 of 5 for: bisque4
[Enrichr] Saved: bisque4_enrichr.xlsx
[Enrichr] Plot saved: bisque4_enrichr_GO_Biological_Process_2025.pdf
[Enrichr] Plot saved: bisque4_enrichr_GO_Molecular_Function_2025.pdf
[Enrichr] Plot saved: bisque4_enrichr_GO_Cellular_Component_2025.pdf
[Enrichr] Plot saved: bisque4_enrichr_GWAS_Catalog_2025.pdf

--- Enriching module: darkolivegreen (2 genes) ---
[darkolivegreen] Enrichr...
[foreground] input n=2 -> cleaned unique n=2
[foreground] invalid-format count=0
[Enrichr] Attempt 1 of 5 for: darkolivegreen
[Enrichr] Saved: darkolivegreen_enrichr.xlsx
[Enrichr] Plot saved: darkolivegreen_enrichr_GO_Biological_Process_2025.pdf
[Enrichr] Plot saved: darkolivegreen_enrichr_GO_Molecular_Function_2025.pdf
[Enrichr] Plot saved: darkolivegreen_enrichr_GO_Cellular_Component_2025.pdf
[Enrichr] Plot saved: darkolivegreen_enrichr_KEGG_2021_Human.pdf
[Enrichr] Plot saved: darkolivegreen_enrichr_GWAS_Catalog_2025.pdf

--- Enriching module: plum2 (7 genes) ---
[plum2] Enrichr...
[foreground] input n=7 -> cleaned unique n=7
[foreground] invalid-format count=0
[Enrichr] Attempt 1 of 5 for: plum2
[Enrichr] Saved: plum2_enrichr.xlsx
[Enrichr] Plot saved: plum2_enrichr_GO_Biological_Process_2025.pdf
[Enrichr] Plot saved: plum2_enrichr_GO_Molecular_Function_2025.pdf

--- Enriching module: grey60 (1 genes) ---
[grey60] Enrichr...
[foreground] input n=1 -> cleaned unique n=1
[foreground] invalid-format count=0
[Enrichr] Attempt 1 of 5 for: grey60
[Enrichr] Saved: grey60_enrichr.xlsx
[Enrichr] Plot saved: grey60_enrichr_GO_Biological_Process_2025.pdf
[Enrichr] Plot saved: grey60_enrichr_GWAS_Catalog_2025.pdf

--- Enriching module: lightyellow (2 genes) ---
[lightyellow] Enrichr...
[foreground] input n=2 -> cleaned unique n=2
[foreground] invalid-format count=0
[Enrichr] Attempt 1 of 5 for: lightyellow

--- Enriching module: lavenderblush3 (2 genes) ---
[lavenderblush3] Enrichr...
[foreground] input n=2 -> cleaned unique n=2
[foreground] invalid-format count=0
[Enrichr] Attempt 1 of 5 for: lavenderblush3
[Enrichr] Saved: lavenderblush3_enrichr.xlsx
[Enrichr] Plot saved: lavenderblush3_enrichr_GWAS_Catalog_2025.pdf

--- Enriching module: pink (1 genes) ---
[pink] Enrichr...
[foreground] input n=1 -> cleaned unique n=1
[foreground] invalid-format count=0
[Enrichr] Attempt 1 of 5 for: pink
[Enrichr] Saved: pink_enrichr.xlsx
[Enrichr] Plot saved: pink_enrichr_GWAS_Catalog_2025.pdf
[Enrichr] Plot saved: pink_enrichr_ClinVar_2025.pdf

--- Enriching module: darkred (1 genes) ---
[darkred] Enrichr...
[foreground] input n=1 -> cleaned unique n=1
[foreground] invalid-format count=0
[Enrichr] Attempt 1 of 5 for: darkred

--- Enriching module: darkorange (2 genes) ---
[darkorange] Enrichr...
[foreground] input n=2 -> cleaned unique n=2
[foreground] invalid-format count=0
[Enrichr] Attempt 1 of 5 for: darkorange
[Enrichr] Saved: darkorange_enrichr.xlsx
[Enrichr] Plot saved: darkorange_enrichr_GO_Biological_Process_2025.pdf
[Enrichr] Plot saved: darkorange_enrichr_GO_Cellular_Component_2025.pdf
[Enrichr] Plot saved: darkorange_enrichr_KEGG_2021_Human.pdf
[Enrichr] Plot saved: darkorange_enrichr_GWAS_Catalog_2025.pdf
[Enrichr] Plot saved: darkorange_enrichr_ClinVar_2025.pdf

--- Enriching module: maroon (6 genes) ---
[maroon] Enrichr...
[foreground] input n=6 -> cleaned unique n=6
[foreground] invalid-format count=0
[Enrichr] Attempt 1 of 5 for: maroon
[Enrichr] Saved: maroon_enrichr.xlsx
[Enrichr] Plot saved: maroon_enrichr_GO_Biological_Process_2025.pdf
[Enrichr] Plot saved: maroon_enrichr_GO_Molecular_Function_2025.pdf
[Enrichr] Plot saved: maroon_enrichr_GO_Cellular_Component_2025.pdf
[Enrichr] Plot saved: maroon_enrichr_KEGG_2021_Human.pdf
[Enrichr] Plot saved: maroon_enrichr_GWAS_Catalog_2025.pdf

--- Enriching module: plum1 (1 genes) ---
[plum1] Enrichr...
[foreground] input n=1 -> cleaned unique n=1
[foreground] invalid-format count=0
[Enrichr] Attempt 1 of 5 for: plum1
[Enrichr] Saved: plum1_enrichr.xlsx
[Enrichr] Plot saved: plum1_enrichr_GO_Biological_Process_2025.pdf
[Enrichr] Plot saved: plum1_enrichr_GO_Molecular_Function_2025.pdf
[Enrichr] Plot saved: plum1_enrichr_GO_Cellular_Component_2025.pdf
[Enrichr] Plot saved: plum1_enrichr_KEGG_2021_Human.pdf
[Enrichr] Plot saved: plum1_enrichr_GWAS_Catalog_2025.pdf

--- Summary plots (pvalue) ---
[plot] Saved: Summary_Enrichr_GO_Biological_Process_2025_top8_pvalue0.05.pdf
[plot] Saved: Summary_Enrichr_GO_Molecular_Function_2025_top8_pvalue0.05.pdf
[plot] Saved: Summary_Enrichr_GO_Cellular_Component_2025_top8_pvalue0.05.pdf
[plot] Saved: Summary_Enrichr_KEGG_2021_Human_top8_pvalue0.05.pdf
[plot] Saved: Summary_Enrichr_GWAS_Catalog_2025_top8_pvalue0.05.pdf
[plot] Saved: Summary_Enrichr_ClinVar_2025_top8_pvalue0.05.pdf

--- Enriching module: grey60 (35 genes) ---
[grey60] Enrichr...
[foreground] input n=35 -> cleaned unique n=35
[foreground] invalid-format count=0
[Enrichr] Attempt 1 of 5 for: grey60
[Enrichr] Saved: grey60_enrichr.xlsx
[Enrichr] Plot saved: grey60_enrichr_GO_Biological_Process_2025.pdf
[Enrichr] Plot saved: grey60_enrichr_GO_Molecular_Function_2025.pdf
[Enrichr] Plot saved: grey60_enrichr_GO_Cellular_Component_2025.pdf
[Enrichr] Plot saved: grey60_enrichr_KEGG_2021_Human.pdf
[Enrichr] Plot saved: grey60_enrichr_GWAS_Catalog_2025.pdf
[Enrichr] Plot saved: grey60_enrichr_ClinVar_2025.pdf

--- Enriching module: red (573 genes) ---
[red] Enrichr...
[foreground] input n=573 -> cleaned unique n=573
[foreground] invalid-format count=0
[Enrichr] Attempt 1 of 5 for: red
[Enrichr] Saved: red_enrichr.xlsx
[Enrichr] Plot saved: red_enrichr_GO_Biological_Process_2025.pdf
[Enrichr] Plot saved: red_enrichr_GO_Molecular_Function_2025.pdf
[Enrichr] Plot saved: red_enrichr_GO_Cellular_Component_2025.pdf
[Enrichr] Plot saved: red_enrichr_KEGG_2021_Human.pdf
[Enrichr] Plot saved: red_enrichr_GWAS_Catalog_2025.pdf
[Enrichr] Plot saved: red_enrichr_ClinVar_2025.pdf

--- Enriching module: orange (13 genes) ---
[orange] Enrichr...
[foreground] input n=13 -> cleaned unique n=13
[foreground] invalid-format count=0
[Enrichr] Attempt 1 of 5 for: orange
[Enrichr] Saved: orange_enrichr.xlsx
[Enrichr] Plot saved: orange_enrichr_GO_Biological_Process_2025.pdf
[Enrichr] Plot saved: orange_enrichr_GO_Molecular_Function_2025.pdf
[Enrichr] Plot saved: orange_enrichr_GO_Cellular_Component_2025.pdf
[Enrichr] Plot saved: orange_enrichr_KEGG_2021_Human.pdf
[Enrichr] Plot saved: orange_enrichr_GWAS_Catalog_2025.pdf
[Enrichr] Plot saved: orange_enrichr_ClinVar_2025.pdf

--- Enriching module: black (443 genes) ---
[black] Enrichr...
[foreground] input n=443 -> cleaned unique n=443
[foreground] invalid-format count=0
[Enrichr] Attempt 1 of 5 for: black
[Enrichr] Saved: black_enrichr.xlsx
[Enrichr] Plot saved: black_enrichr_GO_Biological_Process_2025.pdf
[Enrichr] Plot saved: black_enrichr_GO_Molecular_Function_2025.pdf
[Enrichr] Plot saved: black_enrichr_GO_Cellular_Component_2025.pdf
[Enrichr] Plot saved: black_enrichr_KEGG_2021_Human.pdf
[Enrichr] Plot saved: black_enrichr_GWAS_Catalog_2025.pdf
[Enrichr] Plot saved: black_enrichr_ClinVar_2025.pdf

--- Enriching module: violet (20 genes) ---
[violet] Enrichr...
[foreground] input n=20 -> cleaned unique n=20
[foreground] invalid-format count=0
[Enrichr] Attempt 1 of 5 for: violet
[Enrichr] Saved: violet_enrichr.xlsx
[Enrichr] Plot saved: violet_enrichr_GO_Biological_Process_2025.pdf
[Enrichr] Plot saved: violet_enrichr_GO_Molecular_Function_2025.pdf
[Enrichr] Plot saved: violet_enrichr_GO_Cellular_Component_2025.pdf
[Enrichr] Plot saved: violet_enrichr_KEGG_2021_Human.pdf
[Enrichr] Plot saved: violet_enrichr_GWAS_Catalog_2025.pdf
[Enrichr] Plot saved: violet_enrichr_ClinVar_2025.pdf

--- Enriching module: pink (234 genes) ---
[pink] Enrichr...
[foreground] input n=234 -> cleaned unique n=234
[foreground] invalid-format count=0
[Enrichr] Attempt 1 of 5 for: pink
[Enrichr] Saved: pink_enrichr.xlsx
[Enrichr] Plot saved: pink_enrichr_GO_Biological_Process_2025.pdf
[Enrichr] Plot saved: pink_enrichr_GO_Molecular_Function_2025.pdf
[Enrichr] Plot saved: pink_enrichr_GO_Cellular_Component_2025.pdf
[Enrichr] Plot saved: pink_enrichr_KEGG_2021_Human.pdf
[Enrichr] Plot saved: pink_enrichr_GWAS_Catalog_2025.pdf
[Enrichr] Plot saved: pink_enrichr_ClinVar_2025.pdf

--- Enriching module: magenta (170 genes) ---
[magenta] Enrichr...
[foreground] input n=170 -> cleaned unique n=170
[foreground] invalid-format count=0
[Enrichr] Attempt 1 of 5 for: magenta
[Enrichr] Saved: magenta_enrichr.xlsx
[Enrichr] Plot saved: magenta_enrichr_GO_Biological_Process_2025.pdf
[Enrichr] Plot saved: magenta_enrichr_GO_Molecular_Function_2025.pdf
[Enrichr] Plot saved: magenta_enrichr_GO_Cellular_Component_2025.pdf
[Enrichr] Plot saved: magenta_enrichr_KEGG_2021_Human.pdf
[Enrichr] Plot saved: magenta_enrichr_GWAS_Catalog_2025.pdf
[Enrichr] Plot saved: magenta_enrichr_ClinVar_2025.pdf

--- Enriching module: turquoise (13421 genes) ---
[turquoise] Enrichr...
[foreground] input n=13421 -> cleaned unique n=13421
[foreground] invalid-format count=0
[Enrichr] Attempt 1 of 5 for: turquoise
[Enrichr] Saved: turquoise_enrichr.xlsx
[Enrichr] Plot saved: turquoise_enrichr_GO_Biological_Process_2025.pdf
[Enrichr] Plot saved: turquoise_enrichr_GO_Molecular_Function_2025.pdf
[Enrichr] Plot saved: turquoise_enrichr_GO_Cellular_Component_2025.pdf
[Enrichr] Plot saved: turquoise_enrichr_KEGG_2021_Human.pdf
[Enrichr] Plot saved: turquoise_enrichr_GWAS_Catalog_2025.pdf
[Enrichr] Plot saved: turquoise_enrichr_ClinVar_2025.pdf

--- Enriching module: yellowgreen (1 genes) ---
[yellowgreen] Enrichr...
[foreground] input n=1 -> cleaned unique n=1
[foreground] invalid-format count=0
[Enrichr] Attempt 1 of 5 for: yellowgreen

--- Enriching module: blue (9532 genes) ---
[blue] Enrichr...
[foreground] input n=9532 -> cleaned unique n=9532
[foreground] invalid-format count=0
[Enrichr] Attempt 1 of 5 for: blue
[Enrichr] Saved: blue_enrichr.xlsx
[Enrichr] Plot saved: blue_enrichr_GO_Biological_Process_2025.pdf
[Enrichr] Plot saved: blue_enrichr_GO_Molecular_Function_2025.pdf
[Enrichr] Plot saved: blue_enrichr_GO_Cellular_Component_2025.pdf
[Enrichr] Plot saved: blue_enrichr_KEGG_2021_Human.pdf
[Enrichr] Plot saved: blue_enrichr_GWAS_Catalog_2025.pdf
[Enrichr] Plot saved: blue_enrichr_ClinVar_2025.pdf

--- Enriching module: sienna3 (1 genes) ---
[sienna3] Enrichr...
[foreground] input n=1 -> cleaned unique n=1
[foreground] invalid-format count=0
[Enrichr] Attempt 1 of 5 for: sienna3

--- Enriching module: green (1641 genes) ---
[green] Enrichr...
[foreground] input n=1641 -> cleaned unique n=1641
[foreground] invalid-format count=0
[Enrichr] Attempt 1 of 5 for: green
[Enrichr] Saved: green_enrichr.xlsx
[Enrichr] Plot saved: green_enrichr_GO_Biological_Process_2025.pdf
[Enrichr] Plot saved: green_enrichr_GO_Molecular_Function_2025.pdf
[Enrichr] Plot saved: green_enrichr_GO_Cellular_Component_2025.pdf
[Enrichr] Plot saved: green_enrichr_KEGG_2021_Human.pdf
[Enrichr] Plot saved: green_enrichr_GWAS_Catalog_2025.pdf
[Enrichr] Plot saved: green_enrichr_ClinVar_2025.pdf

--- Summary plots (pvalue) ---
[plot] Saved: Summary_Enrichr_GO_Biological_Process_2025_top8_pvalue0.05.pdf
[plot] Saved: Summary_Enrichr_GO_Molecular_Function_2025_top8_pvalue0.05.pdf
[plot] Saved: Summary_Enrichr_GO_Cellular_Component_2025_top8_pvalue0.05.pdf
[plot] Saved: Summary_Enrichr_KEGG_2021_Human_top8_pvalue0.05.pdf
[plot] Saved: Summary_Enrichr_GWAS_Catalog_2025_top8_pvalue0.05.pdf
[plot] Saved: Summary_Enrichr_ClinVar_2025_top8_pvalue0.05.pdf

======================================================
Running config [list: 04_obesity_overweight]
======================================================

--- Enriching module: honeydew1 (1 genes) ---
[honeydew1] Enrichr...
[foreground] input n=1 -> cleaned unique n=1
[foreground] invalid-format count=0
[Enrichr] Attempt 1 of 5 for: honeydew1
[Enrichr] Saved: honeydew1_enrichr.xlsx
[Enrichr] Plot saved: honeydew1_enrichr_GO_Biological_Process_2025.pdf
[Enrichr] Plot saved: honeydew1_enrichr_GO_Molecular_Function_2025.pdf
[Enrichr] Plot saved: honeydew1_enrichr_GO_Cellular_Component_2025.pdf
[Enrichr] Plot saved: honeydew1_enrichr_GWAS_Catalog_2025.pdf
[Enrichr] Plot saved: honeydew1_enrichr_ClinVar_2025.pdf

--- Enriching module: lightcyan (2 genes) ---
[lightcyan] Enrichr...
[foreground] input n=2 -> cleaned unique n=2
[foreground] invalid-format count=0
[Enrichr] Attempt 1 of 5 for: lightcyan
[Enrichr] Saved: lightcyan_enrichr.xlsx
[Enrichr] Plot saved: lightcyan_enrichr_GO_Biological_Process_2025.pdf
[Enrichr] Plot saved: lightcyan_enrichr_GO_Molecular_Function_2025.pdf
[Enrichr] Plot saved: lightcyan_enrichr_KEGG_2021_Human.pdf
[Enrichr] Plot saved: lightcyan_enrichr_GWAS_Catalog_2025.pdf
[Enrichr] Plot saved: lightcyan_enrichr_ClinVar_2025.pdf

--- Enriching module: darkorange2 (1 genes) ---
[darkorange2] Enrichr...
[foreground] input n=1 -> cleaned unique n=1
[foreground] invalid-format count=0
[Enrichr] Attempt 1 of 5 for: darkorange2
[Enrichr] Saved: darkorange2_enrichr.xlsx
[Enrichr] Plot saved: darkorange2_enrichr_KEGG_2021_Human.pdf
[Enrichr] Plot saved: darkorange2_enrichr_GWAS_Catalog_2025.pdf

--- Enriching module: thistle2 (1 genes) ---
[thistle2] Enrichr...
[foreground] input n=1 -> cleaned unique n=1
[foreground] invalid-format count=0
[Enrichr] Attempt 1 of 5 for: thistle2

--- Enriching module: yellow4 (2 genes) ---
[yellow4] Enrichr...
[foreground] input n=2 -> cleaned unique n=2
[foreground] invalid-format count=0
[Enrichr] Attempt 1 of 5 for: yellow4
[Enrichr] Saved: yellow4_enrichr.xlsx
[Enrichr] Plot saved: yellow4_enrichr_GO_Biological_Process_2025.pdf
[Enrichr] Plot saved: yellow4_enrichr_GO_Molecular_Function_2025.pdf
[Enrichr] Plot saved: yellow4_enrichr_GO_Cellular_Component_2025.pdf
[Enrichr] Plot saved: yellow4_enrichr_GWAS_Catalog_2025.pdf

--- Enriching module: magenta (5 genes) ---
[magenta] Enrichr...
[foreground] input n=5 -> cleaned unique n=5
[foreground] invalid-format count=0
[Enrichr] Attempt 1 of 5 for: magenta
[Enrichr] Saved: magenta_enrichr.xlsx
[Enrichr] Plot saved: magenta_enrichr_GO_Biological_Process_2025.pdf
[Enrichr] Plot saved: magenta_enrichr_GO_Molecular_Function_2025.pdf
[Enrichr] Plot saved: magenta_enrichr_GO_Cellular_Component_2025.pdf
[Enrichr] Plot saved: magenta_enrichr_KEGG_2021_Human.pdf
[Enrichr] Plot saved: magenta_enrichr_GWAS_Catalog_2025.pdf
[Enrichr] Plot saved: magenta_enrichr_ClinVar_2025.pdf

--- Enriching module: darkgrey (2 genes) ---
[darkgrey] Enrichr...
[foreground] input n=2 -> cleaned unique n=2
[foreground] invalid-format count=0
[Enrichr] Attempt 1 of 5 for: darkgrey
[Enrichr] Saved: darkgrey_enrichr.xlsx
[Enrichr] Plot saved: darkgrey_enrichr_GO_Biological_Process_2025.pdf
[Enrichr] Plot saved: darkgrey_enrichr_GO_Molecular_Function_2025.pdf
[Enrichr] Plot saved: darkgrey_enrichr_GWAS_Catalog_2025.pdf

--- Enriching module: maroon (6 genes) ---
[maroon] Enrichr...
[foreground] input n=6 -> cleaned unique n=6
[foreground] invalid-format count=0
[Enrichr] Attempt 1 of 5 for: maroon
[Enrichr] Saved: maroon_enrichr.xlsx
[Enrichr] Plot saved: maroon_enrichr_GO_Biological_Process_2025.pdf
[Enrichr] Plot saved: maroon_enrichr_GO_Molecular_Function_2025.pdf
[Enrichr] Plot saved: maroon_enrichr_GO_Cellular_Component_2025.pdf
[Enrichr] Plot saved: maroon_enrichr_KEGG_2021_Human.pdf
[Enrichr] Plot saved: maroon_enrichr_GWAS_Catalog_2025.pdf

--- Enriching module: plum1 (1 genes) ---
[plum1] Enrichr...
[foreground] input n=1 -> cleaned unique n=1
[foreground] invalid-format count=0
[Enrichr] Attempt 1 of 5 for: plum1
[Enrichr] Saved: plum1_enrichr.xlsx
[Enrichr] Plot saved: plum1_enrichr_GO_Biological_Process_2025.pdf
[Enrichr] Plot saved: plum1_enrichr_GO_Molecular_Function_2025.pdf
[Enrichr] Plot saved: plum1_enrichr_GO_Cellular_Component_2025.pdf
[Enrichr] Plot saved: plum1_enrichr_KEGG_2021_Human.pdf
[Enrichr] Plot saved: plum1_enrichr_GWAS_Catalog_2025.pdf

--- Summary plots (pvalue) ---
[plot] Saved: Summary_Enrichr_GO_Biological_Process_2025_top8_pvalue0.05.pdf
[plot] Saved: Summary_Enrichr_GO_Molecular_Function_2025_top8_pvalue0.05.pdf
[plot] Saved: Summary_Enrichr_GO_Cellular_Component_2025_top8_pvalue0.05.pdf
[plot] Saved: Summary_Enrichr_KEGG_2021_Human_top8_pvalue0.05.pdf
[plot] Saved: Summary_Enrichr_GWAS_Catalog_2025_top8_pvalue0.05.pdf
[plot] Saved: Summary_Enrichr_ClinVar_2025_top8_pvalue0.05.pdf

--- Enriching module: brown (8591 genes) ---
[brown] Enrichr...
[foreground] input n=8591 -> cleaned unique n=8591
[foreground] invalid-format count=0
[Enrichr] Attempt 1 of 5 for: brown
[Enrichr] Saved: brown_enrichr.xlsx
[Enrichr] Plot saved: brown_enrichr_GO_Biological_Process_2025.pdf
[Enrichr] Plot saved: brown_enrichr_GO_Molecular_Function_2025.pdf
[Enrichr] Plot saved: brown_enrichr_GO_Cellular_Component_2025.pdf
[Enrichr] Plot saved: brown_enrichr_KEGG_2021_Human.pdf
[Enrichr] Plot saved: brown_enrichr_GWAS_Catalog_2025.pdf
[Enrichr] Plot saved: brown_enrichr_ClinVar_2025.pdf

--- Enriching module: tan (101 genes) ---
[tan] Enrichr...
[foreground] input n=101 -> cleaned unique n=101
[foreground] invalid-format count=0
[Enrichr] Attempt 1 of 5 for: tan
[Enrichr] Saved: tan_enrichr.xlsx
[Enrichr] Plot saved: tan_enrichr_GO_Biological_Process_2025.pdf
[Enrichr] Plot saved: tan_enrichr_GO_Molecular_Function_2025.pdf
[Enrichr] Plot saved: tan_enrichr_GO_Cellular_Component_2025.pdf
[Enrichr] Plot saved: tan_enrichr_KEGG_2021_Human.pdf
[Enrichr] Plot saved: tan_enrichr_GWAS_Catalog_2025.pdf
[Enrichr] Plot saved: tan_enrichr_ClinVar_2025.pdf

--- Enriching module: darkgreen (26 genes) ---
[darkgreen] Enrichr...
[foreground] input n=26 -> cleaned unique n=26
[foreground] invalid-format count=0
[Enrichr] Attempt 1 of 5 for: darkgreen
[Enrichr] Saved: darkgreen_enrichr.xlsx
[Enrichr] Plot saved: darkgreen_enrichr_GO_Biological_Process_2025.pdf
[Enrichr] Plot saved: darkgreen_enrichr_GO_Molecular_Function_2025.pdf
[Enrichr] Plot saved: darkgreen_enrichr_GO_Cellular_Component_2025.pdf
[Enrichr] Plot saved: darkgreen_enrichr_KEGG_2021_Human.pdf
[Enrichr] Plot saved: darkgreen_enrichr_GWAS_Catalog_2025.pdf
[Enrichr] Plot saved: darkgreen_enrichr_ClinVar_2025.pdf

--- Enriching module: cyan (55 genes) ---
[cyan] Enrichr...
[foreground] input n=55 -> cleaned unique n=55
[foreground] invalid-format count=0
[Enrichr] Attempt 1 of 5 for: cyan
[Enrichr] Saved: cyan_enrichr.xlsx
[Enrichr] Plot saved: cyan_enrichr_GO_Biological_Process_2025.pdf
[Enrichr] Plot saved: cyan_enrichr_GO_Molecular_Function_2025.pdf
[Enrichr] Plot saved: cyan_enrichr_GO_Cellular_Component_2025.pdf
[Enrichr] Plot saved: cyan_enrichr_KEGG_2021_Human.pdf
[Enrichr] Plot saved: cyan_enrichr_GWAS_Catalog_2025.pdf
[Enrichr] Plot saved: cyan_enrichr_ClinVar_2025.pdf

--- Enriching module: darkolivegreen (1 genes) ---
[darkolivegreen] Enrichr...
[foreground] input n=1 -> cleaned unique n=1
[foreground] invalid-format count=0
[Enrichr] Attempt 1 of 5 for: darkolivegreen
[Enrichr] Saved: darkolivegreen_enrichr.xlsx
[Enrichr] Plot saved: darkolivegreen_enrichr_GO_Biological_Process_2025.pdf
[Enrichr] Plot saved: darkolivegreen_enrichr_GO_Molecular_Function_2025.pdf
[Enrichr] Plot saved: darkolivegreen_enrichr_GWAS_Catalog_2025.pdf

--- Enriching module: darkmagenta (1 genes) ---
[darkmagenta] Enrichr...
[foreground] input n=1 -> cleaned unique n=1
[foreground] invalid-format count=0
[Enrichr] Attempt 1 of 5 for: darkmagenta

--- Enriching module: darkgrey (47 genes) ---
[darkgrey] Enrichr...
[foreground] input n=47 -> cleaned unique n=47
[foreground] invalid-format count=0
[Enrichr] Attempt 1 of 5 for: darkgrey
[Enrichr] Saved: darkgrey_enrichr.xlsx
[Enrichr] Plot saved: darkgrey_enrichr_GO_Biological_Process_2025.pdf
[Enrichr] Plot saved: darkgrey_enrichr_GO_Molecular_Function_2025.pdf
[Enrichr] Plot saved: darkgrey_enrichr_GO_Cellular_Component_2025.pdf
[Enrichr] Plot saved: darkgrey_enrichr_KEGG_2021_Human.pdf
[Enrichr] Plot saved: darkgrey_enrichr_GWAS_Catalog_2025.pdf
[Enrichr] Plot saved: darkgrey_enrichr_ClinVar_2025.pdf

--- Enriching module: yellow (6771 genes) ---
[yellow] Enrichr...
[foreground] input n=6771 -> cleaned unique n=6771
[foreground] invalid-format count=0
[Enrichr] Attempt 1 of 5 for: yellow
[Enrichr] Saved: yellow_enrichr.xlsx
[Enrichr] Plot saved: yellow_enrichr_GO_Biological_Process_2025.pdf
[Enrichr] Plot saved: yellow_enrichr_GO_Molecular_Function_2025.pdf
[Enrichr] Plot saved: yellow_enrichr_GO_Cellular_Component_2025.pdf
[Enrichr] Plot saved: yellow_enrichr_KEGG_2021_Human.pdf
[Enrichr] Plot saved: yellow_enrichr_GWAS_Catalog_2025.pdf
[Enrichr] Plot saved: yellow_enrichr_ClinVar_2025.pdf

--- Summary plots (pvalue) ---
[plot] Saved: Summary_Enrichr_GO_Biological_Process_2025_top8_pvalue0.05.pdf
[plot] Saved: Summary_Enrichr_GO_Molecular_Function_2025_top8_pvalue0.05.pdf
[plot] Saved: Summary_Enrichr_GO_Cellular_Component_2025_top8_pvalue0.05.pdf
[plot] Saved: Summary_Enrichr_KEGG_2021_Human_top8_pvalue0.05.pdf
[plot] Saved: Summary_Enrichr_GWAS_Catalog_2025_top8_pvalue0.05.pdf
[plot] Saved: Summary_Enrichr_ClinVar_2025_top8_pvalue0.05.pdf

======================================================
Running config [list: 09_incxrac]
======================================================

--- Enriching module: darkgreen (1 genes) ---
[darkgreen] Enrichr...
[foreground] input n=1 -> cleaned unique n=1
[foreground] invalid-format count=0
[Enrichr] Attempt 1 of 5 for: darkgreen
[Enrichr] Saved: darkgreen_enrichr.xlsx
[Enrichr] Plot saved: darkgreen_enrichr_GO_Biological_Process_2025.pdf
[Enrichr] Plot saved: darkgreen_enrichr_GO_Molecular_Function_2025.pdf
[Enrichr] Plot saved: darkgreen_enrichr_GO_Cellular_Component_2025.pdf
[Enrichr] Plot saved: darkgreen_enrichr_GWAS_Catalog_2025.pdf
[Enrichr] Plot saved: darkgreen_enrichr_ClinVar_2025.pdf

--- Enriching module: royalblue (3 genes) ---
[royalblue] Enrichr...
[foreground] input n=3 -> cleaned unique n=3
[foreground] invalid-format count=0
[Enrichr] Attempt 1 of 5 for: royalblue
[Enrichr] Saved: royalblue_enrichr.xlsx
[Enrichr] Plot saved: royalblue_enrichr_GO_Biological_Process_2025.pdf
[Enrichr] Plot saved: royalblue_enrichr_GO_Molecular_Function_2025.pdf
[Enrichr] Plot saved: royalblue_enrichr_GO_Cellular_Component_2025.pdf
[Enrichr] Plot saved: royalblue_enrichr_KEGG_2021_Human.pdf
[Enrichr] Plot saved: royalblue_enrichr_GWAS_Catalog_2025.pdf
[Enrichr] Plot saved: royalblue_enrichr_ClinVar_2025.pdf

--- Enriching module: turquoise (9 genes) ---
[turquoise] Enrichr...
[foreground] input n=9 -> cleaned unique n=9
[foreground] invalid-format count=0
[Enrichr] Attempt 1 of 5 for: turquoise

--- Enriching module: green (2 genes) ---
[green] Enrichr...
[foreground] input n=2 -> cleaned unique n=2
[foreground] invalid-format count=0
[Enrichr] Attempt 1 of 5 for: green
[Enrichr] Saved: green_enrichr.xlsx
[Enrichr] Plot saved: green_enrichr_GO_Biological_Process_2025.pdf
[Enrichr] Plot saved: green_enrichr_GO_Molecular_Function_2025.pdf
[Enrichr] Plot saved: green_enrichr_GO_Cellular_Component_2025.pdf
[Enrichr] Plot saved: green_enrichr_GWAS_Catalog_2025.pdf
[Enrichr] Plot saved: green_enrichr_ClinVar_2025.pdf

--- Enriching module: orangered3 (2 genes) ---
[orangered3] Enrichr...
[foreground] input n=2 -> cleaned unique n=2
[foreground] invalid-format count=0
[Enrichr] Attempt 1 of 5 for: orangered3
[Enrichr] Saved: orangered3_enrichr.xlsx
[Enrichr] Plot saved: orangered3_enrichr_GO_Biological_Process_2025.pdf
[Enrichr] Plot saved: orangered3_enrichr_GO_Cellular_Component_2025.pdf
[Enrichr] Plot saved: orangered3_enrichr_KEGG_2021_Human.pdf
[Enrichr] Plot saved: orangered3_enrichr_GWAS_Catalog_2025.pdf

--- Enriching module: darkseagreen4 (1 genes) ---
[darkseagreen4] Enrichr...
[foreground] input n=1 -> cleaned unique n=1
[foreground] invalid-format count=0
[Enrichr] Attempt 1 of 5 for: darkseagreen4
[Enrichr] Saved: darkseagreen4_enrichr.xlsx
[Enrichr] Plot saved: darkseagreen4_enrichr_GO_Biological_Process_2025.pdf
[Enrichr] Plot saved: darkseagreen4_enrichr_GO_Molecular_Function_2025.pdf
[Enrichr] Plot saved: darkseagreen4_enrichr_GO_Cellular_Component_2025.pdf
[Enrichr] Plot saved: darkseagreen4_enrichr_KEGG_2021_Human.pdf
[Enrichr] Plot saved: darkseagreen4_enrichr_GWAS_Catalog_2025.pdf
[Enrichr] Plot saved: darkseagreen4_enrichr_ClinVar_2025.pdf

--- Enriching module: thistle2 (1 genes) ---
[thistle2] Enrichr...
[foreground] input n=1 -> cleaned unique n=1
[foreground] invalid-format count=0
[Enrichr] Attempt 1 of 5 for: thistle2

--- Enriching module: skyblue (1 genes) ---
[skyblue] Enrichr...
[foreground] input n=1 -> cleaned unique n=1
[foreground] invalid-format count=0
[Enrichr] Attempt 1 of 5 for: skyblue
[Enrichr] Saved: skyblue_enrichr.xlsx
[Enrichr] Plot saved: skyblue_enrichr_GO_Biological_Process_2025.pdf
[Enrichr] Plot saved: skyblue_enrichr_GO_Molecular_Function_2025.pdf
[Enrichr] Plot saved: skyblue_enrichr_GO_Cellular_Component_2025.pdf
[Enrichr] Plot saved: skyblue_enrichr_GWAS_Catalog_2025.pdf
[Enrichr] Plot saved: skyblue_enrichr_ClinVar_2025.pdf

--- Enriching module: darkolivegreen (2 genes) ---
[darkolivegreen] Enrichr...
[foreground] input n=2 -> cleaned unique n=2
[foreground] invalid-format count=0
[Enrichr] Attempt 1 of 5 for: darkolivegreen
[Enrichr] Saved: darkolivegreen_enrichr.xlsx
[Enrichr] Plot saved: darkolivegreen_enrichr_GO_Biological_Process_2025.pdf
[Enrichr] Plot saved: darkolivegreen_enrichr_GO_Molecular_Function_2025.pdf
[Enrichr] Plot saved: darkolivegreen_enrichr_GO_Cellular_Component_2025.pdf
[Enrichr] Plot saved: darkolivegreen_enrichr_KEGG_2021_Human.pdf
[Enrichr] Plot saved: darkolivegreen_enrichr_GWAS_Catalog_2025.pdf

--- Enriching module: white (3 genes) ---
[white] Enrichr...
[foreground] input n=3 -> cleaned unique n=3
[foreground] invalid-format count=0
[Enrichr] Attempt 1 of 5 for: white
[Enrichr] Saved: white_enrichr.xlsx
[Enrichr] Plot saved: white_enrichr_GO_Biological_Process_2025.pdf
[Enrichr] Plot saved: white_enrichr_GO_Molecular_Function_2025.pdf
[Enrichr] Plot saved: white_enrichr_GO_Cellular_Component_2025.pdf
[Enrichr] Plot saved: white_enrichr_KEGG_2021_Human.pdf
[Enrichr] Plot saved: white_enrichr_GWAS_Catalog_2025.pdf
[Enrichr] Plot saved: white_enrichr_ClinVar_2025.pdf

--- Enriching module: orange (1 genes) ---
[orange] Enrichr...
[foreground] input n=1 -> cleaned unique n=1
[foreground] invalid-format count=0
[Enrichr] Attempt 1 of 5 for: orange
[Enrichr] Saved: orange_enrichr.xlsx
[Enrichr] Plot saved: orange_enrichr_GO_Biological_Process_2025.pdf
[Enrichr] Plot saved: orange_enrichr_GO_Molecular_Function_2025.pdf
[Enrichr] Plot saved: orange_enrichr_GO_Cellular_Component_2025.pdf
[Enrichr] Plot saved: orange_enrichr_KEGG_2021_Human.pdf
[Enrichr] Plot saved: orange_enrichr_GWAS_Catalog_2025.pdf

--- Enriching module: brown (6 genes) ---
[brown] Enrichr...
[foreground] input n=6 -> cleaned unique n=6
[foreground] invalid-format count=0
[Enrichr] Attempt 1 of 5 for: brown
[Enrichr] Saved: brown_enrichr.xlsx
[Enrichr] Plot saved: brown_enrichr_GO_Biological_Process_2025.pdf
[Enrichr] Plot saved: brown_enrichr_GO_Molecular_Function_2025.pdf
[Enrichr] Plot saved: brown_enrichr_KEGG_2021_Human.pdf
[Enrichr] Plot saved: brown_enrichr_GWAS_Catalog_2025.pdf

--- Summary plots (pvalue) ---
[plot] Saved: Summary_Enrichr_GO_Biological_Process_2025_top8_pvalue0.05.pdf
[plot] Saved: Summary_Enrichr_GO_Molecular_Function_2025_top8_pvalue0.05.pdf
[plot] Saved: Summary_Enrichr_GO_Cellular_Component_2025_top8_pvalue0.05.pdf
[plot] Saved: Summary_Enrichr_KEGG_2021_Human_top8_pvalue0.05.pdf
[plot] Saved: Summary_Enrichr_GWAS_Catalog_2025_top8_pvalue0.05.pdf
[plot] Saved: Summary_Enrichr_ClinVar_2025_top8_pvalue0.05.pdf

--- Enriching module: magenta (170 genes) ---
[magenta] Enrichr...
[foreground] input n=170 -> cleaned unique n=170
[foreground] invalid-format count=0
[Enrichr] Attempt 1 of 5 for: magenta
[Enrichr] Saved: magenta_enrichr.xlsx
[Enrichr] Plot saved: magenta_enrichr_GO_Biological_Process_2025.pdf
[Enrichr] Plot saved: magenta_enrichr_GO_Molecular_Function_2025.pdf
[Enrichr] Plot saved: magenta_enrichr_GO_Cellular_Component_2025.pdf
[Enrichr] Plot saved: magenta_enrichr_KEGG_2021_Human.pdf
[Enrichr] Plot saved: magenta_enrichr_GWAS_Catalog_2025.pdf
[Enrichr] Plot saved: magenta_enrichr_ClinVar_2025.pdf

--- Enriching module: yellowgreen (1 genes) ---
[yellowgreen] Enrichr...
[foreground] input n=1 -> cleaned unique n=1
[foreground] invalid-format count=0
[Enrichr] Attempt 1 of 5 for: yellowgreen

--- Enriching module: purple (123 genes) ---
[purple] Enrichr...
[foreground] input n=123 -> cleaned unique n=123
[foreground] invalid-format count=0
[Enrichr] Attempt 1 of 5 for: purple
[Enrichr] Saved: purple_enrichr.xlsx
[Enrichr] Plot saved: purple_enrichr_GO_Biological_Process_2025.pdf
[Enrichr] Plot saved: purple_enrichr_GO_Molecular_Function_2025.pdf
[Enrichr] Plot saved: purple_enrichr_GO_Cellular_Component_2025.pdf
[Enrichr] Plot saved: purple_enrichr_KEGG_2021_Human.pdf
[Enrichr] Plot saved: purple_enrichr_GWAS_Catalog_2025.pdf
[Enrichr] Plot saved: purple_enrichr_ClinVar_2025.pdf

--- Enriching module: brown (8591 genes) ---
[brown] Enrichr...
[foreground] input n=8591 -> cleaned unique n=8591
[foreground] invalid-format count=0
[Enrichr] Attempt 1 of 5 for: brown
[Enrichr] Saved: brown_enrichr.xlsx
[Enrichr] Plot saved: brown_enrichr_GO_Biological_Process_2025.pdf
[Enrichr] Plot saved: brown_enrichr_GO_Molecular_Function_2025.pdf
[Enrichr] Plot saved: brown_enrichr_GO_Cellular_Component_2025.pdf
[Enrichr] Plot saved: brown_enrichr_KEGG_2021_Human.pdf
[Enrichr] Plot saved: brown_enrichr_GWAS_Catalog_2025.pdf
[Enrichr] Plot saved: brown_enrichr_ClinVar_2025.pdf

--- Enriching module: tan (101 genes) ---
[tan] Enrichr...
[foreground] input n=101 -> cleaned unique n=101
[foreground] invalid-format count=0
[Enrichr] Attempt 1 of 5 for: tan
[Enrichr] Saved: tan_enrichr.xlsx
[Enrichr] Plot saved: tan_enrichr_GO_Biological_Process_2025.pdf
[Enrichr] Plot saved: tan_enrichr_GO_Molecular_Function_2025.pdf
[Enrichr] Plot saved: tan_enrichr_GO_Cellular_Component_2025.pdf
[Enrichr] Plot saved: tan_enrichr_KEGG_2021_Human.pdf
[Enrichr] Plot saved: tan_enrichr_GWAS_Catalog_2025.pdf
[Enrichr] Plot saved: tan_enrichr_ClinVar_2025.pdf

--- Enriching module: steelblue (13 genes) ---
[steelblue] Enrichr...
[foreground] input n=13 -> cleaned unique n=13
[foreground] invalid-format count=0
[Enrichr] Attempt 1 of 5 for: steelblue
[Enrichr] Saved: steelblue_enrichr.xlsx
[Enrichr] Plot saved: steelblue_enrichr_GO_Biological_Process_2025.pdf
[Enrichr] Plot saved: steelblue_enrichr_GO_Molecular_Function_2025.pdf
[Enrichr] Plot saved: steelblue_enrichr_GO_Cellular_Component_2025.pdf
[Enrichr] Plot saved: steelblue_enrichr_KEGG_2021_Human.pdf
[Enrichr] Plot saved: steelblue_enrichr_GWAS_Catalog_2025.pdf

--- Enriching module: white (22 genes) ---
[white] Enrichr...
[foreground] input n=22 -> cleaned unique n=22
[foreground] invalid-format count=0
[Enrichr] Attempt 1 of 5 for: white
[Enrichr] Saved: white_enrichr.xlsx
[Enrichr] Plot saved: white_enrichr_GO_Biological_Process_2025.pdf
[Enrichr] Plot saved: white_enrichr_GO_Molecular_Function_2025.pdf
[Enrichr] Plot saved: white_enrichr_GO_Cellular_Component_2025.pdf
[Enrichr] Plot saved: white_enrichr_KEGG_2021_Human.pdf
[Enrichr] Plot saved: white_enrichr_GWAS_Catalog_2025.pdf
[Enrichr] Plot saved: white_enrichr_ClinVar_2025.pdf

--- Enriching module: salmon (40 genes) ---
[salmon] Enrichr...
[foreground] input n=40 -> cleaned unique n=40
[foreground] invalid-format count=0
[Enrichr] Attempt 1 of 5 for: salmon
[Enrichr] Saved: salmon_enrichr.xlsx
[Enrichr] Plot saved: salmon_enrichr_GO_Biological_Process_2025.pdf
[Enrichr] Plot saved: salmon_enrichr_GO_Molecular_Function_2025.pdf
[Enrichr] Plot saved: salmon_enrichr_GO_Cellular_Component_2025.pdf
[Enrichr] Plot saved: salmon_enrichr_KEGG_2021_Human.pdf
[Enrichr] Plot saved: salmon_enrichr_GWAS_Catalog_2025.pdf
[Enrichr] Plot saved: salmon_enrichr_ClinVar_2025.pdf

--- Enriching module: darkolivegreen (1 genes) ---
[darkolivegreen] Enrichr...
[foreground] input n=1 -> cleaned unique n=1
[foreground] invalid-format count=0
[Enrichr] Attempt 1 of 5 for: darkolivegreen
[Enrichr] Saved: darkolivegreen_enrichr.xlsx
[Enrichr] Plot saved: darkolivegreen_enrichr_GO_Biological_Process_2025.pdf
[Enrichr] Plot saved: darkolivegreen_enrichr_GO_Molecular_Function_2025.pdf
[Enrichr] Plot saved: darkolivegreen_enrichr_GWAS_Catalog_2025.pdf

--- Enriching module: darkmagenta (1 genes) ---
[darkmagenta] Enrichr...
[foreground] input n=1 -> cleaned unique n=1
[foreground] invalid-format count=0
[Enrichr] Attempt 1 of 5 for: darkmagenta

--- Enriching module: darkgrey (47 genes) ---
[darkgrey] Enrichr...
[foreground] input n=47 -> cleaned unique n=47
[foreground] invalid-format count=0
[Enrichr] Attempt 1 of 5 for: darkgrey
[Enrichr] Saved: darkgrey_enrichr.xlsx
[Enrichr] Plot saved: darkgrey_enrichr_GO_Biological_Process_2025.pdf
[Enrichr] Plot saved: darkgrey_enrichr_GO_Molecular_Function_2025.pdf
[Enrichr] Plot saved: darkgrey_enrichr_GO_Cellular_Component_2025.pdf
[Enrichr] Plot saved: darkgrey_enrichr_KEGG_2021_Human.pdf
[Enrichr] Plot saved: darkgrey_enrichr_GWAS_Catalog_2025.pdf
[Enrichr] Plot saved: darkgrey_enrichr_ClinVar_2025.pdf

--- Enriching module: yellow (6771 genes) ---
[yellow] Enrichr...
[foreground] input n=6771 -> cleaned unique n=6771
[foreground] invalid-format count=0
[Enrichr] Attempt 1 of 5 for: yellow
[Enrichr] Saved: yellow_enrichr.xlsx
[Enrichr] Plot saved: yellow_enrichr_GO_Biological_Process_2025.pdf
[Enrichr] Plot saved: yellow_enrichr_GO_Molecular_Function_2025.pdf
[Enrichr] Plot saved: yellow_enrichr_GO_Cellular_Component_2025.pdf
[Enrichr] Plot saved: yellow_enrichr_KEGG_2021_Human.pdf
[Enrichr] Plot saved: yellow_enrichr_GWAS_Catalog_2025.pdf
[Enrichr] Plot saved: yellow_enrichr_ClinVar_2025.pdf

--- Enriching module: lightgreen (29 genes) ---
[lightgreen] Enrichr...
[foreground] input n=29 -> cleaned unique n=29
[foreground] invalid-format count=0
[Enrichr] Attempt 1 of 5 for: lightgreen
[Enrichr] Saved: lightgreen_enrichr.xlsx
[Enrichr] Plot saved: lightgreen_enrichr_GO_Biological_Process_2025.pdf
[Enrichr] Plot saved: lightgreen_enrichr_GO_Molecular_Function_2025.pdf
[Enrichr] Plot saved: lightgreen_enrichr_GO_Cellular_Component_2025.pdf
[Enrichr] Plot saved: lightgreen_enrichr_KEGG_2021_Human.pdf
[Enrichr] Plot saved: lightgreen_enrichr_GWAS_Catalog_2025.pdf
[Enrichr] Plot saved: lightgreen_enrichr_ClinVar_2025.pdf

--- Enriching module: sienna3 (1 genes) ---
[sienna3] Enrichr...
[foreground] input n=1 -> cleaned unique n=1
[foreground] invalid-format count=0
[Enrichr] Attempt 1 of 5 for: sienna3

--- Enriching module: greenyellow (139 genes) ---
[greenyellow] Enrichr...
[foreground] input n=139 -> cleaned unique n=139
[foreground] invalid-format count=0
[Enrichr] Attempt 1 of 5 for: greenyellow
[Enrichr] Saved: greenyellow_enrichr.xlsx
[Enrichr] Plot saved: greenyellow_enrichr_GO_Biological_Process_2025.pdf
[Enrichr] Plot saved: greenyellow_enrichr_GO_Molecular_Function_2025.pdf
[Enrichr] Plot saved: greenyellow_enrichr_GO_Cellular_Component_2025.pdf
[Enrichr] Plot saved: greenyellow_enrichr_KEGG_2021_Human.pdf
[Enrichr] Plot saved: greenyellow_enrichr_GWAS_Catalog_2025.pdf
[Enrichr] Plot saved: greenyellow_enrichr_ClinVar_2025.pdf

--- Summary plots (pvalue) ---
[plot] Saved: Summary_Enrichr_GO_Biological_Process_2025_top8_pvalue0.05.pdf
[plot] Saved: Summary_Enrichr_GO_Molecular_Function_2025_top8_pvalue0.05.pdf
[plot] Saved: Summary_Enrichr_GO_Cellular_Component_2025_top8_pvalue0.05.pdf
[plot] Saved: Summary_Enrichr_KEGG_2021_Human_top8_pvalue0.05.pdf
[plot] Saved: Summary_Enrichr_GWAS_Catalog_2025_top8_pvalue0.05.pdf
[plot] Saved: Summary_Enrichr_ClinVar_2025_top8_pvalue0.05.pdf

======================================================
Running config [list: 10_puberty_and_menarche_variables]
======================================================

--- Enriching module: purple (2 genes) ---
[purple] Enrichr...
[foreground] input n=2 -> cleaned unique n=2
[foreground] invalid-format count=0
[Enrichr] Attempt 1 of 5 for: purple
[Enrichr] Saved: purple_enrichr.xlsx
[Enrichr] Plot saved: purple_enrichr_GO_Biological_Process_2025.pdf
[Enrichr] Plot saved: purple_enrichr_GO_Molecular_Function_2025.pdf
[Enrichr] Plot saved: purple_enrichr_GO_Cellular_Component_2025.pdf
[Enrichr] Plot saved: purple_enrichr_KEGG_2021_Human.pdf
[Enrichr] Plot saved: purple_enrichr_GWAS_Catalog_2025.pdf
[Enrichr] Plot saved: purple_enrichr_ClinVar_2025.pdf

--- Enriching module: lightcyan (2 genes) ---
[lightcyan] Enrichr...
[foreground] input n=2 -> cleaned unique n=2
[foreground] invalid-format count=0
[Enrichr] Attempt 1 of 5 for: lightcyan
[Enrichr] Saved: lightcyan_enrichr.xlsx
[Enrichr] Plot saved: lightcyan_enrichr_GO_Biological_Process_2025.pdf
[Enrichr] Plot saved: lightcyan_enrichr_GO_Molecular_Function_2025.pdf
[Enrichr] Plot saved: lightcyan_enrichr_KEGG_2021_Human.pdf
[Enrichr] Plot saved: lightcyan_enrichr_GWAS_Catalog_2025.pdf
[Enrichr] Plot saved: lightcyan_enrichr_ClinVar_2025.pdf

--- Enriching module: blue (2 genes) ---
[blue] Enrichr...
[foreground] input n=2 -> cleaned unique n=2
[foreground] invalid-format count=0
[Enrichr] Attempt 1 of 5 for: blue
[Enrichr] Saved: blue_enrichr.xlsx
[Enrichr] Plot saved: blue_enrichr_GO_Biological_Process_2025.pdf
[Enrichr] Plot saved: blue_enrichr_GO_Molecular_Function_2025.pdf
[Enrichr] Plot saved: blue_enrichr_GO_Cellular_Component_2025.pdf
[Enrichr] Plot saved: blue_enrichr_KEGG_2021_Human.pdf
[Enrichr] Plot saved: blue_enrichr_GWAS_Catalog_2025.pdf
[Enrichr] Plot saved: blue_enrichr_ClinVar_2025.pdf

--- Enriching module: darkslateblue (1 genes) ---
[darkslateblue] Enrichr...
[foreground] input n=1 -> cleaned unique n=1
[foreground] invalid-format count=0
[Enrichr] Attempt 1 of 5 for: darkslateblue

--- Enriching module: brown4 (2 genes) ---
[brown4] Enrichr...
[foreground] input n=2 -> cleaned unique n=2
[foreground] invalid-format count=0
[Enrichr] Attempt 1 of 5 for: brown4
[Enrichr] Saved: brown4_enrichr.xlsx
[Enrichr] Plot saved: brown4_enrichr_GO_Biological_Process_2025.pdf
[Enrichr] Plot saved: brown4_enrichr_GO_Molecular_Function_2025.pdf
[Enrichr] Plot saved: brown4_enrichr_GO_Cellular_Component_2025.pdf
[Enrichr] Plot saved: brown4_enrichr_KEGG_2021_Human.pdf

--- Enriching module: navajowhite2 (1 genes) ---
[navajowhite2] Enrichr...
[foreground] input n=1 -> cleaned unique n=1
[foreground] invalid-format count=0
[Enrichr] Attempt 1 of 5 for: navajowhite2
[Enrichr] Saved: navajowhite2_enrichr.xlsx
[Enrichr] Plot saved: navajowhite2_enrichr_GO_Biological_Process_2025.pdf
[Enrichr] Plot saved: navajowhite2_enrichr_GO_Cellular_Component_2025.pdf
[Enrichr] Plot saved: navajowhite2_enrichr_GWAS_Catalog_2025.pdf

--- Summary plots (pvalue) ---
[plot] Saved: Summary_Enrichr_GO_Biological_Process_2025_top8_pvalue0.05.pdf
[plot] Saved: Summary_Enrichr_GO_Molecular_Function_2025_top8_pvalue0.05.pdf
[plot] Saved: Summary_Enrichr_GO_Cellular_Component_2025_top8_pvalue0.05.pdf
[plot] Saved: Summary_Enrichr_KEGG_2021_Human_top8_pvalue0.05.pdf
[plot] Saved: Summary_Enrichr_GWAS_Catalog_2025_top8_pvalue0.05.pdf
[plot] Saved: Summary_Enrichr_ClinVar_2025_top8_pvalue0.05.pdf

--- Enriching module: magenta (170 genes) ---
[magenta] Enrichr...
[foreground] input n=170 -> cleaned unique n=170
[foreground] invalid-format count=0
[Enrichr] Attempt 1 of 5 for: magenta
[Enrichr] Saved: magenta_enrichr.xlsx
[Enrichr] Plot saved: magenta_enrichr_GO_Biological_Process_2025.pdf
[Enrichr] Plot saved: magenta_enrichr_GO_Molecular_Function_2025.pdf
[Enrichr] Plot saved: magenta_enrichr_GO_Cellular_Component_2025.pdf
[Enrichr] Plot saved: magenta_enrichr_KEGG_2021_Human.pdf
[Enrichr] Plot saved: magenta_enrichr_GWAS_Catalog_2025.pdf
[Enrichr] Plot saved: magenta_enrichr_ClinVar_2025.pdf

--- Enriching module: purple (123 genes) ---
[purple] Enrichr...
[foreground] input n=123 -> cleaned unique n=123
[foreground] invalid-format count=0
[Enrichr] Attempt 1 of 5 for: purple
[Enrichr] Saved: purple_enrichr.xlsx
[Enrichr] Plot saved: purple_enrichr_GO_Biological_Process_2025.pdf
[Enrichr] Plot saved: purple_enrichr_GO_Molecular_Function_2025.pdf
[Enrichr] Plot saved: purple_enrichr_GO_Cellular_Component_2025.pdf
[Enrichr] Plot saved: purple_enrichr_KEGG_2021_Human.pdf
[Enrichr] Plot saved: purple_enrichr_GWAS_Catalog_2025.pdf
[Enrichr] Plot saved: purple_enrichr_ClinVar_2025.pdf

--- Enriching module: brown (8591 genes) ---
[brown] Enrichr...
[foreground] input n=8591 -> cleaned unique n=8591
[foreground] invalid-format count=0
[Enrichr] Attempt 1 of 5 for: brown
[Enrichr] Saved: brown_enrichr.xlsx
[Enrichr] Plot saved: brown_enrichr_GO_Biological_Process_2025.pdf
[Enrichr] Plot saved: brown_enrichr_GO_Molecular_Function_2025.pdf
[Enrichr] Plot saved: brown_enrichr_GO_Cellular_Component_2025.pdf
[Enrichr] Plot saved: brown_enrichr_KEGG_2021_Human.pdf
[Enrichr] Plot saved: brown_enrichr_GWAS_Catalog_2025.pdf
[Enrichr] Plot saved: brown_enrichr_ClinVar_2025.pdf

--- Enriching module: tan (101 genes) ---
[tan] Enrichr...
[foreground] input n=101 -> cleaned unique n=101
[foreground] invalid-format count=0
[Enrichr] Attempt 1 of 5 for: tan
[Enrichr] Saved: tan_enrichr.xlsx
[Enrichr] Plot saved: tan_enrichr_GO_Biological_Process_2025.pdf
[Enrichr] Plot saved: tan_enrichr_GO_Molecular_Function_2025.pdf
[Enrichr] Plot saved: tan_enrichr_GO_Cellular_Component_2025.pdf
[Enrichr] Plot saved: tan_enrichr_KEGG_2021_Human.pdf
[Enrichr] Plot saved: tan_enrichr_GWAS_Catalog_2025.pdf
[Enrichr] Plot saved: tan_enrichr_ClinVar_2025.pdf

--- Enriching module: darkorange (9 genes) ---
[darkorange] Enrichr...
[foreground] input n=9 -> cleaned unique n=9
[foreground] invalid-format count=0
[Enrichr] Attempt 1 of 5 for: darkorange
[Enrichr] Saved: darkorange_enrichr.xlsx
[Enrichr] Plot saved: darkorange_enrichr_GO_Biological_Process_2025.pdf
[Enrichr] Plot saved: darkorange_enrichr_GO_Molecular_Function_2025.pdf
[Enrichr] Plot saved: darkorange_enrichr_GO_Cellular_Component_2025.pdf
[Enrichr] Plot saved: darkorange_enrichr_KEGG_2021_Human.pdf
[Enrichr] Plot saved: darkorange_enrichr_GWAS_Catalog_2025.pdf

--- Enriching module: cyan (55 genes) ---
[cyan] Enrichr...
[foreground] input n=55 -> cleaned unique n=55
[foreground] invalid-format count=0
[Enrichr] Attempt 1 of 5 for: cyan
[Enrichr] Saved: cyan_enrichr.xlsx
[Enrichr] Plot saved: cyan_enrichr_GO_Biological_Process_2025.pdf
[Enrichr] Plot saved: cyan_enrichr_GO_Molecular_Function_2025.pdf
[Enrichr] Plot saved: cyan_enrichr_GO_Cellular_Component_2025.pdf
[Enrichr] Plot saved: cyan_enrichr_KEGG_2021_Human.pdf
[Enrichr] Plot saved: cyan_enrichr_GWAS_Catalog_2025.pdf
[Enrichr] Plot saved: cyan_enrichr_ClinVar_2025.pdf

--- Enriching module: salmon (40 genes) ---
[salmon] Enrichr...
[foreground] input n=40 -> cleaned unique n=40
[foreground] invalid-format count=0
[Enrichr] Attempt 1 of 5 for: salmon
[Enrichr] Saved: salmon_enrichr.xlsx
[Enrichr] Plot saved: salmon_enrichr_GO_Biological_Process_2025.pdf
[Enrichr] Plot saved: salmon_enrichr_GO_Molecular_Function_2025.pdf
[Enrichr] Plot saved: salmon_enrichr_GO_Cellular_Component_2025.pdf
[Enrichr] Plot saved: salmon_enrichr_KEGG_2021_Human.pdf
[Enrichr] Plot saved: salmon_enrichr_GWAS_Catalog_2025.pdf
[Enrichr] Plot saved: salmon_enrichr_ClinVar_2025.pdf

--- Enriching module: darkmagenta (1 genes) ---
[darkmagenta] Enrichr...
[foreground] input n=1 -> cleaned unique n=1
[foreground] invalid-format count=0
[Enrichr] Attempt 1 of 5 for: darkmagenta

--- Enriching module: darkgrey (47 genes) ---
[darkgrey] Enrichr...
[foreground] input n=47 -> cleaned unique n=47
[foreground] invalid-format count=0
[Enrichr] Attempt 1 of 5 for: darkgrey
[Enrichr] Saved: darkgrey_enrichr.xlsx
[Enrichr] Plot saved: darkgrey_enrichr_GO_Biological_Process_2025.pdf
[Enrichr] Plot saved: darkgrey_enrichr_GO_Molecular_Function_2025.pdf
[Enrichr] Plot saved: darkgrey_enrichr_GO_Cellular_Component_2025.pdf
[Enrichr] Plot saved: darkgrey_enrichr_KEGG_2021_Human.pdf
[Enrichr] Plot saved: darkgrey_enrichr_GWAS_Catalog_2025.pdf
[Enrichr] Plot saved: darkgrey_enrichr_ClinVar_2025.pdf

--- Enriching module: yellow (6771 genes) ---
[yellow] Enrichr...
[foreground] input n=6771 -> cleaned unique n=6771
[foreground] invalid-format count=0
[Enrichr] Attempt 1 of 5 for: yellow
[Enrichr] Saved: yellow_enrichr.xlsx
[Enrichr] Plot saved: yellow_enrichr_GO_Biological_Process_2025.pdf
[Enrichr] Plot saved: yellow_enrichr_GO_Molecular_Function_2025.pdf
[Enrichr] Plot saved: yellow_enrichr_GO_Cellular_Component_2025.pdf
[Enrichr] Plot saved: yellow_enrichr_KEGG_2021_Human.pdf
[Enrichr] Plot saved: yellow_enrichr_GWAS_Catalog_2025.pdf
[Enrichr] Plot saved: yellow_enrichr_ClinVar_2025.pdf

--- Enriching module: greenyellow (139 genes) ---
[greenyellow] Enrichr...
[foreground] input n=139 -> cleaned unique n=139
[foreground] invalid-format count=0
[Enrichr] Attempt 1 of 5 for: greenyellow
[Enrichr] Saved: greenyellow_enrichr.xlsx
[Enrichr] Plot saved: greenyellow_enrichr_GO_Biological_Process_2025.pdf
[Enrichr] Plot saved: greenyellow_enrichr_GO_Molecular_Function_2025.pdf
[Enrichr] Plot saved: greenyellow_enrichr_GO_Cellular_Component_2025.pdf
[Enrichr] Plot saved: greenyellow_enrichr_KEGG_2021_Human.pdf
[Enrichr] Plot saved: greenyellow_enrichr_GWAS_Catalog_2025.pdf
[Enrichr] Plot saved: greenyellow_enrichr_ClinVar_2025.pdf

--- Enriching module: saddlebrown (14 genes) ---
[saddlebrown] Enrichr...
[foreground] input n=14 -> cleaned unique n=14
[foreground] invalid-format count=0
[Enrichr] Attempt 1 of 5 for: saddlebrown
[Enrichr] Saved: saddlebrown_enrichr.xlsx
[Enrichr] Plot saved: saddlebrown_enrichr_GO_Biological_Process_2025.pdf
[Enrichr] Plot saved: saddlebrown_enrichr_GO_Molecular_Function_2025.pdf
[Enrichr] Plot saved: saddlebrown_enrichr_GO_Cellular_Component_2025.pdf
[Enrichr] Plot saved: saddlebrown_enrichr_KEGG_2021_Human.pdf
[Enrichr] Plot saved: saddlebrown_enrichr_GWAS_Catalog_2025.pdf
[Enrichr] Plot saved: saddlebrown_enrichr_ClinVar_2025.pdf

--- Summary plots (pvalue) ---
[plot] Saved: Summary_Enrichr_GO_Biological_Process_2025_top8_pvalue0.05.pdf
[plot] Saved: Summary_Enrichr_GO_Molecular_Function_2025_top8_pvalue0.05.pdf
[plot] Saved: Summary_Enrichr_GO_Cellular_Component_2025_top8_pvalue0.05.pdf
[plot] Saved: Summary_Enrichr_KEGG_2021_Human_top8_pvalue0.05.pdf
[plot] Saved: Summary_Enrichr_GWAS_Catalog_2025_top8_pvalue0.05.pdf
[plot] Saved: Summary_Enrichr_ClinVar_2025_top8_pvalue0.05.pdf

======================================================
Running config [list: 11_breast_cancer_outcomes]
======================================================

--- Enriching module: floralwhite (2 genes) ---
[floralwhite] Enrichr...
[foreground] input n=2 -> cleaned unique n=2
[foreground] invalid-format count=0
[Enrichr] Attempt 1 of 5 for: floralwhite
[Enrichr] Saved: floralwhite_enrichr.xlsx
[Enrichr] Plot saved: floralwhite_enrichr_GO_Biological_Process_2025.pdf
[Enrichr] Plot saved: floralwhite_enrichr_GO_Molecular_Function_2025.pdf
[Enrichr] Plot saved: floralwhite_enrichr_GO_Cellular_Component_2025.pdf
[Enrichr] Plot saved: floralwhite_enrichr_GWAS_Catalog_2025.pdf

--- Enriching module: yellow4 (2 genes) ---
[yellow4] Enrichr...
[foreground] input n=2 -> cleaned unique n=2
[foreground] invalid-format count=0
[Enrichr] Attempt 1 of 5 for: yellow4
[Enrichr] Saved: yellow4_enrichr.xlsx
[Enrichr] Plot saved: yellow4_enrichr_GO_Biological_Process_2025.pdf
[Enrichr] Plot saved: yellow4_enrichr_GO_Molecular_Function_2025.pdf
[Enrichr] Plot saved: yellow4_enrichr_GO_Cellular_Component_2025.pdf
[Enrichr] Plot saved: yellow4_enrichr_GWAS_Catalog_2025.pdf

--- Enriching module: navajowhite2 (1 genes) ---
[navajowhite2] Enrichr...
[foreground] input n=1 -> cleaned unique n=1
[foreground] invalid-format count=0
[Enrichr] Attempt 1 of 5 for: navajowhite2
[Enrichr] Saved: navajowhite2_enrichr.xlsx
[Enrichr] Plot saved: navajowhite2_enrichr_GO_Biological_Process_2025.pdf
[Enrichr] Plot saved: navajowhite2_enrichr_GO_Cellular_Component_2025.pdf
[Enrichr] Plot saved: navajowhite2_enrichr_GWAS_Catalog_2025.pdf

--- Enriching module: orange (1 genes) ---
[orange] Enrichr...
[foreground] input n=1 -> cleaned unique n=1
[foreground] invalid-format count=0
[Enrichr] Attempt 1 of 5 for: orange
[Enrichr] Saved: orange_enrichr.xlsx
[Enrichr] Plot saved: orange_enrichr_GO_Biological_Process_2025.pdf
[Enrichr] Plot saved: orange_enrichr_GO_Molecular_Function_2025.pdf
[Enrichr] Plot saved: orange_enrichr_GO_Cellular_Component_2025.pdf
[Enrichr] Plot saved: orange_enrichr_KEGG_2021_Human.pdf
[Enrichr] Plot saved: orange_enrichr_GWAS_Catalog_2025.pdf

--- Enriching module: lavenderblush3 (2 genes) ---
[lavenderblush3] Enrichr...
[foreground] input n=2 -> cleaned unique n=2
[foreground] invalid-format count=0
[Enrichr] Attempt 1 of 5 for: lavenderblush3
[Enrichr] Saved: lavenderblush3_enrichr.xlsx
[Enrichr] Plot saved: lavenderblush3_enrichr_GWAS_Catalog_2025.pdf

--- Enriching module: lightsteelblue1 (2 genes) ---
[lightsteelblue1] Enrichr...
[foreground] input n=2 -> cleaned unique n=2
[foreground] invalid-format count=0
[Enrichr] Attempt 1 of 5 for: lightsteelblue1
[Enrichr] Saved: lightsteelblue1_enrichr.xlsx
[Enrichr] Plot saved: lightsteelblue1_enrichr_GO_Biological_Process_2025.pdf
[Enrichr] Plot saved: lightsteelblue1_enrichr_GO_Molecular_Function_2025.pdf
[Enrichr] Plot saved: lightsteelblue1_enrichr_KEGG_2021_Human.pdf
[Enrichr] Plot saved: lightsteelblue1_enrichr_GWAS_Catalog_2025.pdf

--- Summary plots (pvalue) ---
[plot] Saved: Summary_Enrichr_GO_Biological_Process_2025_top8_pvalue0.05.pdf
[plot] Saved: Summary_Enrichr_GO_Molecular_Function_2025_top8_pvalue0.05.pdf
[plot] Saved: Summary_Enrichr_GO_Cellular_Component_2025_top8_pvalue0.05.pdf
[plot] Saved: Summary_Enrichr_KEGG_2021_Human_top8_pvalue0.05.pdf
[plot] Saved: Summary_Enrichr_GWAS_Catalog_2025_top8_pvalue0.05.pdf
[plot_enrichr] No data for DB: ClinVar_2025

--- Enriching module: royalblue (31 genes) ---
[royalblue] Enrichr...
[foreground] input n=31 -> cleaned unique n=31
[foreground] invalid-format count=0
[Enrichr] Attempt 1 of 5 for: royalblue
[Enrichr] Saved: royalblue_enrichr.xlsx
[Enrichr] Plot saved: royalblue_enrichr_GO_Biological_Process_2025.pdf
[Enrichr] Plot saved: royalblue_enrichr_GO_Molecular_Function_2025.pdf
[Enrichr] Plot saved: royalblue_enrichr_GO_Cellular_Component_2025.pdf
[Enrichr] Plot saved: royalblue_enrichr_KEGG_2021_Human.pdf
[Enrichr] Plot saved: royalblue_enrichr_GWAS_Catalog_2025.pdf
[Enrichr] Plot saved: royalblue_enrichr_ClinVar_2025.pdf

--- Enriching module: salmon (40 genes) ---
[salmon] Enrichr...
[foreground] input n=40 -> cleaned unique n=40
[foreground] invalid-format count=0
[Enrichr] Attempt 1 of 5 for: salmon
[Enrichr] Saved: salmon_enrichr.xlsx
[Enrichr] Plot saved: salmon_enrichr_GO_Biological_Process_2025.pdf
[Enrichr] Plot saved: salmon_enrichr_GO_Molecular_Function_2025.pdf
[Enrichr] Plot saved: salmon_enrichr_GO_Cellular_Component_2025.pdf
[Enrichr] Plot saved: salmon_enrichr_KEGG_2021_Human.pdf
[Enrichr] Plot saved: salmon_enrichr_GWAS_Catalog_2025.pdf
[Enrichr] Plot saved: salmon_enrichr_ClinVar_2025.pdf

--- Summary plots (pvalue) ---
[plot] Saved: Summary_Enrichr_GO_Biological_Process_2025_top8_pvalue0.05.pdf
[plot] Saved: Summary_Enrichr_GO_Molecular_Function_2025_top8_pvalue0.05.pdf
[plot] Saved: Summary_Enrichr_GO_Cellular_Component_2025_top8_pvalue0.05.pdf
[plot] Saved: Summary_Enrichr_KEGG_2021_Human_top8_pvalue0.05.pdf
[plot] Saved: Summary_Enrichr_GWAS_Catalog_2025_top8_pvalue0.05.pdf
[plot] Saved: Summary_Enrichr_ClinVar_2025_top8_pvalue0.05.pdf
There were 50 or more warnings (use warnings() to see the first 50)


Starting Script 04
Output directory: /quobyte/lasallegrp/projects/CHDS/WGBS/2025_intergen_BrCa_comethyl_George/comethyl_output/04_pc_diagnostics/cov3_75pct/covMin10_methSD0p07
Loaded methylation matrix: 465397 regions x 173 samples
[readSampleInfo] Reading sample info: /quobyte/lasallegrp/projects/CHDS/WGBS/2025_intergen_BrCa_comethyl_George/data/metadata/Intergen173.xlsx
[readSampleInfo] No sample_id_col provided; using existing rownames.
[readSampleInfo] First 6 rownames used as sample IDs:
After alignment: 465397 regions x 173 samples
Numeric trait columns retained for diagnostics: 45
[readTraitFile] Loaded 1 traits from: /quobyte/lasallegrp/projects/CHDS/WGBS/2025_intergen_BrCa_comethyl_George/config/protected_traits.txt
[readTraitFile] Loaded 3 traits from: /quobyte/lasallegrp/projects/CHDS/WGBS/2025_intergen_BrCa_comethyl_George/config/technical_traits.txt
[resolveTraits] protected_traits: requested = 1, found = 1, missing = 0
[resolveTraits] technical_traits: requested = 3, found = 0, missing = 3
Using protected traits in SVA model matrix: black_race
[getPCs_generic] Determining number of PCs using sva::num.sv
[2026-06-04T16:28:58.158] error: *** JOB 14934780 ON hive-dc-7-7-30 CANCELLED AT 2026-06-04T16:28:58 DUE TO PREEMPTION ***


Starting Script 04
Output directory: /quobyte/lasallegrp/projects/CHDS/WGBS/2025_intergen_BrCa_comethyl_George/comethyl_output/04_pc_diagnostics/cov3_75pct/covMin10_methSD0p07
Loaded methylation matrix: 465397 regions x 173 samples
[readSampleInfo] Reading sample info: /quobyte/lasallegrp/projects/CHDS/WGBS/2025_intergen_BrCa_comethyl_George/data/metadata/Intergen173.xlsx
[readSampleInfo] No sample_id_col provided; using existing rownames.
[readSampleInfo] First 6 rownames used as sample IDs:
After alignment: 465397 regions x 173 samples
Numeric trait columns retained for diagnostics: 45
[readTraitFile] Loaded 1 traits from: /quobyte/lasallegrp/projects/CHDS/WGBS/2025_intergen_BrCa_comethyl_George/config/protected_traits.txt
[readTraitFile] Loaded 3 traits from: /quobyte/lasallegrp/projects/CHDS/WGBS/2025_intergen_BrCa_comethyl_George/config/technical_traits.txt
[resolveTraits] protected_traits: requested = 1, found = 1, missing = 0
[resolveTraits] technical_traits: requested = 3, found = 0, missing = 3
Using protected traits in SVA model matrix: black_race
[getPCs_generic] Determining number of PCs using sva::num.sv
[getPCs_generic] num.sv selected 33 PCs as surrogate variables
PC matrix dimensions: 173 samples x 33 PCs
Surrogate variables (num.sv): PC_1 through PC_33
Saved variance explained plot: /quobyte/lasallegrp/projects/CHDS/WGBS/2025_intergen_BrCa_comethyl_George/comethyl_output/04_pc_diagnostics/cov3_75pct/covMin10_methSD0p07/Variance_Explained_Top20_PCs.pdf
[getMEtraitCor] Testing associations between module eigennodes and sample traits using pearson correlation
[getMEtraitCor] Saving file as /quobyte/lasallegrp/projects/CHDS/WGBS/2025_intergen_BrCa_comethyl_George/comethyl_output/04_pc_diagnostics/cov3_75pct/covMin10_methSD0p07/PC_Trait_Correlation_Stats_Pearson.tsv
[getMEtraitCor] Testing associations between module eigennodes and sample traits using bicor correlation
[getMEtraitCor] Saving file as /quobyte/lasallegrp/projects/CHDS/WGBS/2025_intergen_BrCa_comethyl_George/comethyl_output/04_pc_diagnostics/cov3_75pct/covMin10_methSD0p07/PC_Trait_Correlation_Stats_Bicor.tsv
[plotMEtraitCor_pub] corType = bicor
[plotMEtraitCor_pub] autoSize -> width=7.78, height=5.00 (nX=33,nY=1)
[plotMEtraitCor_pub] corType = bicor
[plotMEtraitCor_pub] autoSize -> width=7.78, height=9.70 (nX=33,nY=45)
[plotMEtraitCor_pub] corType = bicor
[plotMEtraitCor_pub] autoSize -> width=7.78, height=9.70 (nX=33,nY=45)
[plotTraitDendrogramFromPC] Saved: /quobyte/lasallegrp/projects/CHDS/WGBS/2025_intergen_BrCa_comethyl_George/comethyl_output/04_pc_diagnostics/cov3_75pct/covMin10_methSD0p07/Trait_Dendrogram_From_PC_Associations.pdf
Surrogate variables identified by num.sv: 33 (PC_1 through PC_33)
Consensus Script 04 complete: PC derivation and diagnostics finished
Output folder: /quobyte/lasallegrp/projects/CHDS/WGBS/2025_intergen_BrCa_comethyl_George/comethyl_output/04_pc_diagnostics/cov3_75pct/covMin10_methSD0p07
------------------------------------------------------------
[LATENT STRUCTURE SUMMARY]
------------------------------------------------------------
Samples: 173
Selected latent factors for adjustment (num.sv): 33

Returned adjustment matrix: 173 x 33 (samples x selected PCs)

Variance captured by selected PCs: 29.76%

Starting Script 05
Output directory: /quobyte/lasallegrp/projects/CHDS/WGBS/2025_intergen_BrCa_comethyl_George/comethyl_output/05_methylation_adjustment/cov3_75pct/covMin10_methSD0p07
After alignment: meth = 465397 regions x 173 samples; PCs = 173 samples x 33 PCs
[readTraitFile] Loaded 1 traits from: /quobyte/lasallegrp/projects/CHDS/WGBS/2025_intergen_BrCa_comethyl_George/config/protected_traits.txt
[readTraitFile] Loaded 3 traits from: /quobyte/lasallegrp/projects/CHDS/WGBS/2025_intergen_BrCa_comethyl_George/config/technical_traits.txt
[resolveTraits] protected_traits: requested = 1, found = 1, missing = 0
[resolveTraits] technical_traits: requested = 3, found = 0, missing = 3
[adjustRegionMeth] Adjusting region methylation for the top principal components
[adjustRegionMeth] Saving file as /quobyte/lasallegrp/projects/CHDS/WGBS/2025_intergen_BrCa_comethyl_George/comethyl_output/05_methylation_adjustment/cov3_75pct/covMin10_methSD0p07/v1_all_pcs/Adjusted_Region_Methylation_allPCs.rds
✓ v1 complete: adjusted using all PCs (n = 33)
[adjustRegionMeth] Adjusting region methylation for the top principal components
[adjustRegionMeth] Saving file as /quobyte/lasallegrp/projects/CHDS/WGBS/2025_intergen_BrCa_comethyl_George/comethyl_output/05_methylation_adjustment/cov3_75pct/covMin10_methSD0p07/v2_exclude_protected_pcs/Adjusted_Region_Methylation_excluding_protected_PCs_bicor.rds
✓ v2 complete: removed 8 protected-associated PCs; used 25 PCs
Warning message:
Skipping v3: no technical traits were found. 
Script 05 complete: methylation adjustment finished
Starting Script 06
Error: input_v3 not found: /quobyte/lasallegrp/projects/CHDS/WGBS/2025_intergen_BrCa_comethyl_George/comethyl_output/05_methylation_adjustment/cov3_75pct/covMin10_methSD0p07/v3_technical_pcs_only/Adjusted_Region_Methylation_technicalPCs_only.rds
Execution halted


Starting Script 05
Output directory: /quobyte/lasallegrp/projects/CHDS/WGBS/2025_intergen_BrCa_comethyl_George/comethyl_output/05_methylation_adjustment/cov3_75pct/covMin10_methSD0p07
After alignment: meth = 465397 regions x 173 samples; PCs = 173 samples x 33 PCs
[readTraitFile] Loaded 1 traits from: /quobyte/lasallegrp/projects/CHDS/WGBS/2025_intergen_BrCa_comethyl_George/config/protected_traits.txt
[readTraitFile] Loaded 3 traits from: /quobyte/lasallegrp/projects/CHDS/WGBS/2025_intergen_BrCa_comethyl_George/config/technical_traits.txt
[resolveTraits] protected_traits: requested = 1, found = 1, missing = 0
[resolveTraits] technical_traits: requested = 3, found = 0, missing = 3
[adjustRegionMeth] Adjusting region methylation for the top principal components
[adjustRegionMeth] Saving file as /quobyte/lasallegrp/projects/CHDS/WGBS/2025_intergen_BrCa_comethyl_George/comethyl_output/05_methylation_adjustment/cov3_75pct/covMin10_methSD0p07/v1_all_pcs/Adjusted_Region_Methylation_allPCs.rds
✓ v1 complete: adjusted using all PCs (n = 33)
[adjustRegionMeth] Adjusting region methylation for the top principal components
[adjustRegionMeth] Saving file as /quobyte/lasallegrp/projects/CHDS/WGBS/2025_intergen_BrCa_comethyl_George/comethyl_output/05_methylation_adjustment/cov3_75pct/covMin10_methSD0p07/v2_exclude_protected_pcs/Adjusted_Region_Methylation_excluding_protected_PCs_bicor.rds
✓ v2 complete: removed 8 protected-associated PCs; used 25 PCs
Skipping v3 (run_v3 = FALSE)
Script 05 complete: methylation adjustment finished
Starting Script 06
Output directory: /quobyte/lasallegrp/projects/CHDS/WGBS/2025_intergen_BrCa_comethyl_George/comethyl_output/06_soft_power/cov3_75pct/covMin10_methSD0p07

==============================
Running soft power for variant: v1_all_pcs
Correlation method: pearson
==============================

[getSoftPower] Analyzing scale-free topology with pearson correlation to estimate best soft-thresholding power
[getSoftPower] At soft power threshold = 19, fit = 0.913 and mean connectivity = 2.7
[getSoftPower] Saving file as /quobyte/lasallegrp/projects/CHDS/WGBS/2025_intergen_BrCa_comethyl_George/comethyl_output/06_soft_power/cov3_75pct/covMin10_methSD0p07/v1_all_pcs/SoftPower_pearson.rds
[plotSoftPower] Plotting scale-free topology fit and mean connectivity by soft power threshold
[plotSoftPower] Saving plots as /quobyte/lasallegrp/projects/CHDS/WGBS/2025_intergen_BrCa_comethyl_George/comethyl_output/06_soft_power/cov3_75pct/covMin10_methSD0p07/v1_all_pcs/SoftPower_pearson_Plots.pdf
[getDendro] Clustering by euclidean distance
[plotDendro] Plotting dendrogram
[plotDendro] Saving plot as /quobyte/lasallegrp/projects/CHDS/WGBS/2025_intergen_BrCa_comethyl_George/comethyl_output/06_soft_power/cov3_75pct/covMin10_methSD0p07/v1_all_pcs/Sample_Dendrogram_pearson.pdf
✓ Sample dendrogram saved: /quobyte/lasallegrp/projects/CHDS/WGBS/2025_intergen_BrCa_comethyl_George/comethyl_output/06_soft_power/cov3_75pct/covMin10_methSD0p07/v1_all_pcs/Sample_Dendrogram_pearson.pdf
✓ Finished soft-power run for: v1_all_pcs
  RDS: /quobyte/lasallegrp/projects/CHDS/WGBS/2025_intergen_BrCa_comethyl_George/comethyl_output/06_soft_power/cov3_75pct/covMin10_methSD0p07/v1_all_pcs/SoftPower_pearson.rds
  PDF: /quobyte/lasallegrp/projects/CHDS/WGBS/2025_intergen_BrCa_comethyl_George/comethyl_output/06_soft_power/cov3_75pct/covMin10_methSD0p07/v1_all_pcs/SoftPower_pearson_Plots.pdf

==============================
Running soft power for variant: v2_exclude_protected_pcs
Correlation method: pearson
==============================

[getSoftPower] Analyzing scale-free topology with pearson correlation to estimate best soft-thresholding power
[getSoftPower] At soft power threshold = 6, fit = 0.829 and mean connectivity = 9450
[getSoftPower] Saving file as /quobyte/lasallegrp/projects/CHDS/WGBS/2025_intergen_BrCa_comethyl_George/comethyl_output/06_soft_power/cov3_75pct/covMin10_methSD0p07/v2_exclude_protected_pcs/SoftPower_pearson.rds
[plotSoftPower] Plotting scale-free topology fit and mean connectivity by soft power threshold
[plotSoftPower] Saving plots as /quobyte/lasallegrp/projects/CHDS/WGBS/2025_intergen_BrCa_comethyl_George/comethyl_output/06_soft_power/cov3_75pct/covMin10_methSD0p07/v2_exclude_protected_pcs/SoftPower_pearson_Plots.pdf
[getDendro] Clustering by euclidean distance
[plotDendro] Plotting dendrogram
[plotDendro] Saving plot as /quobyte/lasallegrp/projects/CHDS/WGBS/2025_intergen_BrCa_comethyl_George/comethyl_output/06_soft_power/cov3_75pct/covMin10_methSD0p07/v2_exclude_protected_pcs/Sample_Dendrogram_pearson.pdf
✓ Sample dendrogram saved: /quobyte/lasallegrp/projects/CHDS/WGBS/2025_intergen_BrCa_comethyl_George/comethyl_output/06_soft_power/cov3_75pct/covMin10_methSD0p07/v2_exclude_protected_pcs/Sample_Dendrogram_pearson.pdf
✓ Finished soft-power run for: v2_exclude_protected_pcs
  RDS: /quobyte/lasallegrp/projects/CHDS/WGBS/2025_intergen_BrCa_comethyl_George/comethyl_output/06_soft_power/cov3_75pct/covMin10_methSD0p07/v2_exclude_protected_pcs/SoftPower_pearson.rds
  PDF: /quobyte/lasallegrp/projects/CHDS/WGBS/2025_intergen_BrCa_comethyl_George/comethyl_output/06_soft_power/cov3_75pct/covMin10_methSD0p07/v2_exclude_protected_pcs/SoftPower_pearson_Plots.pdf
Script 06 complete: soft power finished
Outputs saved under:
  /quobyte/lasallegrp/projects/CHDS/WGBS/2025_intergen_BrCa_comethyl_George/comethyl_output/06_soft_power/cov3_75pct/covMin10_methSD0p07
Starting Script 07
Output directory: /quobyte/lasallegrp/projects/CHDS/WGBS/2025_intergen_BrCa_comethyl_George/comethyl_output/07_module_detection/cov3_75pct/covMin10_methSD0p07
Loaded regions: 465397 rows

==============================
Running module detection for variant: v1_all_pcs
==============================

[v1_all_pcs] methylation dimensions: 173 regions x 465397 samples
[v1_all_pcs] using powerEstimate = 19
[v1_all_pcs] module correlation = pearson
[getModules] Constructing network and detecting modules in blocks using pearson correlation
[getModules] Assigning modules and calculating module membership using pearson correlation
[getModules] Saving modules as /quobyte/lasallegrp/projects/CHDS/WGBS/2025_intergen_BrCa_comethyl_George/comethyl_output/07_module_detection/cov3_75pct/covMin10_methSD0p07/v1_all_pcs/Modules.rds
[plotRegionDendro] Plotting region dendrograms and modules for each block
[plotRegionDendro] Saving plot as /quobyte/lasallegrp/projects/CHDS/WGBS/2025_intergen_BrCa_comethyl_George/comethyl_output/07_module_detection/cov3_75pct/covMin10_methSD0p07/v1_all_pcs/Region_Dendrograms.pdf
[getModuleBED] Creating bed file of regions annotated with identified modules
[getModuleBED] Excluding regions in grey (unassigned) module
[getModuleBED] Saving file as /quobyte/lasallegrp/projects/CHDS/WGBS/2025_intergen_BrCa_comethyl_George/comethyl_output/07_module_detection/cov3_75pct/covMin10_methSD0p07/v1_all_pcs/Modules.bed
✓ Finished variant: v1_all_pcs
  Modules RDS: /quobyte/lasallegrp/projects/CHDS/WGBS/2025_intergen_BrCa_comethyl_George/comethyl_output/07_module_detection/cov3_75pct/covMin10_methSD0p07/v1_all_pcs/Modules.rds
  Dendrogram:  /quobyte/lasallegrp/projects/CHDS/WGBS/2025_intergen_BrCa_comethyl_George/comethyl_output/07_module_detection/cov3_75pct/covMin10_methSD0p07/v1_all_pcs/Region_Dendrograms.pdf
  BED:         /quobyte/lasallegrp/projects/CHDS/WGBS/2025_intergen_BrCa_comethyl_George/comethyl_output/07_module_detection/cov3_75pct/covMin10_methSD0p07/v1_all_pcs/Modules.bed

==============================
Running module detection for variant: v2_exclude_protected_pcs
==============================

[v2_exclude_protected_pcs] methylation dimensions: 173 regions x 465397 samples
[v2_exclude_protected_pcs] using powerEstimate = 6
[v2_exclude_protected_pcs] module correlation = pearson
[getModules] Constructing network and detecting modules in blocks using pearson correlation
[getModules] Assigning modules and calculating module membership using pearson correlation
[getModules] Saving modules as /quobyte/lasallegrp/projects/CHDS/WGBS/2025_intergen_BrCa_comethyl_George/comethyl_output/07_module_detection/cov3_75pct/covMin10_methSD0p07/v2_exclude_protected_pcs/Modules.rds
[plotRegionDendro] Plotting region dendrograms and modules for each block
[plotRegionDendro] Saving plot as /quobyte/lasallegrp/projects/CHDS/WGBS/2025_intergen_BrCa_comethyl_George/comethyl_output/07_module_detection/cov3_75pct/covMin10_methSD0p07/v2_exclude_protected_pcs/Region_Dendrograms.pdf
Error in rect(trafo1$x, trafo1$y, trafo2$x, trafo2$y, col = as.character(C[,  : 
  invalid color name 'lightsalmon.1'
Calls: plotRegionDendro ... plotOrderedColors -> .plotOrderedColorSubplot -> rect
In addition: Warning messages:
1: In labels2colors(allLabels) :
  labels2colors: Number of labels exceeds number of avilable colors. Some colors will be repeated 3 times.
2: In labels2colors(c(1:nNewColors)) :
  labels2colors: Number of labels exceeds number of avilable colors. Some colors will be repeated 3 times.
Execution halted


Starting Script 07
Output directory: /quobyte/lasallegrp/projects/CHDS/WGBS/2025_intergen_BrCa_comethyl_George/comethyl_output/07_module_detection/cov3_75pct/covMin10_methSD0p07
Loaded regions: 465397 rows

==============================
Running module detection for variant: v1_all_pcs
==============================

[v1_all_pcs] methylation dimensions: 173 regions x 465397 samples
[v1_all_pcs] using powerEstimate = 19
[v1_all_pcs] module correlation = pearson
[getModules] Constructing network and detecting modules in blocks using pearson correlation
